step,t21_forecast,t21_analysis
0,0.10005497187376022,0.07787180691957474
1,0.07910685986280441,0.07903272658586502
2,0.056073591113090515,0.03801558539271355
3,0.04977574571967125,0.042471978813409805
4,0.03965863585472107,0.030390042811632156
5,0.05531884357333183,0.058372583240270615
6,0.0676327496767044,0.04543418437242508
7,0.03723248839378357,0.02450755424797535
8,0.03739979863166809,0.031361859291791916
9,0.04007987678050995,0.029756814241409302
10,0.04761612415313721,0.04113885015249252
11,0.03136742115020752,0.019779013469815254
12,0.009883899241685867,0.005859103985130787
13,0.02527826651930809,0.0003082863986492157
14,0.01769259199500084,-0.010609475895762444
15,0.03065306507050991,0.022992612794041634
16,0.02792411670088768,0.01829621195793152
17,0.04742404446005821,0.03635665401816368
18,0.04421176016330719,0.032687436789274216
19,0.06298937648534775,0.06488784402608871
20,0.058436859399080276,0.05452866479754448
21,0.06141439452767372,0.04569268226623535
22,0.05084122717380524,0.05553866922855377
23,0.051922693848609924,0.0380496084690094
24,0.032238539308309555,0.01547898817807436
25,0.027005476877093315,0.02682524360716343
26,0.04116487503051758,0.03549806773662567
27,0.03152346983551979,0.028487099334597588
28,0.03837089613080025,0.026529116556048393
29,0.02762051671743393,0.019595101475715637
30,0.0225994810461998,0.026885414496064186
31,0.029244234785437584,0.03402402624487877
32,0.03997164964675903,0.028374895453453064
33,0.03188193589448929,0.020844457671046257
34,0.027950545772910118,0.01727074570953846
35,0.04429558292031288,0.03954450041055679
36,0.06235567852854729,0.051709942519664764
37,0.03743947297334671,0.023029780015349388
38,0.045780301094055176,0.03480672463774681
39,0.031084630638360977,0.02565748617053032
40,0.037756845355033875,0.02936379238963127
41,0.036235511302948,0.030289558693766594
42,0.04869866743683815,0.05019901692867279
43,0.04969209060072899,0.05132710188627243
44,0.049317389726638794,0.03715860843658447
45,0.05051900073885918,0.0404045395553112
46,0.049766816198825836,0.04465866461396217
47,0.0474344827234745,0.039805300533771515
48,0.05053959786891937,0.0636967271566391
49,0.06813564151525497,0.07532023638486862
50,0.06674305349588394,0.04196322336792946
51,0.048171836882829666,0.04306242614984512
52,0.04642307758331299,0.05399717390537262
53,0.052602704614400864,0.03487791493535042
54,0.05036824569106102,0.04350373148918152
55,0.049362797290086746,0.04142860323190689
56,0.046081818640232086,0.03296099230647087
57,0.03997466713190079,0.029375433921813965
58,0.04794509708881378,0.04290173947811127
59,0.06239013001322746,0.05215372145175934
60,0.03206765651702881,0.017190106213092804
61,0.017721200361847878,0.0049346210435032845
62,0.02465214394032955,0.03404107689857483
63,0.01303922850638628,0.016319651156663895
64,0.0271733570843935,0.0230427086353302
65,0.03950210288167,0.03483694791793823
66,0.0373929925262928,0.0220709890127182
67,0.04895307123661041,0.052383486181497574
68,0.050031356513500214,0.03965650498867035
69,0.04956835135817528,0.05711117386817932
70,0.047857753932476044,0.051939137279987335
71,0.06474487483501434,0.0620226226747036
72,0.07180698961019516,0.06676118075847626
73,0.08072701841592789,0.06973961740732193
74,0.049458831548690796,0.03523790091276169
75,0.03636162355542183,0.027654526755213737
76,0.04487299546599388,0.03749743476510048
77,0.03036164492368698,0.018785007297992706
78,0.034619785845279694,0.028921164572238922
79,0.03306868299841881,0.03579311817884445
80,0.03163452446460724,0.03667738661170006
81,0.03939506411552429,0.03212232142686844
82,0.04365735128521919,0.04238602891564369
83,0.07854671031236649,0.06535082310438156
84,0.07400303333997726,0.054826267063617706
85,0.0499296635389328,0.046705882996320724
86,0.045854054391384125,0.03820072114467621
87,0.061008695513010025,0.0657915472984314
88,0.04513556510210037,0.04115588590502739
89,0.031378373503685,0.02459893934428692
90,0.03246816247701645,0.020091796293854713
91,0.03867708891630173,0.0405413955450058
92,0.06280931830406189,0.031310390681028366
93,0.05117405951023102,0.04508066177368164
94,0.05058817192912102,0.04534441977739334
95,0.06349565088748932,0.059909574687480927
96,0.06395189464092255,0.047886330634355545
97,0.05884867534041405,0.044367045164108276
98,0.053715892136096954,0.03943946212530136
99,0.04439433291554451,0.043197762221097946
100,0.06002707779407501,0.062110528349876404
101,0.08841178566217422,0.07394300401210785
102,0.0741630271077156,0.06520528346300125
103,0.05846978724002838,0.0686681941151619
104,0.06608645617961884,0.04019400477409363
105,0.04571208357810974,0.03512170910835266
106,0.033026572316884995,0.025913916528224945
107,0.0366646982729435,0.03659331426024437
108,0.04872911795973778,0.05310608074069023
109,0.05454663932323456,0.036897335201501846
110,0.060027431696653366,0.04436206445097923
111,0.011285350657999516,0.01596306823194027
112,0.023558683693408966,0.017072666436433792
113,0.04832184687256813,0.03715435788035393
114,0.03895065560936928,0.043639201670885086
115,0.04173086956143379,0.04053008183836937
116,0.04558179900050163,0.04249797388911247
117,0.04440527409315109,0.04511399567127228
118,0.056420911103487015,0.06729631125926971
119,0.07519914209842682,0.05231529474258423
120,0.06595656275749207,0.060694847255945206
121,0.057998426258563995,0.041690394282341
122,0.03823436424136162,0.03104911372065544
123,0.02535843290388584,0.025193387642502785
124,0.042329344898462296,0.03270777687430382
125,0.03153197839856148,0.03881201520562172
126,0.03531481325626373,0.02794727310538292
127,0.035047437995672226,0.02485411986708641
128,0.05255705118179321,0.052945345640182495
129,0.05121111869812012,0.04578491672873497
130,0.05285831540822983,0.03676583245396614
131,0.03597196936607361,0.025264063850045204
132,0.04243253543972969,0.04401259496808052
133,0.03635340929031372,0.01825258508324623
134,0.0450793020427227,0.043655455112457275
135,0.019461384043097496,0.021226026117801666
136,0.03189903870224953,0.024262430146336555
137,0.04505534470081329,0.03911733254790306
138,0.025067072361707687,0.011414955370128155
139,0.02483290806412697,0.009345879778265953
140,0.035335373133420944,0.028488555923104286
141,0.0562259666621685,0.047198373824357986
142,0.038928303867578506,0.03918580338358879
143,0.026338236406445503,0.032904043793678284
144,0.0412074439227581,0.035136569291353226
145,0.02181200683116913,0.0071772560477256775
146,0.022664029151201248,0.019684523344039917
147,0.02039717696607113,0.026269711554050446
148,0.03164350613951683,0.03133735433220863
149,0.040687717497348785,0.04095488786697388
150,0.053700923919677734,0.05639372020959854
151,0.07286594808101654,0.07590580731630325
152,0.07793840020895004,0.07662639021873474
153,0.0844535380601883,0.07264400273561478
154,0.07669682800769806,0.06959537416696548
155,0.07862164825201035,0.06879352033138275
156,0.07982509583234787,0.074425607919693
157,0.0557803250849247,0.05075214058160782
158,0.05226850137114525,0.03695257008075714
159,0.04021628201007843,0.027359958738088608
160,0.02973935939371586,0.028300318866968155
161,0.030408363789319992,0.037767548114061356
162,0.054227426648139954,0.06067318096756935
163,0.044116873294115067,0.02905493602156639
164,0.031139055266976357,0.032460641115903854
165,0.025921666994690895,0.017856808379292488
166,0.02405310422182083,0.02545362524688244
167,0.031356554478406906,0.014160645194351673
168,0.030653519555926323,0.03322518989443779
169,0.04572765529155731,0.03555549681186676
170,0.0399087592959404,0.042772553861141205
171,0.07204832136631012,0.057195745408535004
172,0.052127957344055176,0.03929976746439934
173,0.048286519944667816,0.05501269921660423
174,0.06040022149682045,0.05099409818649292
175,0.08004458248615265,0.05864592269062996
176,0.058862149715423584,0.042767029255628586
177,0.04136507213115692,0.022131897509098053
178,0.02851882390677929,0.018922151997685432
179,0.025362694635987282,0.01757192611694336
180,0.03855254501104355,0.0351497083902359
181,0.022776005789637566,0.024206288158893585
182,0.011979113332927227,0.010041380301117897
183,0.0243172999471426,0.00836099497973919
184,0.013118592090904713,0.02049420215189457
185,0.04739351198077202,0.03035157360136509
186,0.06423523277044296,0.06078628823161125
187,0.07243649661540985,0.05282682180404663
188,0.04368683323264122,0.03720284625887871
189,0.05786947160959244,0.044323064386844635
190,0.038839325308799744,0.03752894327044487
191,0.05354534089565277,0.05221286416053772
192,0.055601008236408234,0.05458623915910721
193,0.053646985441446304,0.034446969628334045
194,0.04215877875685692,0.05006655305624008
195,0.04963269829750061,0.037201832979917526
196,0.04000503197312355,0.01836947165429592
197,0.03666823357343674,0.044854603707790375
198,0.047960132360458374,0.03200438991189003
199,0.05191284418106079,0.04935018718242645
200,0.04135400801897049,0.030963420867919922
201,0.03742987662553787,0.018144235014915466
202,0.023019127547740936,0.009146897122263908
203,0.013928377069532871,0.014387642033398151
204,0.017094088718295097,0.023799538612365723
205,0.03786088898777962,0.03568894416093826
206,0.04078860208392143,0.04193743318319321
207,0.05623692274093628,0.04002667963504791
208,0.059866130352020264,0.03517109900712967
209,0.04119359329342842,0.04230023920536041
210,0.04235999658703804,0.037588946521282196
211,0.056288622319698334,0.04645815119147301
212,0.03997164964675903,0.022040672600269318
213,0.014313152059912682,0.0019482600037008524
214,0.011961229145526886,0.004312187433242798
215,0.016038106754422188,0.011732026003301144
216,0.02006527967751026,0.014246206730604172
217,0.04219977185130119,0.03414425998926163
218,0.036056023091077805,0.03268525376915932
219,0.030507469549775124,0.025752201676368713
220,0.05082220584154129,0.03907492384314537
221,0.06003928184509277,0.04937475547194481
222,0.06651559472084045,0.05519462376832962
223,0.07147540897130966,0.06455104798078537
224,0.07091127336025238,0.058420971035957336
225,0.07480848580598831,0.050777412950992584
226,0.05489448085427284,0.04837680608034134
227,0.0690864697098732,0.0561952106654644
228,0.03738458827137947,0.02500458061695099
229,0.025215303525328636,0.006745662074536085
230,0.019407445564866066,0.022701937705278397
231,0.02533039078116417,0.014575210399925709
232,0.021546266973018646,0.025663137435913086
233,0.025948628783226013,0.016600577160716057
234,0.024035299196839333,0.008685426786541939
235,0.02178564853966236,0.019671248272061348
236,0.024693293496966362,0.024091793224215508
237,0.056360043585300446,0.05171676352620125
238,0.06005812808871269,0.05597100406885147
239,0.04377574846148491,0.03487052768468857
240,0.048987261950969696,0.03649169206619263
241,0.03725627064704895,0.03571530058979988
242,0.030996128916740417,0.0349535308778286
243,0.039837319403886795,0.03717007115483284
244,0.03669712319970131,0.016861483454704285
245,0.020794035866856575,0.008544499054551125
246,0.017135800793766975,0.012424906715750694
247,0.028230687603354454,0.023198144510388374
248,0.04005876183509827,0.05083421990275383
249,0.048122551292181015,0.03296687826514244
250,0.034227579832077026,0.022080134600400925
251,0.01973268762230873,-0.008583765476942062
252,0.006125119514763355,-0.0035586722660809755
253,0.0018469084752723575,0.00014204559556674212
254,-0.0054907118901610374,-0.016698163002729416
255,0.001464925124309957,0.0017157676629722118
256,0.016694260761141777,0.015900868922472
257,0.018563425168395042,0.00956857018172741
258,0.04566914588212967,0.048615261912345886
259,0.0629022866487503,0.07095108181238174
260,0.07916513085365295,0.05673128738999367
261,0.05891731381416321,0.04060390219092369
262,0.04683365672826767,0.03975992649793625
263,0.029591934755444527,0.02844856120646
264,0.023522010073065758,0.00969720259308815
265,0.014348932541906834,0.007445191498845816
266,0.028808211907744408,0.028964342549443245
267,0.07188089191913605,0.05793790891766548
268,0.05270777642726898,0.02646370232105255
269,0.05356229841709137,0.05063974857330322
270,0.06145310401916504,0.04521503299474716
271,0.032694198191165924,0.02437354438006878
272,0.0058168210089206696,0.003815807169303298
273,-0.005402953363955021,-0.01735350862145424
274,-0.010354382917284966,0.0005727800307795405
275,0.013171093538403511,0.007482878863811493
276,0.007362999953329563,0.00614510290324688
277,0.03283855691552162,0.027997588738799095
278,0.045423366129398346,0.029858626425266266
279,0.030768435448408127,0.018505720421671867
280,0.02256961539387703,0.029607469215989113
281,0.04465171694755554,0.044971663504838943
282,0.06822015345096588,0.06590495258569717
283,0.0606042854487896,0.053351372480392456
284,0.04897429049015045,0.0593797042965889
285,0.07098694890737534,0.06053755432367325
286,0.04708133637905121,0.020543208345770836
287,0.036651186645030975,0.02473696880042553
288,0.0452902726829052,0.024079421535134315
289,0.027730612084269524,0.02822210267186165
290,0.031298547983169556,0.04025716707110405
291,0.036904267966747284,0.027799751609563828
292,0.029312124475836754,0.03271397575736046
293,0.042180728167295456,0.017186366021633148
294,0.020795565098524094,0.015837058424949646
295,0.03026469238102436,0.03621025010943413
296,0.04389653354883194,0.029263000935316086
297,0.039642613381147385,0.04091702029109001
298,0.049343012273311615,0.047337982803583145
299,0.04074407368898392,0.033355869352817535
300,0.04931640625,0.039483603090047836
301,0.05833456665277481,0.04335169494152069
302,0.06309875100851059,0.045300163328647614
303,0.058089982718229294,0.04311487078666687
304,0.04447193071246147,0.03554949164390564
305,0.03939257562160492,0.04138368368148804
306,0.05607958137989044,0.03580489009618759
307,0.059255994856357574,0.048123739659786224
308,0.052940238267183304,0.04731243848800659
309,0.04503209516406059,0.04107111319899559
310,0.05263786390423775,0.05525306612253189
311,0.05579486861824989,0.048905469477176666
312,0.0650639757514,0.062356170266866684
313,0.07820451259613037,0.06941817700862885
314,0.07308250665664673,0.05492798238992691
315,0.060362983494997025,0.04603156819939613
316,0.04918670281767845,0.03746103495359421
317,0.03821480646729469,0.03339589014649391
318,0.04636450484395027,0.021270474418997765
319,0.044632427394390106,0.0360972061753273
320,0.044262055307626724,0.03838348016142845
321,0.05056753382086754,0.03580956533551216
322,0.04944322258234024,0.054573964327573776
323,0.050192806869745255,0.04721897840499878
324,0.06466018408536911,0.038368646055459976
325,0.042549606412649155,0.04384872317314148
326,0.047897644340991974,0.0486043319106102
327,0.0696399062871933,0.06774194538593292
328,0.06653487682342529,0.04487662389874458
329,0.06973066180944443,0.06632101535797119
330,0.05888979136943817,0.06122158095240593
331,0.05516914650797844,0.04789312556385994
332,0.04494751989841461,0.0460846833884716
333,0.04508713632822037,0.05265480652451515
334,0.060748130083084106,0.040457841008901596
335,0.03406538441777229,0.03418023884296417
336,0.04602320119738579,0.04031277447938919
337,0.04248611629009247,0.02600928209722042
338,0.020215922966599464,0.012537890113890171
339,0.026703475043177605,0.02912282571196556
340,0.018049314618110657,0.016357161104679108
341,0.034762904047966,0.024369629099965096
342,0.04708542302250862,0.03238596022129059
343,0.04485826939344406,0.03528830409049988
344,0.04639805108308792,0.037858765572309494
345,0.053144779056310654,0.04004960507154465
346,0.04155751317739487,0.03549787029623985
347,0.04781433194875717,0.04009731486439705
348,0.026302585378289223,0.01773543655872345
349,0.03184201195836067,0.03120627999305725
350,0.02470294199883938,0.02147773467004299
351,0.010889962315559387,0.008482224307954311
352,0.0423566997051239,0.03544806316494942
353,0.027330391108989716,0.01939816027879715
354,0.027254052460193634,0.017889240756630898
355,0.05035959184169769,0.0447799451649189
356,0.03539641946554184,0.024058423936367035
357,0.030071962624788284,0.032512784004211426
358,0.03144611418247223,0.01924765482544899
359,0.03359752520918846,0.01282143872231245
360,0.024509890004992485,0.014708190225064754
361,0.0394803024828434,0.03455524891614914
362,0.03588061407208443,0.03047880530357361
363,0.033669233322143555,0.02600155957043171
364,0.053036317229270935,0.033847831189632416
365,0.04203914478421211,0.04776354879140854
366,0.04355617240071297,0.035066284239292145
367,0.032010238617658615,0.012877222150564194
368,0.019524523988366127,0.02661224454641342
369,0.030795959755778313,0.030090976506471634
370,0.050858356058597565,0.03642675653100014
371,0.053556039929389954,0.054533254355192184
372,0.06064444035291672,0.04942583292722702
373,0.0419410839676857,0.03457711637020111
374,0.03461676463484764,0.037454333156347275
375,0.046532902866601944,0.0408702977001667
376,0.06351765245199203,0.058146994560956955
377,0.07112811505794525,0.044371284544467926
378,0.03789835423231125,0.04374944418668747
379,0.05040482431650162,0.04333064332604408
380,0.05711010470986366,0.04161253198981285
381,0.032373204827308655,0.029918977990746498
382,0.02687213011085987,0.011628023348748684
383,0.0060640801675617695,0.006840706802904606
384,-0.004911891184747219,-0.022300947457551956
385,0.0020817313343286514,0.009507877752184868
386,0.01310037262737751,0.020331857725977898
387,0.04275085777044296,0.03152332827448845
388,0.05795431137084961,0.04834549129009247
389,0.04762625694274902,0.045196183025836945
390,0.052421391010284424,0.04612354561686516
391,0.043276868760585785,0.03018134832382202
392,0.049796946346759796,0.04392046853899956
393,0.03762634098529816,0.03305725380778313
394,0.021336112171411514,0.0027249872218817472
395,0.004543959628790617,-0.0016484545776620507
396,0.012105894275009632,0.010984973050653934
397,0.010505430400371552,0.01006512064486742
398,0.04012840613722801,0.0286397822201252
399,0.05234947055578232,0.051486704498529434
400,0.045177653431892395,0.02504497952759266
401,0.04027368500828743,0.03935639560222626
402,0.050096653401851654,0.05000115558505058
403,0.04366035759449005,0.046746354550123215
404,0.05701921135187149,0.06903619319200516
405,0.07522241771221161,0.05554823577404022
406,0.06468883901834488,0.06778416037559509
407,0.027901073917746544,0.02578287571668625
408,0.02751731313765049,0.020990483462810516
409,0.05588315427303314,0.03807811811566353
410,0.06532638520002365,0.04368925094604492
411,0.05830134078860283,0.05909677594900131
412,0.05580334737896919,0.06313460320234299
413,0.07152865082025528,0.06758638471364975
414,0.06547512114048004,0.06790805608034134
415,0.05910829082131386,0.05703303590416908
416,0.061246179044246674,0.05577731132507324
417,0.07305707782506943,0.06938876211643219
418,0.04537924379110336,0.04135306552052498
419,0.050233397632837296,0.03821596875786781
420,0.0508972629904747,0.04418807104229927
421,0.03288496285676956,0.030083881691098213
422,0.037763893604278564,0.041200149804353714
423,0.045330293476581573,0.03115074336528778
424,0.038327425718307495,0.048318784683942795
425,0.042786549776792526,0.0398554690182209
426,0.03250895440578461,0.014889600686728954
427,0.038299158215522766,0.03613835200667381
428,0.049336034804582596,0.03642026707530022
429,0.028888843953609467,0.022940361872315407
430,0.029852332547307014,0.026155857369303703
431,0.04061472788453102,0.03046415001153946
432,0.03062576800584793,0.028924575075507164
433,0.03391430154442787,0.0271045733243227
434,0.028036056086421013,0.014183820225298405
435,0.022868288680911064,0.02497750334441662
436,0.05557168275117874,0.04019742086529732
437,0.052224475890398026,0.055889494717121124
438,0.05416256934404373,0.064185731112957
439,0.06396738439798355,0.04272263124585152
440,0.03722488135099411,0.03226840868592262
441,0.04305926710367203,0.04377777501940727
442,0.041035737842321396,0.041598472744226456
443,0.04033827781677246,0.04631935432553291
444,0.039758723229169846,0.036993082612752914
445,0.01785104162991047,0.023084869608283043
446,0.03316701576113701,0.02708505466580391
447,0.04932837188243866,0.03671181574463844
448,0.06106645613908768,0.060950979590415955
449,0.06612130254507065,0.049725182354450226
450,0.04692067205905914,0.054353516548871994
451,0.06930576264858246,0.05381840094923973
452,0.053495388478040695,0.045195069164037704
453,0.04280626028776169,0.03657059744000435
454,0.05564044788479805,0.047485459595918655
455,0.03659277409315109,0.018786024302244186
456,0.030340036377310753,0.010003696195781231
457,-0.003450335469096899,-0.0031098113395273685
458,0.011323933489620686,0.016108885407447815
459,0.0290888212621212,0.026352690532803535
460,0.029821690171957016,0.022376401349902153
461,0.04707327112555504,0.047003280371427536
462,0.06447197496891022,0.048849284648895264
463,0.03710630163550377,0.038576725870370865
464,0.03439309448003769,0.024014214053750038
465,0.04309823736548424,0.04174632579088211
466,0.06134486943483353,0.05123512074351311
467,0.053470488637685776,0.059503402560949326
468,0.05630342662334442,0.05215911194682121
469,0.04200657457113266,0.03739480674266815
470,0.05385803058743477,0.03751179203391075
471,0.047110963612794876,0.029718559235334396
472,0.023385455831885338,0.030127892270684242
473,0.03211897984147072,0.028890004381537437
474,0.026846248656511307,0.015625465661287308
475,0.02791820839047432,0.029926011338829994
476,0.034291885793209076,0.026148643344640732
477,0.03203435614705086,0.04877649247646332
478,0.0424017459154129,0.04337600991129875
479,0.06336450576782227,0.038826122879981995
480,0.06461291760206223,0.0550236701965332
481,0.049314264208078384,0.04255791753530502
482,0.03866422548890114,0.05704033002257347
483,0.06031649932265282,0.05045779049396515
484,0.03229084238409996,0.030825819820165634
485,0.038307033479213715,0.029279258102178574
486,0.04340949282050133,0.04089765250682831
487,0.03926051780581474,0.03058730438351631
488,0.06042962148785591,0.04814404249191284
489,0.042518530040979385,0.03465792164206505
490,0.04296562075614929,0.03887314721941948
491,0.03882645070552826,0.03620056435465813
492,0.05521412193775177,0.045482683926820755
493,0.09389007091522217,0.0870196670293808
494,0.07995466142892838,0.06296621263027191
495,0.05860951915383339,0.061983685940504074
496,0.059875279664993286,0.045919109135866165
497,0.03638966754078865,0.02999395690858364
498,0.04212647303938866,0.044267479330301285
499,0.0474594421684742,0.013281995430588722
500,0.03485310450196266,0.023755203932523727
501,0.029974885284900665,0.025329910218715668
502,0.0653657466173172,0.05001334846019745
503,0.046285152435302734,0.036411069333553314
504,0.05706034600734711,0.05594903603196144
505,0.052012454718351364,0.04467733949422836
506,0.04190393164753914,0.031000079587101936
507,0.049467649310827255,0.05039757117629051
508,0.03966571390628815,0.03776488080620766
509,0.034386906772851944,0.04362095892429352
510,0.03858157619833946,0.02900567650794983
511,0.05537811666727066,0.06293795257806778
512,0.06875180453062057,0.04688560217618942
513,0.06836338341236115,0.0634029358625412
514,0.05644211545586586,0.044277679175138474
515,0.03881247714161873,0.0430428683757782
516,0.033528104424476624,0.025002513080835342
517,0.025255005806684494,0.01982671394944191
518,0.019041839987039566,0.016643786802887917
519,0.010926768183708191,0.0008116643293760717
520,0.008211283944547176,0.010839334689080715
521,0.03507538512349129,0.030299460515379906
522,0.046987924724817276,0.04067358747124672
523,0.043389588594436646,0.023775208741426468
524,0.04501444473862648,0.04260919615626335
525,0.0464012511074543,0.02999233268201351
526,0.03780454769730568,0.0383344329893589
527,0.04263557866215706,0.04909587651491165
528,0.0503305085003376,0.04433244466781616
529,0.046499788761138916,0.033224765211343765
530,0.03975782170891762,0.02146643027663231
531,0.02559497393667698,0.02735598385334015
532,0.06427156180143356,0.046019986271858215
533,0.040377382189035416,0.030869338661432266
534,0.04856819659471512,0.04170021787285805
535,0.032688479870557785,0.0348367840051651
536,0.03858747333288193,0.039930716156959534
537,0.034963082522153854,0.028837986290454865
538,0.02325836382806301,0.016872107982635498
539,0.034299902617931366,0.011958352290093899
540,0.024218250066041946,0.03041958436369896
541,0.019816720858216286,0.0002535496896598488
542,0.020625201985239983,0.022676700726151466
543,0.04306207224726677,0.054385941475629807
544,0.06220622360706329,0.056170571595430374
545,0.050490040332078934,0.04007032886147499
546,0.042289119213819504,0.034833867102861404
547,0.03544698283076286,0.05028422549366951
548,0.05128384754061699,0.04951893910765648
549,0.051941052079200745,0.04330355301499367
550,0.06019037961959839,0.046241529285907745
551,0.04738873243331909,0.03356584534049034
552,0.03668346256017685,0.04030466452240944
553,0.04968325048685074,0.0410185270011425
554,0.04581403732299805,0.018004292622208595
555,0.03152067959308624,0.03942853957414627
556,0.04548906907439232,0.03748050332069397
557,0.07030058652162552,0.06775186955928802
558,0.08034825325012207,0.0672634020447731
559,0.043592967092990875,0.03323660045862198
560,0.030879603698849678,0.03129442036151886
561,0.040292367339134216,0.051699958741664886
562,0.06328516453504562,0.062241628766059875
563,0.08447887748479843,0.06961054354906082
564,0.06629987806081772,0.06278756260871887
565,0.0632256343960762,0.05053240433335304
566,0.05276571959257126,0.05033640190958977
567,0.0701737031340599,0.05856480076909065
568,0.08186958730220795,0.0792364701628685
569,0.05147824063897133,0.05770808830857277
570,0.05408244952559471,0.04735128954052925
571,0.051469042897224426,0.04373547062277794
572,0.054879527539014816,0.039298176765441895
573,0.042177483439445496,0.02246999740600586
574,0.04865453392267227,0.05093511566519737
575,0.04964348301291466,0.045313749462366104
576,0.05734089016914368,0.054659102112054825
577,0.04881545156240463,0.03485751524567604
578,0.04241947457194328,0.04326572269201279
579,0.0404842309653759,0.02487649768590927
580,0.05416751280426979,0.05433099716901779
581,0.05961635708808899,0.052366793155670166
582,0.05582842230796814,0.05080797150731087
583,0.061983462423086166,0.048579417169094086
584,0.06382033973932266,0.05907802656292915
585,0.06032080948352814,0.043318234384059906
586,0.056589968502521515,0.052768558263778687
587,0.051792025566101074,0.051269326359033585
588,0.05089302361011505,0.049270741641521454
589,0.044742755591869354,0.04051867499947548
590,0.043964650481939316,0.034413084387779236
591,0.03475699573755264,0.024022387340664864
592,0.05103031545877457,0.042703378945589066
593,0.052248068153858185,0.051128923892974854
594,0.045897189527750015,0.045738354325294495
595,0.047132037580013275,0.021991584450006485
596,0.032651059329509735,0.029603783041238785
597,0.02485581673681736,0.025913286954164505
598,0.039650917053222656,0.028613248839974403
599,0.04450169578194618,0.03414025157690048
600,0.05375456437468529,0.052160561084747314
601,0.052399974316358566,0.03875742852687836
602,0.04497991129755974,0.04340696707367897
603,0.05388697609305382,0.05572996661067009
604,0.07795565575361252,0.0715915635228157
605,0.07899674773216248,0.06072046607732773
606,0.06930576264858246,0.054153040051460266
607,0.0420927070081234,0.03859514743089676
608,0.056303177028894424,0.04896717518568039
609,0.05677594244480133,0.043730102479457855
610,0.04317851364612579,0.03581126779317856
611,0.04265978932380676,0.03190424665808678
612,0.03515763580799103,0.03995227441191673
613,0.039589304476976395,0.04392461106181145
614,0.048972055315971375,0.04323968291282654
615,0.03544984757900238,0.026028940454125404
616,0.029542865231633186,0.013964133337140083
617,0.04603997990489006,0.02771065942943096
618,0.038268618285655975,0.03764049708843231
619,0.039053160697221756,0.028993332758545876
620,0.03112776204943657,0.03793344274163246
621,0.04144701361656189,0.03364602103829384
622,0.06903160363435745,0.06742595136165619
623,0.05169016867876053,0.037960197776556015
624,0.04478481784462929,0.03336036577820778
625,0.05379408970475197,0.05060118809342384
626,0.0671042799949646,0.05809028819203377
627,0.07437483221292496,0.07024680823087692
628,0.0954548567533493,0.06605743616819382
629,0.06057170033454895,0.04923555254936218
630,0.07306700199842453,0.060171905905008316
631,0.07305257022380829,0.07960207760334015
632,0.07843931764364243,0.0692848190665245
633,0.052848607301712036,0.051370494067668915
634,0.025524379685521126,0.014455672353506088
635,0.0017502233386039734,0.004278669133782387
636,0.017193391919136047,-0.0023273425176739693
637,0.021553343161940575,0.017462512478232384
638,0.04393806308507919,0.028708605095744133
639,0.03921111673116684,0.03446400538086891
640,0.0558699406683445,0.03503832966089249
641,0.04746416583657265,0.048313140869140625
642,0.07941099256277084,0.08171112835407257
643,0.06881920993328094,0.055401623249053955
644,0.07464401423931122,0.07485920935869217
645,0.052111949771642685,0.03742709010839462
646,0.025992803275585175,0.02311968244612217
647,0.048250824213027954,0.03821786865592003
648,0.056713953614234924,0.05380229651927948
649,0.048437029123306274,0.04743736982345581
650,0.06127069890499115,0.0386069193482399
651,0.050153959542512894,0.0492742657661438
652,0.060015249997377396,0.05470818653702736
653,0.05918869376182556,0.03546940162777901
654,0.031675130128860474,0.024603135883808136
655,0.04640038684010506,0.045350994914770126
656,0.044350773096084595,0.038334619253873825
657,0.04210904613137245,0.024674758315086365
658,0.03077693097293377,0.021458221599459648
659,0.03172457963228226,0.01616034470498562
660,0.0398554652929306,0.04111529514193535
661,0.04044685512781143,0.02221589721739292
662,0.0420696958899498,0.03023061901330948
663,0.03218725696206093,0.02360735647380352
664,0.026593880727887154,0.02029394544661045
665,0.03595442697405815,0.019441239535808563
666,0.03323720023036003,0.02093767374753952
667,0.04259186238050461,0.03159070387482643
668,0.03673330321907997,0.024527408182621002
669,0.023167915642261505,0.016083652153611183
670,0.01412559300661087,0.012797391973435879
671,0.03930555656552315,0.04076221585273743
672,0.03104735165834427,0.031178899109363556
673,0.04194265604019165,0.03896613419055939
674,0.046695783734321594,0.04130416736006737
675,0.036562953144311905,0.025038816034793854
676,0.03856249898672104,0.03842100128531456
677,0.04327593371272087,0.033119965344667435
678,0.025611964985728264,0.013735112734138966
679,0.028477029874920845,0.01581055484712124
680,0.04052164778113365,0.03374217078089714
681,0.056998006999492645,0.04523461312055588
682,0.029241926968097687,0.016172444447875023
683,0.02650405466556549,0.02312089502811432
684,0.02107902802526951,0.001034509507007897
685,0.009650187566876411,0.005996823310852051
686,0.0024833292700350285,-0.0006160413613542914
687,0.0027349828742444515,0.013164706528186798
688,0.02740304544568062,0.009964260272681713
689,0.025082018226385117,0.02529948577284813
690,0.02216981165111065,0.010781694203615189
691,0.031126929447054863,0.013925882056355476
692,0.0332205668091774,0.038068126887083054
693,0.06001290678977966,0.06527320295572281
694,0.07803444564342499,0.08248981088399887
695,0.08370482921600342,0.07845398038625717
696,0.08829785883426666,0.07072103023529053
697,0.06613191962242126,0.047958556562662125
698,0.048175375908613205,0.035902492702007294
699,0.06561978161334991,0.06271680444478989
700,0.0672910213470459,0.06228756904602051
701,0.06028514355421066,0.04866889864206314
702,0.043744586408138275,0.04499512538313866
703,0.05761950463056564,0.04387136921286583
704,0.046728089451789856,0.032493941485881805
705,0.0338277630507946,0.03396392613649368
706,0.052718985825777054,0.048586197197437286
707,0.062291260808706284,0.042860135436058044
708,0.05370377376675606,0.04425693303346634
709,0.05369080230593681,0.04229896888136864
710,0.04142553359270096,0.04095883667469025
711,0.057060662657022476,0.05021331086754799
712,0.04786701872944832,0.04112757369875908
713,0.05418343469500542,0.044614363461732864
714,0.05114277824759483,0.0427202507853508
715,0.05623810738325119,0.05643196776509285
716,0.06600278615951538,0.059604670852422714
717,0.07316575199365616,0.06097543239593506
718,0.0601186603307724,0.05921564996242523
719,0.06236683204770088,0.06323320418596268
720,0.0724719986319542,0.060474760830402374
721,0.05150558054447174,0.05956044793128967
722,0.07481615245342255,0.07409030944108963
723,0.08382836729288101,0.06595523655414581
724,0.07087217271327972,0.060496438294649124
725,0.07198620587587357,0.07026121020317078
726,0.06583037227392197,0.06050191447138786
727,0.06318207085132599,0.045510925352573395
728,0.04627697542309761,0.05468689277768135
729,0.05207759886980057,0.04906301945447922
730,0.06434115767478943,0.05586053058505058
731,0.05591096356511116,0.05682813748717308
732,0.07638482004404068,0.05636419728398323
733,0.077939473092556,0.07059552520513535
734,0.07831203192472458,0.054321467876434326
735,0.0605798102915287,0.05265076830983162
736,0.040258556604385376,0.03810938075184822
737,0.050659120082855225,0.03783104568719864
738,0.04401812329888344,0.041269440203905106
739,0.049938883632421494,0.053141359239816666
740,0.04750523343682289,0.0393950492143631
741,0.0562385693192482,0.04077667370438576
742,0.03978545218706131,0.028449393808841705
743,0.014034218154847622,0.006907073315232992
744,0.009389238432049751,0.010645263828337193
745,0.02640417404472828,0.027765212580561638
746,0.037560440599918365,0.018086027354002
747,0.042611658573150635,0.03893323615193367
748,0.045366570353507996,0.036723047494888306
749,0.05619734898209572,0.05486924573779106
750,0.06920389086008072,0.06224663183093071
751,0.06196870654821396,0.0571788065135479
752,0.043400898575782776,0.02898879535496235
753,0.0426446795463562,0.03657294064760208
754,0.0651334896683693,0.042069271206855774
755,0.048238806426525116,0.037313368171453476
756,0.05534560978412628,0.04074956476688385
757,0.05488767847418785,0.05193515121936798
758,0.0488111786544323,0.04773123562335968
759,0.05134761705994606,0.04422827810049057
760,0.05686543136835098,0.0472254641354084
761,0.054307132959365845,0.04231179878115654
762,0.03577035665512085,0.04189283773303032
763,0.031859371811151505,0.034365445375442505
764,0.02497459575533867,0.03097241371870041
765,0.07093774527311325,0.056859780102968216
766,0.06321641802787781,0.05299815535545349
767,0.07404820621013641,0.06668762117624283
768,0.04469580203294754,0.03675688058137894
769,0.03457896038889885,0.028285076841711998
770,0.006402631290256977,-0.012224937789142132
771,-0.01701820082962513,-0.009070169180631638
772,0.03166228160262108,0.0231478214263916
773,0.05437137186527252,0.060480281710624695
774,0.0704445168375969,0.07024925202131271
775,0.060437265783548355,0.05553056299686432
776,0.07397012412548065,0.06452479958534241
777,0.050231512635946274,0.045364879071712494
778,0.049996890127658844,0.04965991899371147
779,0.04542531073093414,0.035509947687387466
780,0.04491126537322998,0.03996189683675766
781,0.039790764451026917,0.02094118669629097
782,0.02431505173444748,0.006489346735179424
783,0.005143678747117519,-0.0006518448353745043
784,0.014852129854261875,-0.003330257488414645
785,0.027534937486052513,0.01618451438844204
786,0.04391947761178017,0.03871634230017662
787,0.0461525060236454,0.032669201493263245
788,0.05526338145136833,0.03324517980217934
789,0.02539839781820774,0.019514624029397964
790,0.047732554376125336,0.018195245414972305
791,0.033834706991910934,0.009636378847062588
792,0.027175983414053917,0.02924610674381256
793,0.0562075674533844,0.04725043475627899
794,0.03788279369473457,0.04754553362727165
795,0.05277479439973831,0.049158383160829544
796,0.07192784547805786,0.07899891585111618
797,0.06510479748249054,0.050718121230602264
798,0.059350356459617615,0.052071452140808105
799,0.04364387318491936,0.03449268639087677
800,0.04112577065825462,0.04919935017824173
801,0.053071312606334686,0.0360286608338356
802,0.04854311794042587,0.05073559656739235
803,0.05916827544569969,0.05505595728754997
804,0.06152110919356346,0.06309407949447632
805,0.07090356200933456,0.06782259047031403
806,0.066812664270401,0.0400131531059742
807,0.056342899799346924,0.051677074283361435
808,0.057793162763118744,0.06293626129627228
809,0.04526030644774437,0.028239401057362556
810,0.045900702476501465,0.029983792454004288
811,0.026180723682045937,0.01651199534535408
812,0.02566799707710743,0.02540348656475544
813,0.026643389835953712,0.02039268985390663
814,0.02726423740386963,0.022837664932012558
815,0.023179449141025543,0.01760011725127697
816,0.02323206327855587,0.012401713989675045
817,0.05174848064780235,0.038877274841070175
818,0.029972972348332405,0.025961020961403847
819,0.05524661764502525,0.048396430909633636
820,0.062217921018600464,0.03704964369535446
821,0.03321123123168945,0.03170107677578926
822,0.05143379792571068,0.0483044758439064
823,0.04863280430436134,0.03302253782749176
824,0.0607370100915432,0.04802524298429489
825,0.05704537034034729,0.05738246813416481
826,0.050537534058094025,0.039758194237947464
827,0.05238740146160126,0.056136734783649445
828,0.0596633106470108,0.05362900719046593
829,0.052378371357917786,0.04585001990199089
830,0.042617376893758774,0.04069710895419121
831,0.04754612222313881,0.04795938730239868
832,0.04188530519604683,0.027468975633382797
833,0.023396918550133705,0.019013796001672745
834,0.04133044555783272,0.04981328174471855
835,0.04529537260532379,0.04193340241909027
836,0.038324981927871704,0.03442865237593651
837,0.03857933729887009,0.024807794019579887
838,0.03246871754527092,0.02125067263841629
839,0.036101117730140686,0.03913886100053787
840,0.044112980365753174,0.027608375996351242
841,0.034047357738018036,0.02475813962519169
842,0.041883908212184906,0.03717338666319847
843,0.054896701127290726,0.05929771065711975
844,0.059327270835638046,0.05263371393084526
845,0.07231911271810532,0.056314852088689804
846,0.060126855969429016,0.051759615540504456
847,0.05932791903614998,0.03940612077713013
848,0.053460974246263504,0.03837703540921211
849,0.04878607764840126,0.03251656889915466
850,0.03741404414176941,0.018437819555401802
851,0.051410675048828125,0.060034383088350296
852,0.052629075944423676,0.044143564999103546
853,0.03074929304420948,0.01492213923484087
854,0.04393596202135086,0.03286544233560562
855,0.04612928628921509,0.025974612683057785
856,0.04846293479204178,0.04536221921443939
857,0.050996746867895126,0.0521724708378315
858,0.0626448541879654,0.04704767465591431
859,0.04989524558186531,0.05141572281718254
860,0.06258353590965271,0.0579182505607605
861,0.06416990607976913,0.06014849245548248
862,0.06560933589935303,0.05573621764779091
863,0.049226921051740646,0.03450760617852211
864,0.04273616895079613,0.03175341710448265
865,0.03550603985786438,0.035392630845308304
866,0.04567675292491913,0.0423671193420887
867,0.05053038150072098,0.04334118962287903
868,0.013648868538439274,0.009373108856379986
869,0.027837984263896942,0.033474717289209366
870,0.07248393446207047,0.046103958040475845
871,0.04370397701859474,0.029542826116085052
872,0.04978727921843529,0.029123300686478615
873,0.03649700805544853,0.02810550108551979
874,0.030196713283658028,0.02061568759381771
875,0.029472632333636284,0.04091934859752655
876,0.019447332248091698,0.01465805247426033
877,0.019573496654629707,0.019087214022874832
878,0.033658839762210846,0.03133540600538254
879,0.05000106990337372,0.04194037988781929
880,0.05855795741081238,0.05134299024939537
881,0.04385210946202278,0.03187616169452667
882,0.05328892171382904,0.03564167022705078
883,0.05128961428999901,0.032448869198560715
884,0.02707858569920063,0.015938283875584602
885,0.014303145930171013,0.0075584277510643005
886,0.04142026603221893,0.030717743560671806
887,0.008567078970372677,-0.0013169111916795373
888,0.00925238337367773,-0.005610697902739048
889,0.014894220978021622,0.009592784568667412
890,0.021982993930578232,0.015280288644134998
891,0.03446809947490692,0.019063450396060944
892,0.016240069642663002,0.011905480176210403
893,0.03231503814458847,0.02089857868850231
894,0.03163580968976021,0.035097360610961914
895,0.05271376296877861,0.032773707062006
896,0.0357043631374836,0.036820728331804276
897,0.06311296671628952,0.05336437374353409
898,0.034429069608449936,0.029679615050554276
899,0.03497481346130371,0.023999830707907677
900,0.043871160596609116,0.02230903133749962
901,0.0362769290804863,0.02447458542883396
902,0.045391995459795,0.04784727469086647
903,0.07052301615476608,0.06662937253713608
904,0.05462023243308067,0.03989090025424957
905,0.02575700357556343,0.025354966521263123
906,0.04411502555012703,0.04193572700023651
907,0.03508555889129639,0.022118443623185158
908,0.043423671275377274,0.04767909273505211
909,0.035841409116983414,0.027164580300450325
910,0.025976143777370453,0.02988266758620739
911,0.023081744089722633,0.01552197802811861
912,0.00804924126714468,-0.0024030471686273813
913,0.020806437358260155,0.01650950498878956
914,0.035326480865478516,0.04040534794330597
915,0.03449210897088051,0.04089414328336716
916,0.06367789953947067,0.05233357101678848
917,0.058442726731300354,0.03639852628111839
918,0.055761467665433884,0.05057233199477196
919,0.05648542195558548,0.05313156917691231
920,0.0525745265185833,0.057188406586647034
921,0.052419114857912064,0.05365823209285736
922,0.05731860548257828,0.04930761083960533
923,0.06312929838895798,0.04771721363067627
924,0.0616106353700161,0.06694727391004562
925,0.05639742687344551,0.04365023598074913
926,0.06396273523569107,0.05372065305709839
927,0.052047912031412125,0.03418423980474472
928,0.035475537180900574,0.03315635770559311
929,0.05736503377556801,0.03987732157111168
930,0.061039380729198456,0.05555611103773117
931,0.05738622322678566,0.04850213974714279
932,0.04246314615011215,0.03794720023870468
933,0.031223241239786148,0.0343315564095974
934,0.05834146589040756,0.049548737704753876
935,0.05956447869539261,0.07435222715139389
936,0.06847209483385086,0.05315503105521202
937,0.059430819004774094,0.03893584758043289
938,0.04592704772949219,0.04714750871062279
939,0.035527415573596954,0.03502026945352554
940,0.03524046391248703,0.03462700545787811
941,0.011773408390581608,0.011747346259653568
942,0.047887299209833145,0.039172958582639694
943,0.03559410572052002,0.03893345594406128
944,0.057625912129879,0.032942645251750946
945,0.03518667817115784,0.03477977216243744
946,0.05410192534327507,0.05353169143199921
947,0.049615178257226944,0.04963266849517822
948,0.041784245520830154,0.04210718348622322
949,0.07331414520740509,0.05940895900130272
950,0.06335809081792831,0.050515271723270416
951,0.03951927646994591,0.03713497146964073
952,0.04971105605363846,0.0528661347925663
953,0.04156985506415367,0.0400189645588398
954,0.047143928706645966,0.04167352244257927
955,0.04740886390209198,0.034196119755506516
956,0.04566090553998947,0.03312024846673012
957,0.0420069620013237,0.03287201374769211
958,0.03483184427022934,0.044108517467975616
959,0.05263933539390564,0.049792371690273285
960,0.0622151643037796,0.04110090807080269
961,0.040761109441518784,0.04293227568268776
962,0.05753248929977417,0.05779237300157547
963,0.07446059584617615,0.05613229423761368
964,0.04554903879761696,0.04021822288632393
965,0.033985864371061325,0.026090336963534355
966,0.03885779529809952,0.04430631175637245
967,0.07263977825641632,0.06969106197357178
968,0.05261559411883354,0.05380009487271309
969,0.05840221792459488,0.052687447518110275
970,0.058360613882541656,0.053499653935432434
971,0.04736826568841934,0.03896784037351608
972,0.053723882883787155,0.0413181446492672
973,0.037091441452503204,0.019291361793875694
974,0.03129173442721367,0.029970264062285423
975,0.021479886025190353,0.015177405439317226
976,0.014284027740359306,0.007201775908470154
977,0.01845157891511917,0.0269740242511034
978,0.018029963597655296,0.013012202456593513
979,0.04218493029475212,0.04427367448806763
980,0.04977826774120331,0.050533536821603775
981,0.03839802369475365,0.02762788161635399
982,0.04429774358868599,0.047769077122211456
983,0.046293821185827255,0.03774984925985336
984,0.045386798679828644,0.04107781872153282
985,0.048771753907203674,0.043143391609191895
986,0.05418272688984871,0.04547389969229698
987,0.062365058809518814,0.050364747643470764
988,0.05944202467799187,0.05625784024596214
989,0.06536931544542313,0.045729584991931915
990,0.06391003727912903,0.07396424561738968
991,0.07532016187906265,0.06376740336418152
992,0.06521477550268173,0.06113435700535774
993,0.06553130596876144,0.05252254754304886
994,0.07379701733589172,0.057687025517225266
995,0.06313979625701904,0.06068034470081329
996,0.08531540632247925,0.06689781695604324
997,0.05768389254808426,0.059513699263334274
998,0.06926064193248749,0.08070073276758194
999,0.07794590294361115,0.07070129364728928
1000,0.08242015540599823,0.08279504626989365
1001,0.08224127441644669,0.06016431003808975
1002,0.05324015021324158,0.04480288550257683
1003,0.04888147860765457,0.043595362454652786
1004,0.07442480325698853,0.054495640099048615
1005,0.05251292511820793,0.04853374883532524
1006,0.04656803235411644,0.04003363847732544
1007,0.052149709314107895,0.03929707407951355
1008,0.038882579654455185,0.048698168247938156
1009,0.030154824256896973,0.02361941523849964
1010,0.019781140610575676,0.016401227563619614
1011,0.016211938112974167,0.020677631720900536
1012,0.025022007524967194,0.020207278430461884
1013,0.032797928899526596,0.01801961287856102
1014,0.03217523172497749,0.040091581642627716
1015,0.05249783769249916,0.04077611863613129
1016,0.0351058691740036,0.026470068842172623
1017,0.044956307858228683,0.027868052944540977
1018,0.03192031756043434,0.015219401568174362
1019,0.049737174063920975,0.034259166568517685
1020,0.0393715426325798,0.04297250509262085
1021,0.0536443293094635,0.03724612668156624
1022,0.05311800539493561,0.039489492774009705
1023,0.051934923976659775,0.03264360874891281
1024,0.019374115392565727,0.019845956936478615
1025,0.03173954784870148,0.034671492874622345
1026,0.05719030275940895,0.05203988403081894
1027,0.06188911572098732,0.06153377890586853
1028,0.05919845774769783,0.06600534170866013
1029,0.0715915635228157,0.06378280371427536
1030,0.08366775512695312,0.07982189208269119
1031,0.06866021454334259,0.03303072229027748
1032,0.05257130414247513,0.051769599318504333
1033,0.06168471276760101,0.04979546740651131
1034,0.04792008921504021,0.03481984883546829
1035,0.06606428325176239,0.05672188475728035
1036,0.0676942989230156,0.04333891719579697
1037,0.040249645709991455,0.029455015435814857
1038,0.04983312636613846,0.04451589286327362
1039,0.04721301048994064,0.04204832389950752
1040,0.04198275879025459,0.041690316051244736
1041,0.06883301585912704,0.05927160382270813
1042,0.04751003906130791,0.05183440074324608
1043,0.05431032180786133,0.06274282932281494
1044,0.0775996595621109,0.07217416167259216
1045,0.06132462993264198,0.049920275807380676
1046,0.07760199904441833,0.06070821359753609
1047,0.04367929697036743,0.029274053871631622
1048,0.039617739617824554,0.035904090851545334
1049,0.0460379458963871,0.03842777758836746
1050,0.02707654982805252,0.024274075403809547
1051,0.028767568990588188,0.0114282863214612
1052,0.02241787314414978,0.0191650353372097
1053,0.02107042260468006,0.01578168384730816
1054,0.04036492481827736,0.037801943719387054
1055,0.05204179883003235,0.043477606028318405
1056,0.03250287473201752,0.016445647925138474
1057,0.04956937953829765,0.04779323935508728
1058,0.05498426780104637,0.050363704562187195
1059,0.06264405697584152,0.05257769301533699
1060,0.052918750792741776,0.03866097331047058
1061,0.04989218711853027,0.04077155888080597
1062,0.06093918904662132,0.04701497033238411
1063,0.047869160771369934,0.041077204048633575
1064,0.03405630216002464,0.03134918957948685
1065,0.03470040112733841,0.033585187047719955
1066,0.053999945521354675,0.047252267599105835
1067,0.06844306737184525,0.05424816161394119
1068,0.05383387580513954,0.056554295122623444
1069,0.07552500069141388,0.05942237004637718
1070,0.04189794883131981,0.036357514560222626
1071,0.035564620047807693,0.03785472363233566
1072,0.046547867357730865,0.04874182119965553
1073,0.053429752588272095,0.02881688065826893
1074,0.05723242461681366,0.04810011014342308
1075,0.0675913617014885,0.053563617169857025
1076,0.06704171001911163,0.043243009597063065
1077,0.06627121567726135,0.05644278973340988
1078,0.06431605666875839,0.061185162514448166
1079,0.064033642411232,0.04264577478170395
1080,0.04809730499982834,0.049121737480163574
1081,0.05319705605506897,0.04232407733798027
1082,0.052388016134500504,0.03438732028007507
1083,0.038499169051647186,0.04068693146109581
1084,0.031539320945739746,0.027898000553250313
1085,0.055879995226860046,0.06111829727888107
1086,0.052829310297966,0.0512649267911911
1087,0.050115916877985,0.02846473641693592
1088,0.04711078852415085,0.033123478293418884
1089,0.042035914957523346,0.026671722531318665
1090,0.025278396904468536,0.01691317744553089
1091,0.02531636320054531,0.021228818222880363
1092,0.03172803670167923,0.03158833086490631
1093,0.05149276927113533,0.049014613032341
1094,0.06358273327350616,0.06300429999828339
1095,0.0567484050989151,0.05194702744483948
1096,0.04678219184279442,0.048105206340551376
1097,0.05054910108447075,0.05119502916932106
1098,0.031232548877596855,0.021569659933447838
1099,0.055869195610284805,0.054190654307603836
1100,0.0524008609354496,0.033242322504520416
1101,0.03078971616923809,0.03333047404885292
1102,0.03384021297097206,0.01987290009856224
1103,0.038898833096027374,0.03165868669748306
1104,0.03317819535732269,0.038162894546985626
1105,0.059706397354602814,0.0571797750890255
1106,0.06153291463851929,0.047118786722421646
1107,0.031867336481809616,0.015308579429984093
1108,0.03473900631070137,0.041816290467977524
1109,0.05358143523335457,0.046377167105674744
1110,0.064024418592453,0.05120783671736717
1111,0.0650615468621254,0.059321992099285126
1112,0.057344477623701096,0.04518279433250427
1113,0.03910484537482262,0.032434165477752686
1114,0.031475573778152466,0.03831154853105545
1115,0.0502544641494751,0.058128006756305695
1116,0.04729384556412697,0.04259435087442398
1117,0.027149559929966927,0.01907932758331299
1118,0.03724409267306328,0.03263590857386589
1119,0.0371994748711586,0.0235879085958004
1120,0.037905097007751465,0.05232955515384674
1121,0.07888756692409515,0.059838782995939255
1122,0.0683615654706955,0.04680725187063217
1123,0.05345209315419197,0.04308262839913368
1124,0.044212136417627335,0.03621132671833038
1125,0.036307912319898605,0.032057859003543854
1126,0.05239059776067734,0.053835976868867874
1127,0.06710077822208405,0.0601876862347126
1128,0.05577688291668892,0.06378218531608582
1129,0.08435364812612534,0.06906839460134506
1130,0.07663644850254059,0.06923658400774002
1131,0.04550563916563988,0.03065992146730423
1132,0.030345192179083824,0.013956280425190926
1133,0.030635127797722816,0.04329192638397217
1134,0.038021598011255264,0.02594982273876667
1135,0.03854414075613022,0.03250901773571968
1136,0.03240560367703438,0.03516864776611328
1137,0.04190906137228012,0.02842462994158268
1138,0.020944252610206604,0.01740286499261856
1139,0.04816703498363495,0.03159179165959358
1140,0.02923654392361641,0.024224814027547836
1141,0.04923471063375473,0.03017004020512104
1142,0.023997262120246887,0.026311416178941727
1143,0.04794478416442871,0.02748004160821438
1144,0.0403204970061779,0.03449941426515579
1145,0.031312353909015656,0.019922472536563873
1146,0.050410304218530655,0.03688187897205353
1147,0.04632994905114174,0.03961631655693054
1148,0.03879517316818237,0.026790611445903778
1149,0.04641861468553543,0.037896186113357544
1150,0.051340069621801376,0.05659731104969978
1151,0.06748927384614944,0.06386589258909225
1152,0.06859810650348663,0.06020716577768326
1153,0.04886960983276367,0.04496544227004051
1154,0.06661291420459747,0.05064960569143295
1155,0.056153785437345505,0.04705193266272545
1156,0.06738153845071793,0.04945041611790657
1157,0.06775100529193878,0.052034441381692886
1158,0.04998810589313507,0.038959160447120667
1159,0.052197787910699844,0.05853024870157242
1160,0.08685523271560669,0.08283423632383347
1161,0.07227759063243866,0.06687014549970627
1162,0.05716710910201073,0.05674232169985771
1163,0.06922264397144318,0.058610670268535614
1164,0.059236906468868256,0.06334630399942398
1165,0.0625537559390068,0.0594942681491375
1166,0.05139976739883423,0.04157445579767227
1167,0.054498184472322464,0.04092764854431152
1168,0.05091270059347153,0.06132974848151207
1169,0.06140037626028061,0.05900926887989044
1170,0.07285793125629425,0.07304210215806961
1171,0.07008828222751617,0.06759819388389587
1172,0.07760428637266159,0.05676625296473503
1173,0.049012087285518646,0.0328347310423851
1174,0.04617772996425629,0.03875928372144699
1175,0.02258330024778843,0.010491494089365005
1176,0.02840832807123661,0.009835483506321907
1177,0.031219951808452606,0.026909327134490013
1178,0.05044924467802048,0.049383215606212616
1179,0.05481500178575516,0.05233566462993622
1180,0.029056452214717865,0.025525815784931183
1181,0.040519729256629944,0.03996429964900017
1182,0.04370717331767082,0.03834328427910805
1183,0.05003616586327553,0.04185390844941139
1184,0.05513981357216835,0.04511246830224991
1185,0.031443558633327484,0.03211601823568344
1186,0.04946282505989075,0.038499392569065094
1187,0.05974312126636505,0.06317811459302902
1188,0.03625783696770668,0.04110996052622795
1189,0.07291235774755478,0.0713559165596962
1190,0.06697945296764374,0.04774568974971771
1191,0.05694005638360977,0.041867636144161224
1192,0.048364073038101196,0.03756202757358551
1193,0.06520543992519379,0.04756273329257965
1194,0.042568638920784,0.027382275089621544
1195,0.041427742689847946,0.027989020571112633
1196,0.029556144028902054,0.030626047402620316
1197,0.03144686296582222,0.02328617312014103
1198,0.03294780105352402,0.01791788823902607
1199,0.04364858940243721,0.03653397411108017
1200,0.051780715584754944,0.061846937984228134
1201,0.06541118025779724,0.05537920817732811
1202,0.06209982931613922,0.05209336057305336
1203,0.04014480113983154,0.04118742421269417
1204,0.05053319036960602,0.040739718824625015
1205,0.07071899622678757,0.06315332651138306
1206,0.058833204209804535,0.05207083746790886
1207,0.042907651513814926,0.035981494933366776
1208,0.05001240596175194,0.044883642345666885
1209,0.046723876148462296,0.04574175924062729
1210,0.049938466399908066,0.03726287931203842
1211,0.04080043360590935,0.04086076095700264
1212,0.054414089769124985,0.049409665167331696
1213,0.043211210519075394,0.050186797976493835
1214,0.05899028852581978,0.03738109767436981
1215,0.04378417879343033,0.03317578509449959
1216,0.02010294795036316,0.01348490547388792
1217,0.016592325642704964,0.02249954268336296
1218,0.03460245952010155,0.018356425687670708
1219,0.030093258246779442,0.016231929883360863
1220,0.013850366696715355,0.0072554247453808784
1221,0.02245749533176422,0.014689577743411064
1222,0.038869522511959076,0.03311294689774513
1223,0.0626034364104271,0.0435628667473793
1224,0.05296538025140762,0.05261997878551483
1225,0.05508740618824959,0.046048764139413834
1226,0.04601958021521568,0.04192633181810379
1227,0.06179915741086006,0.05362250655889511
1228,0.05995604395866394,0.045836709439754486
1229,0.041705720126628876,0.035916294902563095
1230,0.03514276444911957,0.033195365220308304
1231,0.02987765334546566,0.033545274287462234
1232,0.04488985612988472,0.04377857968211174
1233,0.04680149629712105,0.05088404566049576
1234,0.048736196011304855,0.04758041352033615
1235,0.04967840015888214,0.0657268762588501
1236,0.07970622181892395,0.0685703232884407
1237,0.04274629056453705,0.044338345527648926
1238,0.07421085983514786,0.0807991772890091
1239,0.09337853640317917,0.085006482899189
1240,0.06098339334130287,0.0487593412399292
1241,0.03943469375371933,0.040370192378759384
1242,0.0472341813147068,0.039090704172849655
1243,0.05528490990400314,0.05435642972588539
1244,0.056659143418073654,0.048451703041791916
1245,0.06419713795185089,0.062019333243370056
1246,0.06392814218997955,0.06886804103851318
1247,0.07983843982219696,0.07052797079086304
1248,0.04874226450920105,0.043184854090213776
1249,0.04970420151948929,0.03596990928053856
1250,0.05080582946538925,0.04031982272863388
1251,0.043586473912000656,0.04391440749168396
1252,0.035919494926929474,0.02532809041440487
1253,0.023083414882421494,0.02828986756503582
1254,0.04637685418128967,0.042751114815473557
1255,0.058259762823581696,0.04607638716697693
1256,0.05398895591497421,0.04550490528345108
1257,0.04732239246368408,0.046209026128053665
1258,0.07226487249135971,0.04518844932317734
1259,0.058728914707899094,0.04747995734214783
1260,0.06096354499459267,0.049414679408073425
1261,0.032928548753261566,0.03781820088624954
1262,0.06391347199678421,0.05271586403250694
1263,0.05174973979592323,0.040748488157987595
1264,0.031246142461895943,0.03074328415095806
1265,0.03531428799033165,0.04228078946471214
1266,0.03212076425552368,0.02484232187271118
1267,0.049685340374708176,0.03991927206516266
1268,0.05391930416226387,0.057454146444797516
1269,0.04057523235678673,0.036707352846860886
1270,0.032794658094644547,0.024816788733005524
1271,0.014700010418891907,0.02162507176399231
1272,0.029916290193796158,0.042557522654533386
1273,0.029351871460676193,0.01937236450612545
1274,0.0250068549066782,0.01547741424292326
1275,0.037678029388189316,0.030210239812731743
1276,0.01823960803449154,0.012821575626730919
1277,0.005219249054789543,0.0005450223106890917
1278,0.027832353487610817,0.02857060357928276
1279,0.03800788149237633,0.03168727830052376
1280,0.03651998192071915,0.018860293552279472
1281,0.029717743396759033,0.02095632441341877
1282,0.04421808198094368,0.021291939541697502
1283,0.028944652527570724,0.01609659008681774
1284,0.02986597828567028,0.020253723487257957
1285,0.02494177222251892,0.023730598390102386
1286,0.039409611374139786,0.026303280144929886
1287,0.034917086362838745,0.03526132181286812
1288,0.031805478036403656,0.02741658315062523
1289,0.052776169031858444,0.04451115429401398
1290,0.052147265523672104,0.04589636251330376
1291,0.05766461044549942,0.04535946995019913
1292,0.04671095311641693,0.04812409728765488
1293,0.04461228847503662,0.034994374960660934
1294,0.042517006397247314,0.01695304550230503
1295,0.02483498863875866,0.019888943061232567
1296,0.03938007354736328,0.032173462212085724
1297,0.014905528165400028,0.023705951869487762
1298,0.026937659829854965,0.019732991233468056
1299,0.046479515731334686,0.03225803002715111
1300,0.030132511630654335,0.018504397943615913
1301,0.05727028101682663,0.0421455055475235
1302,0.07051441818475723,0.06794160604476929
1303,0.06536059826612473,0.0548558384180069
1304,0.06967908889055252,0.04867773875594139
1305,0.07107457518577576,0.06192702427506447
1306,0.05668534338474274,0.045946236699819565
1307,0.03830684721469879,0.03332855924963951
1308,0.03413091227412224,0.02377813123166561
1309,0.03166657313704491,0.031011328101158142
1310,0.0448463037610054,0.04067713022232056
1311,0.039251022040843964,0.03345876187086105
1312,0.04532407224178314,0.040409039705991745
1313,0.04265395924448967,0.034640319645404816
1314,0.04369918629527092,0.02487359568476677
1315,0.01918823830783367,0.019111834466457367
1316,0.0336080901324749,0.032705649733543396
1317,0.06272109597921371,0.06430691480636597
1318,0.06498795002698898,0.04739455133676529
1319,0.02898845262825489,0.02625121921300888
1320,0.042974185198545456,0.031118161976337433
1321,0.035971567034721375,0.03214352950453758
1322,0.03821713849902153,0.033766988664865494
1323,0.028427843004465103,0.03223920613527298
1324,0.05313461273908615,0.050583723932504654
1325,0.05271603539586067,0.03710555285215378
1326,0.05863381177186966,0.07369089126586914
1327,0.07594389468431473,0.0534379780292511
1328,0.07287591695785522,0.06568022072315216
1329,0.05710350349545479,0.03879758343100548
1330,0.03171297162771225,0.02025427855551243
1331,0.04327121749520302,0.0273185595870018
1332,0.03161332383751869,0.025842944160103798
1333,0.05476440489292145,0.04556424543261528
1334,0.05549576133489609,0.05780554935336113
1335,0.0391380749642849,0.04069460555911064
1336,0.05906640365719795,0.04797322303056717
1337,0.06090494990348816,0.043742161244153976
1338,0.02913971059024334,0.02705487050116062
1339,0.035484571009874344,0.02396819368004799
1340,0.028793590143322945,0.026436755433678627
1341,0.023153269663453102,0.02283000573515892
1342,0.0368964858353138,0.025769680738449097
1343,0.02428889274597168,0.030393332242965698
1344,0.023297110572457314,0.0063661024905741215
1345,0.02425217255949974,0.01988869719207287
1346,0.03208346664905548,0.023498164489865303
1347,0.029504062607884407,0.021126339212059975
1348,0.027228334918618202,0.019843870773911476
1349,0.044391993433237076,0.04150284081697464
1350,0.06155009567737579,0.048356518149375916
1351,0.05913105607032776,0.05579622462391853
1352,0.07470454275608063,0.06325609982013702
1353,0.05422593280673027,0.04971545934677124
1354,0.04793843999505043,0.03127553313970566
1355,0.039340510964393616,0.040030088275671005
1356,0.047011811286211014,0.03952573612332344
1357,0.037930961698293686,0.01316953543573618
1358,0.021951356902718544,0.021600324660539627
1359,0.03972228989005089,0.01272091269493103
1360,0.029832283034920692,0.017797911539673805
1361,0.03927736356854439,0.03472581133246422
1362,0.03586997091770172,0.04297379031777382
1363,0.04232098534703255,0.040132809430360794
1364,0.03329630196094513,0.030762389302253723
1365,0.04080767184495926,0.03311758488416672
1366,0.0356929674744606,0.030223142355680466
1367,0.055731479078531265,0.05611081421375275
1368,0.06521613895893097,0.06647101044654846
1369,0.05661391466856003,0.0479682981967926
1370,0.050154201686382294,0.04996607452630997
1371,0.06268347054719925,0.055511724203825
1372,0.0576406866312027,0.05616696551442146
1373,0.052715420722961426,0.04436693340539932
1374,0.05899754911661148,0.041722722351551056
1375,0.022673606872558594,0.016847677528858185
1376,0.02924520894885063,0.026219122111797333
1377,0.05005546286702156,0.04726773872971535
1378,0.04683346301317215,0.035098232328891754
1379,0.05743537098169327,0.043998975306749344
1380,0.02947074919939041,0.013503549620509148
1381,0.01812233030796051,0.030505819246172905
1382,0.040579263120889664,0.029422223567962646
1383,0.03627845644950867,0.036163169890642166
1384,0.04511455446481705,0.0135035440325737
1385,0.022363390773534775,0.02073386125266552
1386,0.026021314784884453,0.023679766803979874
1387,0.013315319083631039,0.01789204590022564
1388,0.04701189696788788,0.05031772702932358
1389,0.052991390228271484,0.05066783353686333
1390,0.05136685445904732,0.04537376016378403
1391,0.05714718997478485,0.05837273970246315
1392,0.06436324864625931,0.0510418638586998
1393,0.07622544467449188,0.06993509829044342
1394,0.04422922804951668,0.03516033664345741
1395,0.05067320540547371,0.039431311190128326
1396,0.046989161521196365,0.03576785698533058
1397,0.051942311227321625,0.05218853801488876
1398,0.0662059411406517,0.05592930316925049
1399,0.05438705161213875,0.03822697326540947
1400,0.05424712970852852,0.04975906014442444
1401,0.04668617993593216,0.0414620116353035
1402,0.07424230128526688,0.08167015761137009
1403,0.09073983132839203,0.08473902195692062
1404,0.07154270261526108,0.07633055001497269
1405,0.07708163559436798,0.0723339319229126
1406,0.0814894512295723,0.06535514444112778
1407,0.09238263219594955,0.06467815488576889
1408,0.0674138218164444,0.059723179787397385
1409,0.05102265253663063,0.042830754071474075
1410,0.058877184987068176,0.04056176543235779
1411,0.04064055159687996,0.03643137216567993
1412,0.046854082494974136,0.032005127519369125
1413,0.04689523205161095,0.03960726782679558
1414,0.04370613396167755,0.022698188200592995
1415,0.04354936629533768,0.0487215593457222
1416,0.07326484471559525,0.06010176241397858
1417,0.04990314319729805,0.039073143154382706
1418,0.047996021807193756,0.03588997200131416
1419,0.018829837441444397,0.004956657066941261
1420,0.020823795348405838,0.005037945695221424
1421,0.040646281093358994,0.02804936282336712
1422,0.044223301112651825,0.03369820490479469
1423,0.03944845497608185,0.030531620606780052
1424,0.030840836465358734,0.018069643527269363
1425,0.03968649357557297,0.04077817127108574
1426,0.06243879348039627,0.06462343782186508
1427,0.07631312310695648,0.07000010460615158
1428,0.058036863803863525,0.05733794718980789
1429,0.0797237977385521,0.053066007792949677
1430,0.03510395437479019,0.020269198343157768
1431,0.022259488701820374,0.02154449187219143
1432,0.04897131398320198,0.05304582417011261
1433,0.06640356779098511,0.05515897646546364
1434,0.07971618324518204,0.057510342448949814
1435,0.04357831925153732,0.05641138181090355
1436,0.051176879554986954,0.03334471955895424
1437,0.029825737699866295,0.01154051162302494
1438,0.03164137527346611,0.00900771003216505
1439,0.024231335148215294,0.012477797456085682
1440,0.027919860556721687,0.016475625336170197
1441,0.02202075533568859,0.028404081240296364
1442,0.030785581097006798,0.03183973208069801
1443,0.031859010457992554,0.03515857830643654
1444,0.041128117591142654,0.04364985227584839
1445,0.03650366887450218,0.03350655734539032
1446,0.07068148255348206,0.06978444755077362
1447,0.07692696899175644,0.054132912307977676
1448,0.05306851118803024,0.04948429390788078
1449,0.0616019107401371,0.04673127084970474
1450,0.05671929195523262,0.052839089184999466
1451,0.07311858236789703,0.06995164602994919
1452,0.06398627161979675,0.05563775449991226
1453,0.05853186547756195,0.043752241879701614
1454,0.05118829011917114,0.062277816236019135
1455,0.06017528846859932,0.03729579597711563
1456,0.07526294142007828,0.05598638951778412
1457,0.05258141830563545,0.05005374923348427
1458,0.06911247968673706,0.0822395607829094
1459,0.06850934028625488,0.05250934883952141
1460,0.05401337519288063,0.052127040922641754
1461,0.05158255621790886,0.03453313186764717
1462,0.031293731182813644,0.024515870958566666
1463,0.049909379333257675,0.049083929508924484
1464,0.04426009953022003,0.0371643602848053
1465,0.033180009573698044,0.03096577525138855
1466,0.03815817832946777,0.03894078731536865
1467,0.05828670412302017,0.04263373464345932
1468,0.058030981570482254,0.03663983568549156
1469,0.05038902536034584,0.04343129321932793
1470,0.04922744259238243,0.04579274356365204
1471,0.06333248317241669,0.04922669008374214
1472,0.03621396794915199,0.025649990886449814
1473,0.046262118965387344,0.0404469333589077
1474,0.053186215460300446,0.04721096530556679
1475,0.0633944645524025,0.05904458090662956
1476,0.05858632177114487,0.050621893256902695
1477,0.0350751131772995,0.023950817063450813
1478,0.03624607250094414,0.038696568459272385
1479,0.043342798948287964,0.03506159037351608
1480,0.03643995523452759,0.02817506715655327
1481,0.030359454452991486,0.032257597893476486
1482,0.04326599836349487,0.03368494659662247
1483,0.04051730036735535,0.04994034394621849
1484,0.04540276154875755,0.03485814854502678
1485,0.04823000356554985,0.03674733266234398
1486,0.05614373832941055,0.038532156497240067
1487,0.035291530191898346,0.04467030242085457
1488,0.05385727807879448,0.050162479281425476
1489,0.06638547778129578,0.0533566027879715
1490,0.0579293891787529,0.056449368596076965
1491,0.06366287916898727,0.05228863283991814
1492,0.05952939763665199,0.05442606657743454
1493,0.03184208273887634,0.024336164817214012
1494,0.02558482252061367,0.016847755759954453
1495,0.027325039729475975,0.03046386130154133
1496,0.05532294884324074,0.049825701862573624
1497,0.07176351547241211,0.06804630160331726
1498,0.07561229169368744,0.05709565430879593
1499,0.04822978004813194,0.032562024891376495
1500,0.058791834861040115,0.04282713308930397
1501,0.035936757922172546,0.01450238935649395
1502,0.027640320360660553,0.03370707482099533
1503,0.06578166782855988,0.0598725788295269
1504,0.061737798154354095,0.05363207682967186
1505,0.06050490960478783,0.06365863233804703
1506,0.05800115317106247,0.03143613040447235
1507,0.045324452221393585,0.04225293919444084
1508,0.06592301279306412,0.04536694660782814
1509,0.061064913868904114,0.06686978042125702
1510,0.06897708773612976,0.054755695164203644
1511,0.06008393317461014,0.046954814344644547
1512,0.07720467448234558,0.07632257044315338
1513,0.07198107242584229,0.060022104531526566
1514,0.04100797325372696,0.027875158935785294
1515,0.04442309960722923,0.024262724444270134
1516,0.010264898650348186,0.008005951531231403
1517,0.000874759687576443,0.004629394039511681
1518,0.010408880189061165,0.012228778563439846
1519,0.019883885979652405,0.0026251368690282106
1520,0.0008994153467938304,-0.009624002501368523
1521,0.0030245345551520586,-0.011711408384144306
1522,0.019116666167974472,0.026947643607854843
1523,0.034367404878139496,0.03572959452867508
1524,0.02442893385887146,0.004983195103704929
1525,0.02146666869521141,0.01914879120886326
1526,0.04316406697034836,0.024868806824088097
1527,0.03720001131296158,0.024398742243647575
1528,0.038675080984830856,0.04018146172165871
1529,0.051955051720142365,0.045575451105833054
1530,0.05040329322218895,0.04343656823039055
1531,0.0554891861975193,0.06400123983621597
1532,0.05773045867681503,0.049684930592775345
1533,0.05575248599052429,0.04597369208931923
1534,0.05154980346560478,0.04290119558572769
1535,0.0540713407099247,0.05556732416152954
1536,0.06000126153230667,0.055828843265771866
1537,0.08428972959518433,0.06774359196424484
1538,0.06698962301015854,0.07005055248737335
1539,0.05355919897556305,0.05380500108003616
1540,0.04419269412755966,0.04783868417143822
1541,0.04171895235776901,0.037114426493644714
1542,0.03100462257862091,0.028596876189112663
1543,0.041222695261240005,0.032894719392061234
1544,0.03860246390104294,0.0410594679415226
1545,0.059534378349781036,0.05993213132023811
1546,0.06058486923575401,0.06015145033597946
1547,0.0629822239279747,0.05208945274353027
1548,0.06641583144664764,0.060624752193689346
1549,0.03743183985352516,0.03387293592095375
1550,0.0402255654335022,0.04374320060014725
1551,0.034985147416591644,0.03216756880283356
1552,0.037419434636831284,0.016511065885424614
1553,0.01713629998266697,0.00905225332826376
1554,0.020512353628873825,0.006629333831369877
1555,0.02948528528213501,0.026583926752209663
1556,0.04537924751639366,0.035879090428352356
1557,0.03511272370815277,0.027183543890714645
1558,0.044803570955991745,0.024206573143601418
1559,0.014466170221567154,0.009538144804537296
1560,0.015869516879320145,0.016526391729712486
1561,0.035936612635850906,0.020061666145920753
1562,0.045536309480667114,0.04725559055805206
1563,0.04549756646156311,0.04273064434528351
1564,0.0484234094619751,0.03863631561398506
1565,0.033228032290935516,0.03093562461435795
1566,0.03869190067052841,0.0378994345664978
1567,0.05718616768717766,0.03323545679450035
1568,0.04916757345199585,0.048042453825473785
1569,0.061949048191308975,0.05479654297232628
1570,0.047847092151641846,0.029443036764860153
1571,0.028995249420404434,0.029554547742009163
1572,0.034393008798360825,0.031928226351737976
1573,0.05745389312505722,0.051117561757564545
1574,0.04939102753996849,0.05362838879227638
1575,0.04472934082150459,0.034481581300497055
1576,0.05935636907815933,0.060381945222616196
1577,0.04178054630756378,0.04007904604077339
1578,0.06595145910978317,0.05949192866683006
1579,0.0849078819155693,0.08071305602788925
1580,0.04745820164680481,0.04269656166434288
1581,0.05778186023235321,0.04120360314846039
1582,0.03745593875646591,0.02779916301369667
1583,0.046393316239118576,0.040650758892297745
1584,0.04271965101361275,0.04615497961640358
1585,0.059016402810811996,0.0451492965221405
1586,0.061949413269758224,0.054823387414216995
1587,0.05424904823303223,0.05169014260172844
1588,0.04299229755997658,0.03927786648273468
1589,0.043666377663612366,0.03493231534957886
1590,0.04111023247241974,0.040745098143815994
1591,0.030740831047296524,0.023572726175189018
1592,0.054802678525447845,0.05948442965745926
1593,0.0390419065952301,0.023051388561725616
1594,0.026526520028710365,0.027452455833554268
1595,0.01575513929128647,0.017306847497820854
1596,0.015014796517789364,0.01733425445854664
1597,0.03136366605758667,0.021714452654123306
1598,0.04600921645760536,0.026767008006572723
1599,0.042102113366127014,0.03110888972878456
1600,0.054061271250247955,0.03715867921710014
1601,0.03569726645946503,0.023769497871398926
1602,0.03081926517188549,0.02672191709280014
1603,0.029180070385336876,0.03268076106905937
1604,0.03025713749229908,0.02923567220568657
1605,0.06671559065580368,0.04322297126054764
1606,0.05438226833939552,0.04320116341114044
1607,0.04475345462560654,0.04908205568790436
1608,0.07400847226381302,0.06295029819011688
1609,0.04285473749041557,0.0308176688849926
1610,0.039733465760946274,0.030487114563584328
1611,0.011935118585824966,0.008025826886296272
1612,0.021825695410370827,0.005935214459896088
1613,0.01198610384017229,0.013807655312120914
1614,0.023036302998661995,0.030358323827385902
1615,0.040876250714063644,0.03771336004137993
1616,0.04094335064291954,0.035336196422576904
1617,0.035252366214990616,0.019169041886925697
1618,0.04163011163473129,0.035980552434921265
1619,0.037791527807712555,0.028190990909934044
1620,0.041200924664735794,0.040208686143159866
1621,0.05468199402093887,0.03597109019756317
1622,0.045659732073545456,0.039489634335041046
1623,0.0552026592195034,0.043034784495830536
1624,0.03312255069613457,0.027736498042941093
1625,0.03138549625873566,0.027803249657154083
1626,0.02341519668698311,0.0224009919911623
1627,0.02882598526775837,0.02495184727013111
1628,0.030767349526286125,0.022761452943086624
1629,0.018660038709640503,0.01858261413872242
1630,0.024577515199780464,0.015854807570576668
1631,0.025004306808114052,0.022843671962618828
1632,0.05696016550064087,0.054039813578128815
1633,0.04019191488623619,0.036183878779411316
1634,0.049943141639232635,0.03977365046739578
1635,0.06401854008436203,0.05321653559803963
1636,0.060529135167598724,0.060671862214803696
1637,0.07367563992738724,0.06714440137147903
1638,0.08797396719455719,0.08055969327688217
1639,0.0775614008307457,0.07084489613771439
1640,0.06312372535467148,0.05135824903845787
1641,0.061616700142621994,0.043993186205625534
1642,0.06913906335830688,0.06582123786211014
1643,0.07684581726789474,0.06026129797101021
1644,0.08139297366142273,0.0730951577425003
1645,0.06832623481750488,0.06947128474712372
1646,0.06724508851766586,0.05579586699604988
1647,0.050913844257593155,0.039393793791532516
1648,0.03465442359447479,0.02082008868455887
1649,0.03932720795273781,0.03554036468267441
1650,0.045711297541856766,0.0436941534280777
1651,0.05129091441631317,0.04398130998015404
1652,0.02254759892821312,0.016698751598596573
1653,0.03848247230052948,0.021909834817051888
1654,0.04006462171673775,0.03989320993423462
1655,0.05036354437470436,0.057893261313438416
1656,0.06723138689994812,0.06396833062171936
1657,0.053385209292173386,0.06131880730390549
1658,0.037473924458026886,0.014934675768017769
1659,0.025256570428609848,0.012222271412611008
1660,0.013444242998957634,0.013145878911018372
1661,0.025723164901137352,0.028141984716057777
1662,0.022071339190006256,0.022766485810279846
1663,0.030446479097008705,0.024273471906781197
1664,0.033332787454128265,0.029413506388664246
1665,0.042358338832855225,0.03117363713681698
1666,0.030618179589509964,0.02398022450506687
1667,0.034925349056720734,0.02408839389681816
1668,0.03720720112323761,0.02564573474228382
1669,0.016377557069063187,0.013355174101889133
1670,0.025777308270335197,0.03665183484554291
1671,0.04749644175171852,0.052406903356313705
1672,0.05843662843108177,0.056857623159885406
1673,0.0884018987417221,0.07409922778606415
1674,0.08624319732189178,0.070618636906147
1675,0.07057925313711166,0.0658697560429573
1676,0.05575217679142952,0.046862103044986725
1677,0.03681169077754021,0.023175904527306557
1678,0.0447578988969326,0.0383174754679203
1679,0.03929871320724487,0.030295783653855324
1680,0.03683977574110031,0.031381070613861084
1681,0.05415256321430206,0.057347990572452545
1682,0.06190071254968643,0.05371218919754028
1683,0.058259062469005585,0.042030949145555496
1684,0.05281015485525131,0.04036540165543556
1685,0.07491406798362732,0.054167963564395905
1686,0.06864064186811447,0.06489960104227066
1687,0.07694882154464722,0.06272603571414948
1688,0.06003844738006592,0.0644308403134346
1689,0.07234898954629898,0.057386185973882675
1690,0.04231458529829979,0.047409381717443466
1691,0.06149527430534363,0.06273578107357025
1692,0.07865322381258011,0.06618034094572067
1693,0.0510886088013649,0.0390925295650959
1694,0.027374623343348503,0.02206284925341606
1695,0.03258344531059265,0.03599550202488899
1696,0.02648923359811306,0.01677539572119713
1697,0.04064362496137619,0.035439323633909225
1698,0.0369240902364254,0.03186021000146866
1699,0.027303846552968025,0.02789939194917679
1700,0.0519942082464695,0.036693934351205826
1701,0.03813363239169121,0.03534983471035957
1702,0.04130937531590462,0.0395837277173996
1703,0.04556787759065628,0.05106454715132713
1704,0.05562744289636612,0.044044412672519684
1705,0.04365575313568115,0.035355329513549805
1706,0.046347323805093765,0.042110420763492584
1707,0.0448404923081398,0.03667741268873215
1708,0.04630864039063454,0.040719859302043915
1709,0.021758055314421654,0.01286800391972065
1710,0.04031378775835037,0.04714885726571083
1711,0.066331647336483,0.07331917434930801
1712,0.07534807175397873,0.08471019566059113
1713,0.09238813817501068,0.07447436451911926
1714,0.05470186471939087,0.04832194373011589
1715,0.06229551136493683,0.04801535978913307
1716,0.05036333203315735,0.05073341354727745
1717,0.06947683542966843,0.0587603822350502
1718,0.06534813344478607,0.0635070875287056
1719,0.07426906377077103,0.06557630747556686
1720,0.05044614151120186,0.03884836286306381
1721,0.06351010501384735,0.05435116961598396
1722,0.0725310817360878,0.07358864694833755
1723,0.08397038280963898,0.06289328634738922
1724,0.05182144045829773,0.03559490665793419
1725,0.03754519298672676,0.03126133605837822
1726,0.04823175072669983,0.03814775496721268
1727,0.04134592413902283,0.036362648010253906
1728,0.031016508117318153,0.024605371057987213
1729,0.04434274137020111,0.03188762441277504
1730,0.059838976711034775,0.05161842703819275
1731,0.048357583582401276,0.04085534065961838
1732,0.038030315190553665,0.031880784779787064
1733,0.033932436257600784,0.03243351727724075
1734,0.029729437083005905,0.01904965192079544
1735,0.02406768873333931,0.017881568521261215
1736,0.03277415782213211,0.04685153812170029
1737,0.052609629929065704,0.04523824527859688
1738,0.05305375158786774,0.042500656098127365
1739,0.04265643656253815,0.03345974534749985
1740,0.05043835937976837,0.04977564886212349
1741,0.05465635657310486,0.03599052131175995
1742,0.04638822749257088,0.04857196286320686
1743,0.022192958742380142,0.018254181370139122
1744,0.0273590125143528,0.02581501565873623
1745,0.02209821157157421,0.016045965254306793
1746,0.03917459025979042,0.03707096725702286
1747,0.03880821540951729,0.024490773677825928
1748,0.04971220716834068,0.05111336335539818
1749,0.06714892387390137,0.05944132059812546
1750,0.0492822490632534,0.03612440824508667
1751,0.057467617094516754,0.04715348780155182
1752,0.03563570976257324,0.03601251542568207
1753,0.04221687093377113,0.048067979514598846
1754,0.07934573292732239,0.07332900911569595
1755,0.07537781447172165,0.06744707375764847
1756,0.0687740370631218,0.0715489611029625
1757,0.09835085272789001,0.09278793632984161
1758,0.07884825766086578,0.06770751625299454
1759,0.07827261090278625,0.05497191846370697
1760,0.05043965205550194,0.052602145820856094
1761,0.034354858100414276,0.03519140183925629
1762,0.03216080367565155,0.038133710622787476
1763,0.01527844276279211,0.02358434908092022
1764,0.023642342537641525,0.030286934226751328
1765,0.04842499643564224,0.04672222211956978
1766,0.039800673723220825,0.026880422607064247
1767,0.03120318613946438,0.013750390149652958
1768,0.03229638934135437,0.035672470927238464
1769,0.04830487444996834,0.043569646775722504
1770,0.047744013369083405,0.04942404106259346
1771,0.04928123578429222,0.034235406666994095
1772,0.06177164241671562,0.061702974140644073
1773,0.07040248066186905,0.058560002595186234
1774,0.07217171043157578,0.06318019330501556
1775,0.06246809661388397,0.05219012871384621
1776,0.053861889988183975,0.04606214538216591
1777,0.07600384205579758,0.05877873674035072
1778,0.06732241064310074,0.05075140669941902
1779,0.06909970939159393,0.060872383415699005
1780,0.06017299368977547,0.044412944465875626
1781,0.046817976981401443,0.043653152883052826
1782,0.03808032348752022,0.04303572699427605
1783,0.051659077405929565,0.035593461245298386
1784,0.03220532462000847,0.045503415167331696
1785,0.05651896819472313,0.05076628923416138
1786,0.06029464304447174,0.042223960161209106
1787,0.029351845383644104,0.03675425425171852
1788,0.05625362694263458,0.05061334744095802
1789,0.04306798055768013,0.037436068058013916
1790,0.03293729946017265,0.018337175250053406
1791,0.02895336039364338,0.03110942617058754
1792,0.034639623016119,0.020755672827363014
1793,0.0372404083609581,0.02152472548186779
1794,0.015285518951714039,0.014218577183783054
1795,0.024354377761483192,0.028581788763403893
1796,0.03338970988988876,0.03749382123351097
1797,0.05513819679617882,0.05214771628379822
1798,0.05034104734659195,0.048328958451747894
1799,0.053922008723020554,0.0406353697180748
1800,0.05198121815919876,0.038013916462659836
1801,0.05727629363536835,0.051208265125751495
1802,0.03980493173003197,0.032779403030872345
1803,0.047447457909584045,0.03005489893257618
1804,0.0511978454887867,0.04766970872879028
1805,0.05304229259490967,0.0446125790476799
1806,0.03334617242217064,0.0266156867146492
1807,0.04216693341732025,0.04022965952754021
1808,0.036240749061107635,0.0327402763068676
1809,0.0360901765525341,0.0364883691072464
1810,0.02989206090569496,0.023003770038485527
1811,0.0368344746530056,0.019624013453722
1812,0.036792147904634476,0.030576340854167938
1813,0.05215955898165703,0.04307771101593971
1814,0.05667578801512718,0.055443935096263885
1815,0.04968404769897461,0.040445517748594284
1816,0.04393145814538002,0.04219945892691612
1817,0.04934639483690262,0.038089364767074585
1818,0.07043829560279846,0.05929400026798248
1819,0.0692083016037941,0.07601123303174973
1820,0.07302189618349075,0.056084126234054565
1821,0.06370462477207184,0.046175744384527206
1822,0.052796751260757446,0.05854075029492378
1823,0.06996459513902664,0.04888250678777695
1824,0.05816326662898064,0.04949776083230972
1825,0.05171645060181618,0.04947338253259659
1826,0.05928735062479973,0.058433182537555695
1827,0.05029456317424774,0.033543527126312256
1828,0.05909836292266846,0.05897087603807449
1829,0.061908867210149765,0.05772996321320534
1830,0.05745187774300575,0.05382394790649414
1831,0.04468519240617752,0.03122617118060589
1832,0.037619058042764664,0.023152679204940796
1833,0.029605016112327576,0.013422874733805656
1834,0.02180195413529873,0.023435449227690697
1835,0.03527367115020752,0.03787887096405029
1836,0.045647673308849335,0.019797462970018387
1837,0.0318128727376461,0.02305709756910801
1838,0.036750033497810364,0.030462507158517838
1839,0.018471907824277878,0.01674976386129856
1840,0.03155060112476349,0.020883461460471153
1841,0.0021579377353191376,0.008412877097725868
1842,0.030098745599389076,0.012727716937661171
1843,0.039113182574510574,0.0380278155207634
1844,0.02477559633553028,0.013943729922175407
1845,0.027965694665908813,0.03224679455161095
1846,0.0535392090678215,0.05185828357934952
1847,0.045463547110557556,0.04167399927973747
1848,0.05955951660871506,0.052382830530405045
1849,0.06980890035629272,0.05854266509413719
1850,0.05835019424557686,0.04979278892278671
1851,0.051213253289461136,0.04296928271651268
1852,0.04281964525580406,0.030507994815707207
1853,0.04329175502061844,0.03967609629034996
1854,0.050136465579271317,0.049977075308561325
1855,0.03557084500789642,0.031046688556671143
1856,0.04386337101459503,0.027195679023861885
1857,0.02458362467586994,0.013686231337487698
1858,0.02759699337184429,0.022831426933407784
1859,0.043118368834257126,0.04014476388692856
1860,0.06700466573238373,0.052961986511945724
1861,0.06639350205659866,0.065076544880867
1862,0.07475665211677551,0.056656140834093094
1863,0.07296910136938095,0.06278221309185028
1864,0.049893010407686234,0.05629953742027283
1865,0.0506804995238781,0.05019671469926834
1866,0.05154202878475189,0.043929968029260635
1867,0.06049720197916031,0.05108359456062317
1868,0.047625452280044556,0.03573179244995117
1869,0.04148288816213608,0.04050873965024948
1870,0.06295346468687057,0.06603644788265228
1871,0.06513750553131104,0.07051532715559006
1872,0.08453262597322464,0.0671650692820549
1873,0.06081249192357063,0.04395926371216774
1874,0.0499449148774147,0.047098807990550995
1875,0.05335502699017525,0.041273340582847595
1876,0.049385927617549896,0.04855114221572876
1877,0.0632629245519638,0.05359715223312378
1878,0.051782313734292984,0.04507727548480034
1879,0.043143197894096375,0.03755437955260277
1880,0.0601852610707283,0.055602241307497025
1881,0.06819788366556168,0.06454946100711823
1882,0.07584813237190247,0.065667062997818
1883,0.055563297122716904,0.03801954165101051
1884,0.04969792813062668,0.050903189927339554
1885,0.0677754357457161,0.07168594002723694
1886,0.06084631755948067,0.05522027984261513
1887,0.08619077503681183,0.0794154480099678
1888,0.07207915931940079,0.05871595814824104
1889,0.06410017609596252,0.06509535759687424
1890,0.08409351110458374,0.0683993324637413
1891,0.07494043558835983,0.06030735373497009
1892,0.05858977884054184,0.05340231955051422
1893,0.0503503642976284,0.04272589832544327
1894,0.05301658436655998,0.058546923100948334
1895,0.04542895779013634,0.04137524589896202
1896,0.03522605448961258,0.03258782625198364
1897,0.044016189873218536,0.045113980770111084
1898,0.03671381250023842,0.02628391981124878
1899,0.029000017791986465,0.021115856245160103
1900,0.05198341980576515,0.04327990859746933
1901,0.03927048668265343,0.020444775000214577
1902,0.038469381630420685,0.028888916596770287
1903,0.04215399548411369,0.0503917895257473
1904,0.05998936668038368,0.06686720997095108
1905,0.07791859656572342,0.06527503579854965
1906,0.07722684741020203,0.06384410709142685
1907,0.06813354790210724,0.05513842776417732
1908,0.06587538123130798,0.06719809025526047
1909,0.06390585005283356,0.046773869544267654
1910,0.04748319461941719,0.040651384741067886
1911,0.059808023273944855,0.03473590314388275
1912,0.049237851053476334,0.04556608945131302
1913,0.03693561255931854,0.03360070660710335
1914,0.03391009196639061,0.03849535807967186
1915,0.045624759048223495,0.05374220758676529
1916,0.07666613906621933,0.05824483558535576
1917,0.05338498204946518,0.05190262570977211
1918,0.07546644657850266,0.06247803941369057
1919,0.07002647966146469,0.058692872524261475
1920,0.05967022478580475,0.05761730670928955
1921,0.05108741670846939,0.046464256942272186
1922,0.03568747267127037,0.02138499543070793
1923,0.02594820410013199,0.029502764344215393
1924,0.035412997007369995,0.020069245249032974
1925,0.04286865144968033,0.04501265287399292
1926,0.05898004397749901,0.06249980255961418
1927,0.06504767388105392,0.04765645042061806
1928,0.025045394897460938,0.037220753729343414
1929,0.021471282467246056,0.03339410573244095
1930,0.03288111835718155,0.016794901341199875
1931,0.048304036259651184,0.04802937060594559
1932,0.03853970766067505,0.03442562744021416
1933,0.026105256751179695,0.01271694153547287
1934,0.02116268128156662,0.01896759681403637
1935,0.018685057759284973,0.018096962943673134
1936,0.0029986167792230844,-0.014576482586562634
1937,-0.005077374633401632,-0.010088014416396618
1938,0.020691825076937675,0.023374784737825394
1939,0.05362959951162338,0.04523412883281708
1940,0.062040235847234726,0.053060874342918396
1941,0.06289050728082657,0.04689428582787514
1942,0.04267323017120361,0.0350254587829113
1943,0.04524441435933113,0.040017131716012955
1944,0.05035960301756859,0.050246693193912506
1945,0.03540562838315964,0.020712098106741905
1946,0.02659432403743267,0.012788242660462856
1947,0.041787195950746536,0.042997367680072784
1948,0.06367376446723938,0.053688663989305496
1949,0.03695259243249893,0.020790327340364456
1950,0.03856206685304642,0.03613055497407913
1951,0.03266357630491257,0.01569492556154728
1952,0.025890463963150978,0.022044692188501358
1953,0.02711852826178074,0.028647303581237793
1954,0.01357632502913475,-0.001153988647274673
1955,0.01840241439640522,0.007932169362902641
1956,0.032293014228343964,0.020498549565672874
1957,0.03365061432123184,0.03592820465564728
1958,0.02745480090379715,0.022982031106948853
1959,0.03841162100434303,0.023473914712667465
1960,0.032411910593509674,0.035152923315763474
1961,0.04776730388402939,0.04502113536000252
1962,0.044337671250104904,0.04202134534716606
1963,0.04269009456038475,0.04221151024103165
1964,0.052925385534763336,0.04680779576301575
1965,0.05771828070282936,0.04644075781106949
1966,0.049902886152267456,0.04293547198176384
1967,0.05969391018152237,0.06113187596201897
1968,0.056632064282894135,0.04524635896086693
1969,0.053585875779390335,0.06814146786928177
1970,0.0471661277115345,0.042115356773138046
1971,0.053314343094825745,0.053003765642642975
1972,0.06275223195552826,0.06215160712599754
1973,0.06700417399406433,0.0555584579706192
1974,0.057774998247623444,0.0550992526113987
1975,0.04930160939693451,0.03976139426231384
1976,0.03529997915029526,0.03241061419248581
1977,0.05978380888700485,0.04967823252081871
1978,0.07759872078895569,0.06116378679871559
1979,0.05118139833211899,0.03335868939757347
1980,0.042841389775276184,0.028809132054448128
1981,0.03573073074221611,0.03901263698935509
1982,0.03506956994533539,0.03105856105685234
1983,0.04229966178536415,0.043817758560180664
1984,0.045308880507946014,0.038229599595069885
1985,0.062042687088251114,0.07165054231882095
1986,0.07827308773994446,0.060078807175159454
1987,0.08541048318147659,0.07112579792737961
1988,0.08983735740184784,0.06880693137645721
1989,0.0572819747030735,0.03740311786532402
1990,0.04410970211029053,0.027155037969350815
1991,0.04975090175867081,0.047902945429086685
1992,0.0696646198630333,0.04196396842598915
1993,0.0366462767124176,0.02985275536775589
1994,0.027905436232686043,0.024988645687699318
1995,0.03108265995979309,0.023930376395583153
1996,0.03538326919078827,0.02512475475668907
1997,0.03182857856154442,0.031054530292749405
1998,0.03637974336743355,0.03362032771110535
1999,0.037796683609485626,0.03718331456184387
2000,0.05955461412668228,0.051268093287944794
2001,0.0505116730928421,0.04982241243124008
2002,0.050916627049446106,0.03269084542989731
2003,0.06280943006277084,0.05070981755852699
2004,0.06549102067947388,0.05908690020442009
2005,0.07976436614990234,0.08097979426383972
2006,0.07805085927248001,0.0704379454255104
2007,0.06607425957918167,0.06532596051692963
2008,0.06124122068285942,0.049879737198352814
2009,0.0672864317893982,0.0703214481472969
2010,0.07545812427997589,0.057922471314668655
2011,0.067550890147686,0.07127997279167175
2012,0.08256102353334427,0.05869412049651146
2013,0.06685741245746613,0.0611356683075428
2014,0.034764207899570465,0.017096882686018944
2015,0.03516201674938202,0.03162967413663864
2016,0.05967368930578232,0.055219244211912155
2017,0.056760724633932114,0.0684688538312912
2018,0.07044053822755814,0.0788024291396141
2019,0.06512086093425751,0.06359155476093292
2020,0.07352323830127716,0.07024897634983063
2021,0.05465180426836014,0.04237552732229233
2022,0.04832781106233597,0.04859870299696922
2023,0.0817950889468193,0.06366808712482452
2024,0.06007615849375725,0.05073719844222069
2025,0.05993960425257683,0.056219082325696945
2026,0.06038157641887665,0.05495292693376541
2027,0.03562074527144432,0.019954277202486992
2028,0.05478605255484581,0.047607894986867905
2029,0.07072935998439789,0.055165570229291916
2030,0.03937133774161339,0.03815042972564697
2031,0.039150383323431015,0.030044591054320335
2032,0.06312677264213562,0.03388279676437378
2033,0.03447980433702469,0.039507169276475906
2034,0.04623579978942871,0.049089349806308746
2035,0.05954771861433983,0.04914617910981178
2036,0.06568064540624619,0.06414881348609924
2037,0.07491925358772278,0.04659213498234749
2038,0.043808288872241974,0.03846118226647377
2039,0.040212444961071014,0.052656542509794235
2040,0.06797762215137482,0.055319976061582565
2041,0.07607676833868027,0.06657601147890091
2042,0.0824524387717247,0.06797049939632416
2043,0.05183066055178642,0.03668094798922539
2044,0.032082680612802505,0.025931183248758316
2045,0.033051423728466034,0.027673613280057907
2046,0.023028714582324028,0.018163572996854782
2047,0.04593344032764435,0.03681054711341858
2048,0.04277428239583969,0.0384272038936615
2049,0.0366961695253849,0.02670036070048809
2050,0.02860400639474392,0.029478196054697037
2051,0.05546126887202263,0.052212875336408615
2052,0.06316963583230972,0.04990464076399803
2053,0.07154962420463562,0.054558541625738144
2054,0.04440241679549217,0.035665955394506454
2055,0.04069023206830025,0.0286522526293993
2056,0.037458114326000214,0.04294351860880852
2057,0.0446922741830349,0.04404313117265701
2058,0.04793810844421387,0.047251880168914795
2059,0.04640495777130127,0.04903339967131615
2060,0.050130732357501984,0.051934968680143356
2061,0.08809794485569,0.07821391522884369
2062,0.07525990903377533,0.061631035059690475
2063,0.06587927043437958,0.0796579048037529
2064,0.07449345290660858,0.05627453327178955
2065,0.05995974317193031,0.0677596777677536
2066,0.0802137553691864,0.06853287667036057
2067,0.04493488371372223,0.033880043774843216
2068,0.016401510685682297,0.015874028205871582
2069,0.04047895595431328,0.03054078482091427
2070,0.04749733582139015,0.043434906750917435
2071,0.046250227838754654,0.039238423109054565
2072,0.06547822803258896,0.05186752602458
2073,0.05511314049363136,0.03666720539331436
2074,0.043479982763528824,0.03808214142918587
2075,0.04095453768968582,0.018961258232593536
2076,0.0342126302421093,0.03685201331973076
2077,0.026607071980834007,0.03720784932374954
2078,0.030824678018689156,0.04596570134162903
2079,0.06658919155597687,0.049613382667303085
2080,0.03476234897971153,0.011695506982505322
2081,0.024590620771050453,0.011221648193895817
2082,0.030084386467933655,0.007615078240633011
2083,0.03552205115556717,0.028270624577999115
2084,0.03572174161672592,0.03426237776875496
2085,0.03159990534186363,0.04295574128627777
2086,0.06414425373077393,0.04975765943527222
2087,0.05035842955112457,0.05118319019675255
2088,0.06420233845710754,0.058585524559020996
2089,0.049899160861968994,0.0543803907930851
2090,0.052629947662353516,0.054326582700014114
2091,0.060857515782117844,0.04961167275905609
2092,0.03612908720970154,0.02634427323937416
2093,0.030895913019776344,0.030090324580669403
2094,0.03946487605571747,0.023356251418590546
2095,0.029708707705140114,0.02980775572359562
2096,0.0498383492231369,0.035090796649456024
2097,0.04717240482568741,0.03585962951183319
2098,0.043225184082984924,0.048918552696704865
2099,0.04410756379365921,0.02611650340259075
2100,0.04526951536536217,0.044722769409418106
2101,0.06555398553609848,0.051925793290138245
2102,0.05823272094130516,0.04112683981657028
2103,0.038023579865694046,0.044544607400894165
2104,0.04579572007060051,0.04075796157121658
2105,0.061061564832925797,0.05338699743151665
2106,0.05134117603302002,0.05111224204301834
2107,0.06406538188457489,0.06429972499608994
2108,0.07526098191738129,0.05996944010257721
2109,0.06530329585075378,0.06096602603793144
2110,0.06557360291481018,0.030589496716856956
2111,0.05529728904366493,0.03401491418480873
2112,0.04593873396515846,0.03899037465453148
2113,0.04796598479151726,0.046845417469739914
2114,0.05166914686560631,0.04337594285607338
2115,0.03297506272792816,0.03419678285717964
2116,0.0503036305308342,0.04686814546585083
2117,0.04271645098924637,0.040813788771629333
2118,0.048137176781892776,0.03419122099876404
2119,0.05726529285311699,0.05189501494169235
2120,0.05337052419781685,0.0429830327630043
2121,0.05390060320496559,0.03585264831781387
2122,0.03203393891453743,0.012284713797271252
2123,0.0434403270483017,0.04064652696251869
2124,0.022689882665872574,0.015030689537525177
2125,0.02676742896437645,0.03125310689210892
2126,0.037652019411325455,0.03338160365819931
2127,0.014938299544155598,0.023269062861800194
2128,0.05281414836645126,0.03980143740773201
2129,0.05019444599747658,0.046710699796676636
2130,0.06350509077310562,0.04245800897479057
2131,0.03748823702335358,0.0338575579226017
2132,0.035176556557416916,0.048807453364133835
2133,0.03362371399998665,0.040323078632354736
2134,0.034357573837041855,0.040173694491386414
2135,0.06353733688592911,0.0635259822010994
2136,0.061767786741256714,0.055047448724508286
2137,0.047039419412612915,0.035099100321531296
2138,0.033057305961847305,0.037225622683763504
2139,0.031839367002248764,0.02639622986316681
2140,0.023815283551812172,0.01326522883027792
2141,0.023270079866051674,0.024087833240628242
2142,0.034363143146038055,0.024432197213172913
2143,0.04710971191525459,0.046192873269319534
2144,0.03950333595275879,0.03286031261086464
2145,0.03353608027100563,0.02722904272377491
2146,0.04185890033841133,0.04906711354851723
2147,0.039521459490060806,0.035255588591098785
2148,0.05132380127906799,0.05671245604753494
2149,0.0447935052216053,0.039167698472738266
2150,0.020672421902418137,0.0126169603317976
2151,0.02177845686674118,0.02271011844277382
2152,0.02766258269548416,0.020928839221596718
2153,0.045791465789079666,0.04457206279039383
2154,0.03889498487114906,0.03188842535018921
2155,0.03650708496570587,0.03582276776432991
2156,0.05164382979273796,0.039767585694789886
2157,0.06245766580104828,0.04710095003247261
2158,0.06727242469787598,0.06189844012260437
2159,0.08380342274904251,0.07760567218065262
2160,0.078105628490448,0.042941849678754807
2161,0.04482531547546387,0.045124053955078125
2162,0.05495363101363182,0.05876484885811806
2163,0.061035897582769394,0.044495824724435806
2164,0.05262935906648636,0.04580894857645035
2165,0.041350774466991425,0.033409830182790756
2166,0.03651425987482071,0.027071313932538033
2167,0.0313568115234375,0.03220205754041672
2168,0.05178891122341156,0.041002240031957626
2169,0.038624830543994904,0.03484320640563965
2170,0.0383739247918129,0.04227245971560478
2171,0.03040822595357895,0.012472379021346569
2172,0.04232719913125038,0.04963671416044235
2173,0.0491546206176281,0.04777432978153229
2174,0.07248595356941223,0.07208945602178574
2175,0.06574521213769913,0.0639883354306221
2176,0.07572081685066223,0.06656475365161896
2177,0.05235615745186806,0.05926978588104248
2178,0.06831526011228561,0.06640322506427765
2179,0.059817664325237274,0.051803987473249435
2180,0.03649511933326721,0.015002955682575703
2181,0.023028209805488586,-0.007177178747951984
2182,0.01664099469780922,0.021353432908654213
2183,0.01686646230518818,0.020321475341916084
2184,0.02909204550087452,0.025145934894680977
2185,0.04731764271855354,0.03133239969611168
2186,0.03548380732536316,0.027861203998327255
2187,0.04225056618452072,0.03350048512220383
2188,0.03854508325457573,0.0295119546353817
2189,0.02060374803841114,0.020344331860542297
2190,0.038823340088129044,0.05658889561891556
2191,0.07271906733512878,0.05875767022371292
2192,0.07022672891616821,0.05248907208442688
2193,0.07590613514184952,0.08013027161359787
2194,0.06190858781337738,0.04335456341505051
2195,0.04636768624186516,0.0486963726580143
2196,0.05190641060471535,0.056981272995471954
2197,0.07997731119394302,0.07114331424236298
2198,0.06451578438282013,0.05530410259962082
2199,0.05550964176654816,0.048453815281391144
2200,0.06495852768421173,0.057903677225112915
2201,0.060779716819524765,0.04888352379202843
2202,0.06927219033241272,0.05023155361413956
2203,0.04993528127670288,0.04849629104137421
2204,0.03606819361448288,0.045084577053785324
2205,0.07071229070425034,0.07704166322946548
2206,0.08641623705625534,0.06896696984767914
2207,0.0630144327878952,0.06727252155542374
2208,0.06185540929436684,0.06874391436576843
2209,0.05615643411874771,0.04732334613800049
2210,0.05814965069293976,0.050235435366630554
2211,0.05256752669811249,0.049982212483882904
2212,0.08081100136041641,0.08678796142339706
2213,0.07120081782341003,0.0570969358086586
2214,0.044909488409757614,0.05427130311727524
2215,0.04883568361401558,0.043057139962911606
2216,0.061343591660261154,0.057140182703733444
2217,0.08159667253494263,0.07996386289596558
2218,0.09940885007381439,0.07809478789567947
2219,0.06268595904111862,0.06119266152381897
2220,0.07167553901672363,0.05574739724397659
2221,0.0676727294921875,0.054855044931173325
2222,0.04088626801967621,0.02835368737578392
2223,0.038578975945711136,0.034233931452035904
2224,0.04009906202554703,0.03892741724848747
2225,0.02396715059876442,0.0423712357878685
2226,0.04941011592745781,0.03998574614524841
2227,0.03711291775107384,0.03364064544439316
2228,0.04105348512530327,0.03783751651644707
2229,0.042485643178224564,0.058240558952093124
2230,0.08141064643859863,0.06774505972862244
2231,0.06284148246049881,0.07132800668478012
2232,0.06795826554298401,0.06152460351586342
2233,0.053720623254776,0.046989165246486664
2234,0.043738674372434616,0.03663111478090286
2235,0.0602644719183445,0.06267327815294266
2236,0.06870115548372269,0.069424107670784
2237,0.061894241720438004,0.04368014261126518
2238,0.058591797947883606,0.043166305869817734
2239,0.03048291988670826,0.01895982027053833
2240,0.02259056270122528,0.02837810292840004
2241,0.016017580404877663,0.028798846527934074
2242,0.022504864260554314,0.019075533375144005
2243,0.03529881685972214,0.027169877663254738
2244,0.037004489451646805,0.055615052580833435
2245,0.054197147488594055,0.04905730485916138
2246,0.06013013422489166,0.051679257303476334
2247,0.039313048124313354,0.030521919950842857
2248,0.03455770015716553,0.035140059888362885
2249,0.03345980495214462,0.04489002376794815
2250,0.06135684251785278,0.050552140921354294
2251,0.05006539821624756,0.0506628043949604
2252,0.038512222468853,0.03744275122880936
2253,0.04608038440346718,0.032155558466911316
2254,0.0547371469438076,0.044241297990083694
2255,0.043904826045036316,0.03531055897474289
2256,0.042157046496868134,0.02597745694220066
2257,0.021506041288375854,0.025297679007053375
2258,0.042267292737960815,0.02627483755350113
2259,0.034110620617866516,0.03195222467184067
2260,0.05580821633338928,0.0650874674320221
2261,0.0792236253619194,0.06917931139469147
2262,0.05660158768296242,0.05280027911067009
2263,0.05001859366893768,0.04337717592716217
2264,0.05631949380040169,0.047311387956142426
2265,0.04914509877562523,0.03491511940956116
2266,0.03635614737868309,0.046986255794763565
2267,0.05803780257701874,0.037584248930215836
2268,0.048715051263570786,0.04083764925599098
2269,0.06432289630174637,0.05298401042819023
2270,0.0549120157957077,0.04704532027244568
2271,0.04630402475595474,0.04202181100845337
2272,0.03732048347592354,0.04072491079568863
2273,0.05858461931347847,0.05956554412841797
2274,0.056371383368968964,0.039758969098329544
2275,0.026334352791309357,0.02248196117579937
2276,0.03550689294934273,0.03290751203894615
2277,0.024123337119817734,0.03510047867894173
2278,0.04043766111135483,0.025142541155219078
2279,0.031826574355363846,0.04224153235554695
2280,0.057540833950042725,0.04219615459442139
2281,0.04071519151329994,0.0500183068215847
2282,0.06780479848384857,0.05852070078253746
2283,0.05606365203857422,0.049930788576602936
2284,0.03529689460992813,0.036141350865364075
2285,0.04872775450348854,0.04912828281521797
2286,0.05127966031432152,0.045360028743743896
2287,0.06461718678474426,0.06565172970294952
2288,0.06452114880084991,0.05364636704325676
2289,0.04723513498902321,0.054737359285354614
2290,0.05467280372977257,0.052879348397254944
2291,0.06032760813832283,0.05792802572250366
2292,0.0719989761710167,0.07186109572649002
2293,0.06938061863183975,0.06739821285009384
2294,0.06231154501438141,0.06101579591631889
2295,0.05818535014986992,0.05582338199019432
2296,0.06747154146432877,0.05750745162367821
2297,0.053736086934804916,0.05166732892394066
2298,0.04628394544124603,0.0476313941180706
2299,0.05635171756148338,0.047963887453079224
2300,0.042949363589286804,0.03139497712254524
2301,0.04715729504823685,0.03587216138839722
2302,0.022593367844820023,0.02646063081920147
2303,0.03913046047091484,0.042512424290180206
2304,0.050272807478904724,0.04486163333058357
2305,0.026216203346848488,0.01945999637246132
2306,0.03942660987377167,0.031032878905534744
2307,0.04036783054471016,0.03900573402643204
2308,0.059811972081661224,0.05817452073097229
2309,0.054921332746744156,0.0458359532058239
2310,0.052993640303611755,0.046337537467479706
2311,0.04773679003119469,0.03183938190340996
2312,0.04794459789991379,0.03590722382068634
2313,0.03979339823126793,0.03726770356297493
2314,0.05921519175171852,0.07154843211174011
2315,0.05987459421157837,0.04416497051715851
2316,0.030334828421473503,0.02200397662818432
2317,0.017877504229545593,0.039761021733284
2318,0.04615350067615509,0.02687652036547661
2319,0.055148035287857056,0.04077319800853729
2320,0.06630889326334,0.04966992512345314
2321,0.04715811833739281,0.04246840998530388
2322,0.06993573158979416,0.05206134542822838
2323,0.036170195788145065,0.023232918232679367
2324,0.022292042151093483,0.02336064539849758
2325,0.010615291073918343,0.00936240516602993
2326,0.01618845760822296,0.01129203662276268
2327,0.0268112625926733,0.033693090081214905
2328,0.03304937481880188,0.029772840440273285
2329,0.046844493597745895,0.03730173036456108
2330,0.04021351411938667,0.03364195674657822
2331,0.04185189679265022,0.029326044023036957
2332,0.040031030774116516,0.027497367933392525
2333,0.030394921079277992,0.031201228499412537
2334,0.05196661874651909,0.05715559795498848
2335,0.04744626209139824,0.043133094906806946
2336,0.035756971687078476,0.02889067307114601
2337,0.02814392000436783,0.025727588683366776
2338,0.05261588841676712,0.034291062504053116
2339,0.033440470695495605,0.036580681800842285
2340,0.055421989411115646,0.040980707854032516
2341,0.028042834252119064,0.020826291292905807
2342,0.029573023319244385,0.02254372276365757
2343,0.044812966138124466,0.04017311707139015
2344,0.040605511516332626,0.03608977794647217
2345,0.047304753214120865,0.045485932379961014
2346,0.052712686359882355,0.04728376120328903
2347,0.06525081396102905,0.05542020499706268
2348,0.04688601940870285,0.03315763548016548
2349,0.03574972599744797,0.03145330399274826
2350,0.03658800944685936,0.03795875981450081
2351,0.05251151695847511,0.0352022722363472
2352,0.04402122646570206,0.05061188340187073
2353,0.04350949451327324,0.03815281018614769
2354,0.04996175691485405,0.05181308835744858
2355,0.0747547447681427,0.074771948158741
2356,0.08079656958580017,0.06980772316455841
2357,0.06969320774078369,0.06020459160208702
2358,0.07949554920196533,0.06945551931858063
2359,0.0805426612496376,0.06756436824798584
2360,0.07205337285995483,0.06758829951286316
2361,0.09300536662340164,0.0889386460185051
2362,0.08120010793209076,0.0744209736585617
2363,0.05659585818648338,0.05484208092093468
2364,0.08148528635501862,0.07972510904073715
2365,0.05437358096241951,0.05175219848752022
2366,0.04929400980472565,0.04808598384261131
2367,0.02877938561141491,0.03343287855386734
2368,0.048416078090667725,0.04857735335826874
2369,0.0636390969157219,0.06280437856912613
2370,0.06398072093725204,0.05641504004597664
2371,0.05716877803206444,0.04160080850124359
2372,0.06015317514538765,0.05374264717102051
2373,0.05255128815770149,0.050938237458467484
2374,0.027870459482073784,0.019775129854679108
2375,0.04215456545352936,0.031246285885572433
2376,0.04702725261449814,0.04267279431223869
2377,0.04662570357322693,0.049754247069358826
2378,0.047329340130090714,0.03858666494488716
2379,0.05374011769890785,0.05150613188743591
2380,0.0520009808242321,0.024694886058568954
2381,0.029398273676633835,0.013870869763195515
2382,0.042518116533756256,0.028254030272364616
2383,0.046169932931661606,0.053165942430496216
2384,0.05380250886082649,0.05921698361635208
2385,0.07202313095331192,0.08404125273227692
2386,0.06281382590532303,0.05598093941807747
2387,0.058867163956165314,0.04907026141881943
2388,0.05218154937028885,0.03645382076501846
2389,0.040520429611206055,0.042464327067136765
2390,0.04977112263441086,0.04056303948163986
2391,0.04097806289792061,0.04800094664096832
2392,0.04229924827814102,0.025675393640995026
2393,0.04535776376724243,0.043872229754924774
2394,0.03956414386630058,0.037121232599020004
2395,0.045327335596084595,0.04744616523385048
2396,0.03608037158846855,0.028682881966233253
2397,0.04988068342208862,0.03688155487179756
2398,0.06061001867055893,0.05539538338780403
2399,0.0636187344789505,0.058008305728435516
2400,0.06055239960551262,0.05575628951191902
2401,0.05355662479996681,0.04931247606873512
2402,0.07731988281011581,0.06605304032564163
2403,0.07914508134126663,0.06699372082948685
2404,0.052635375410318375,0.03969866409897804
2405,0.05863470211625099,0.04419790208339691
2406,0.06081211194396019,0.055700913071632385
2407,0.049285467714071274,0.04242883622646332
2408,0.03756437823176384,0.03371482715010643
2409,0.05348721891641617,0.05852092057466507
2410,0.06618353724479675,0.04863422363996506
2411,0.053797490894794464,0.04743070900440216
2412,0.06326097995042801,0.0562787801027298
2413,0.051793422549963,0.03454863280057907
2414,0.03619622439146042,0.02076483704149723
2415,0.032807234674692154,0.03634703904390335
2416,0.06115466356277466,0.04902036860585213
2417,0.0491086021065712,0.045145291835069656
2418,0.04400630295276642,0.038520634174346924
2419,0.03405265510082245,0.02387235127389431
2420,0.04584730789065361,0.04363824427127838
2421,0.037246014922857285,0.030867800116539
2422,0.04505641758441925,0.04506738856434822
2423,0.05487959459424019,0.05334297940135002
2424,0.044487420469522476,0.04632723703980446
2425,0.036636751145124435,0.02566497027873993
2426,0.032695308327674866,0.03868895024061203
2427,0.05852128192782402,0.05648297443985939
2428,0.06499628722667694,0.053246065974235535
2429,0.05026286840438843,0.04652228206396103
2430,0.0498676672577858,0.054578423500061035
2431,0.06297613680362701,0.049917466938495636
2432,0.05212904140353203,0.05229664966464043
2433,0.05162309482693672,0.04368233680725098
2434,0.04976067692041397,0.04643501713871956
2435,0.05414998531341553,0.05276668816804886
2436,0.0335603766143322,0.03591473028063774
2437,0.03358827531337738,0.02014678344130516
2438,0.049811337143182755,0.04285646975040436
2439,0.07208990305662155,0.06628796458244324
2440,0.054789137095212936,0.04019440338015556
2441,0.036426421254873276,0.03344567120075226
2442,0.040892548859119415,0.03394221514463425
2443,0.04898703843355179,0.03312370553612709
2444,0.03995286673307419,0.026329170912504196
2445,0.045329898595809937,0.03235026076436043
2446,0.059566788375377655,0.07266932725906372
2447,0.07327951490879059,0.060950424522161484
2448,0.0526738315820694,0.03987077251076698
2449,0.05237885192036629,0.051337167620658875
2450,0.05330614745616913,0.056321315467357635
2451,0.04927201196551323,0.038058243691921234
2452,0.030957985669374466,0.02810598723590374
2453,0.04601938650012016,0.04228026792407036
2454,0.04634705185890198,0.04045214131474495
2455,0.05348801985383034,0.034463781863451004
2456,0.03592437505722046,0.014874319545924664
2457,0.014774630777537823,0.019223477691411972
2458,0.05861787497997284,0.04288353770971298
2459,0.04200528562068939,0.0443134643137455
2460,0.07476839423179626,0.05845137685537338
2461,0.07401659339666367,0.07175082713365555
2462,0.05527365580201149,0.047111403197050095
2463,0.05269814282655716,0.0493154376745224
2464,0.06821691989898682,0.07034728676080704
2465,0.08452226966619492,0.07229568809270859
2466,0.08532882481813431,0.06430031359195709
2467,0.05699102208018303,0.04827526584267616
2468,0.04881089925765991,0.03916586935520172
2469,0.02130451239645481,0.014458338730037212
2470,0.02654305286705494,0.00960896722972393
2471,0.04359197989106178,0.04132387414574623
2472,0.04478771612048149,0.03858966752886772
2473,0.04085212200880051,0.035876382142305374
2474,0.06450532376766205,0.06973728537559509
2475,0.06813787668943405,0.06439351290464401
2476,0.07643388956785202,0.07116356492042542
2477,0.08031000941991806,0.04219145327806473
2478,0.037750788033008575,0.030509212985634804
2479,0.02203483320772648,0.031089279800653458
2480,0.052025359123945236,0.03630611300468445
2481,0.035423457622528076,0.025724222883582115
2482,0.034763891249895096,0.03786010295152664
2483,0.03966503590345383,0.04204948619008064
2484,0.05493270233273506,0.043956127017736435
2485,0.04739496111869812,0.04711107164621353
2486,0.058878302574157715,0.0564909391105175
2487,0.05740007013082504,0.04192410036921501
2488,0.045549701899290085,0.035110220313072205
2489,0.04147789254784584,0.04012380912899971
2490,0.04923844337463379,0.0451456718146801
2491,0.04304113984107971,0.03665470331907272
2492,0.0471315011382103,0.04642738774418831
2493,0.047484174370765686,0.03957345336675644
2494,0.05331091210246086,0.04935207590460777
2495,0.04926644265651703,0.037396885454654694
2496,0.029384294524788857,0.026422658935189247
2497,0.035349421203136444,0.03377247601747513
2498,0.04507958143949509,0.03225833922624588
2499,0.019229456782341003,0.023103797808289528
2500,0.03601493313908577,0.03397885710000992
2501,0.04987980052828789,0.049406569451093674
2502,0.0475023090839386,0.03435242921113968
2503,0.03630581498146057,0.030187055468559265
2504,0.04391074925661087,0.035323366522789
2505,0.050093285739421844,0.046549879014492035
2506,0.04690132662653923,0.03130451589822769
2507,0.05845015496015549,0.04491475224494934
2508,0.05783458054065704,0.05562276393175125
2509,0.03060009330511093,0.02480226196348667
2510,0.040312230587005615,0.026519639417529106
2511,0.028551509603857994,0.026358243077993393
2512,0.06015729531645775,0.05247407406568527
2513,0.03624759986996651,0.02304507978260517
2514,0.035247672349214554,0.029229620471596718
2515,0.05985616147518158,0.04646731913089752
2516,0.05591617152094841,0.044647879898548126
2517,0.02073623798787594,0.005575357936322689
2518,0.008014388382434845,0.005833243019878864
2519,0.023835958912968636,0.014442679472267628
2520,0.024847157299518585,0.01768568530678749
2521,0.02224801294505596,0.017109757289290428
2522,0.03500748053193092,0.02214648388326168
2523,0.038404013961553574,0.03251560032367706
2524,0.07611018419265747,0.06263624876737595
2525,0.07834016531705856,0.06237216666340828
2526,0.05726275220513344,0.057241782546043396
2527,0.05005383864045143,0.04252941161394119
2528,0.05289330706000328,0.04317387938499451
2529,0.056342437863349915,0.05047104135155678
2530,0.054309893399477005,0.04230528697371483
2531,0.05544683709740639,0.029682006686925888
2532,0.020321834832429886,0.023898513987660408
2533,0.04035060852766037,0.0248390045017004
2534,0.025192709639668465,0.02407943457365036
2535,0.02814209833741188,0.02485978603363037
2536,0.028542548418045044,0.02323787659406662
2537,0.026528870686888695,0.02051333524286747
2538,0.02851320616900921,0.02594798617064953
2539,0.031506653875112534,0.012681546621024609
2540,0.032093729823827744,0.016036948189139366
2541,0.013503576628863811,0.015722746029496193
2542,0.03979937732219696,0.022956011816859245
2543,0.031052859500050545,0.02455989271402359
2544,0.023745913058519363,0.012645240873098373
2545,0.03384607285261154,0.03716176003217697
2546,0.05229685828089714,0.04487558454275131
2547,0.05931323766708374,0.055387914180755615
2548,0.06021605804562569,0.05475487560033798
2549,0.062427110970020294,0.06130853295326233
2550,0.07124784588813782,0.07625281065702438
2551,0.08243133127689362,0.0573221817612648
2552,0.05293389782309532,0.0705498531460762
2553,0.06633079051971436,0.057206835597753525
2554,0.08740702271461487,0.07736637443304062
2555,0.06673000752925873,0.05291016027331352
2556,0.04344114661216736,0.029542215168476105
2557,0.0467921607196331,0.04469969868659973
2558,0.04714806377887726,0.03581209108233452
2559,0.04675603285431862,0.04485030844807625
2560,0.04536854475736618,0.026859205216169357
2561,0.04032957926392555,0.03409871831536293
2562,0.03554501011967659,0.03154747188091278
2563,0.0660925805568695,0.06387300789356232
2564,0.0803534984588623,0.06251613050699234
2565,0.06620267033576965,0.05173152685165405
2566,0.04781750589609146,0.044313617050647736
2567,0.04875411465764046,0.047564029693603516
2568,0.053238414227962494,0.05035247653722763
2569,0.05370615795254707,0.03792135417461395
2570,0.05339420214295387,0.04480157420039177
2571,0.055885300040245056,0.04915034398436546
2572,0.03493135794997215,0.04334885627031326
2573,0.040326543152332306,0.03304115682840347
2574,0.047409821301698685,0.03255052492022514
2575,0.03689279779791832,0.03503276780247688
2576,0.05226590484380722,0.05719481408596039
2577,0.07072824984788895,0.06831593066453934
2578,0.06910155713558197,0.06758341193199158
2579,0.05447107553482056,0.04989538714289665
2580,0.04372335970401764,0.03840144723653793
2581,0.06263244897127151,0.04873402416706085
2582,0.0382249541580677,0.03766048699617386
2583,0.04384676367044449,0.03628679737448692
2584,0.04180879890918732,0.03324311971664429
2585,0.04346446692943573,0.04878091439604759
2586,0.042958736419677734,0.020943691954016685
2587,0.05246461182832718,0.04542340710759163
2588,0.041957780718803406,0.02987445704638958
2589,0.052587058395147324,0.03323596715927124
2590,0.04127663001418114,0.040047284215688705
2591,0.051802653819322586,0.05017021298408508
2592,0.06860148161649704,0.06866699457168579
2593,0.04728133976459503,0.04354815185070038
2594,0.0514790304005146,0.047575145959854126
2595,0.06056562811136246,0.04315360262989998
2596,0.0532190166413784,0.04431406781077385
2597,0.04131198301911354,0.042940523475408554
2598,0.04365403205156326,0.03532996028661728
2599,0.0323425829410553,0.028194066137075424
2600,0.050468094646930695,0.047551438212394714
2601,0.08058511465787888,0.06450411677360535
2602,0.07025068998336792,0.06051710620522499
2603,0.0704883337020874,0.05808892101049423
2604,0.08185802400112152,0.0734775960445404
2605,0.06908918172121048,0.06657806038856506
2606,0.07520226389169693,0.05251946300268173
2607,0.03854529932141304,0.03970107063651085
2608,0.05475375056266785,0.0610998310148716
2609,0.0721101388335228,0.06516019999980927
2610,0.06625985354185104,0.05535244569182396
2611,0.06390120089054108,0.06470190733671188
2612,0.05673056095838547,0.05276399478316307
2613,0.05272603780031204,0.04231560230255127
2614,0.05823071300983429,0.04823126643896103
2615,0.036760810762643814,0.03515391796827316
2616,0.02377161756157875,0.007243601605296135
2617,0.035188645124435425,0.022060679271817207
2618,0.01104571484029293,0.007077408023178577
2619,0.016631197184324265,0.026628199964761734
2620,0.016427893191576004,0.012827165424823761
2621,0.02422793209552765,0.02361694723367691
2622,0.028376920148730278,0.030967988073825836
2623,0.028564486652612686,0.02329281158745289
2624,0.01386855635792017,0.019278576597571373
2625,0.03816526010632515,0.028353555127978325
2626,0.053559914231300354,0.03246212378144264
2627,0.05480371415615082,0.04387121647596359
2628,0.03614388406276703,0.04019930958747864
2629,0.05291728675365448,0.05013669282197952
2630,0.058520469814538956,0.04504949972033501
2631,0.04497111961245537,0.03873295336961746
2632,0.02817513234913349,0.03214406967163086
2633,0.03953417018055916,0.03988218307495117
2634,0.05637161806225777,0.05121862143278122
2635,0.05559111759066582,0.051223721355199814
2636,0.06641776114702225,0.052667565643787384
2637,0.06093211844563484,0.06890364736318588
2638,0.05786961317062378,0.039724159985780716
2639,0.0615689679980278,0.044124893844127655
2640,0.05128950998187065,0.04878496378660202
2641,0.02931792102754116,0.01926553249359131
2642,0.03256718069314957,0.03471539914608002
2643,0.041515327990055084,0.0262552909553051
2644,0.030363446101546288,0.028462395071983337
2645,0.036644306033849716,0.03617570921778679
2646,0.04176580160856247,0.033567413687705994
2647,0.047933563590049744,0.05382236838340759
2648,0.07264414429664612,0.054330576211214066
2649,0.038421306759119034,0.037812285125255585
2650,0.04273223504424095,0.02984502539038658
2651,0.04889345541596413,0.04847412556409836
2652,0.05026495084166527,0.03972887247800827
2653,0.043639954179525375,0.03599510341882706
2654,0.04900769889354706,0.04773568734526634
2655,0.035375770181417465,0.032007183879613876
2656,0.05640638992190361,0.048243384808301926
2657,0.05269952490925789,0.06008691340684891
2658,0.06014150381088257,0.04383470118045807
2659,0.04423253610730171,0.04129361733794212
2660,0.05337093025445938,0.056881703436374664
2661,0.06134025752544403,0.04271566867828369
2662,0.04950772970914841,0.05657980218529701
2663,0.0444767102599144,0.04264221340417862
2664,0.05256163701415062,0.03647705540060997
2665,0.05274268984794617,0.05356457829475403
2666,0.06074819713830948,0.057846132665872574
2667,0.06709723174571991,0.05929877609014511
2668,0.060598816722631454,0.06322552263736725
2669,0.052303750067949295,0.04934227839112282
2670,0.050021182745695114,0.03569108247756958
2671,0.04515558108687401,0.052495382726192474
2672,0.045961931347846985,0.038826171308755875
2673,0.05350670963525772,0.0426175594329834
2674,0.03515481948852539,0.028858179226517677
2675,0.0551191046833992,0.0405358262360096
2676,0.04773164913058281,0.04145128279924393
2677,0.04371310770511627,0.03907331824302673
2678,0.05849762633442879,0.05436310917139053
2679,0.06304429471492767,0.051043801009655
2680,0.044364217668771744,0.042561110109090805
2681,0.06648243963718414,0.06467100232839584
2682,0.056882455945014954,0.0590088814496994
2683,0.0737597718834877,0.07430852949619293
2684,0.08166211098432541,0.07711242139339447
2685,0.07558228820562363,0.07850977033376694
2686,0.06290992349386215,0.03877652436494827
2687,0.05658944696187973,0.05008001998066902
2688,0.03420523926615715,0.027317574247717857
2689,0.015245512127876282,0.022034965455532074
2690,0.03914390131831169,0.0341266505420208
2691,0.03423319011926651,0.020621730014681816
2692,0.035670604556798935,0.016708437353372574
2693,0.03343423083424568,0.021231357008218765
2694,0.03785126656293869,0.035607047379016876
2695,0.025792283937335014,0.024912206456065178
2696,0.06355047971010208,0.06550078839063644
2697,0.0353083573281765,0.024051159620285034
2698,0.029949624091386795,0.013049464672803879
2699,0.02849063277244568,0.02594156749546528
2700,0.01631804369390011,0.01218486949801445
2701,0.022842999547719955,0.01897508278489113
2702,0.03011508658528328,0.019980112090706825
2703,0.03719857707619667,0.02916066162288189
2704,0.027321845293045044,0.019811471924185753
2705,0.03902686759829521,0.024925237521529198
2706,0.04091509431600571,0.024972476065158844
2707,0.039598289877176285,0.02805396355688572
2708,0.02933722734451294,0.03262944519519806
2709,0.058661654591560364,0.05931253358721733
2710,0.05500594899058342,0.034754227846860886
2711,0.04196521267294884,0.04634688049554825
2712,0.07360360026359558,0.056856244802474976
2713,0.058053579181432724,0.036290623247623444
2714,0.038259174674749374,0.05154037848114967
2715,0.06618553400039673,0.05268559232354164
2716,0.04569372907280922,0.03902621567249298
2717,0.06398710608482361,0.044505033642053604
2718,0.06159280613064766,0.0508260540664196
2719,0.05115067958831787,0.05097736790776253
2720,0.06264838576316833,0.051784783601760864
2721,0.04370066523551941,0.043051961809396744
2722,0.04870542511343956,0.044665273278951645
2723,0.04004313424229622,0.012661301530897617
2724,0.015902545303106308,0.018988152965903282
2725,0.021701926365494728,0.026184795424342155
2726,0.04430977255105972,0.02835891768336296
2727,0.031154021620750427,0.03124786727130413
2728,0.03685580566525459,0.019259760156273842
2729,0.03479425236582756,0.02822815626859665
2730,0.03559039160609245,0.041446320712566376
2731,0.0627748891711235,0.052003804594278336
2732,0.03682735562324524,0.03319123014807701
2733,0.04651329293847084,0.042482487857341766
2734,0.04127833619713783,0.03222871944308281
2735,0.05927461385726929,0.06009660288691521
2736,0.05215294659137726,0.047450605779886246
2737,0.05860606208443642,0.050497569143772125
2738,0.04216168075799942,0.05076933652162552
2739,0.06601257622241974,0.06681900471448898
2740,0.07645369321107864,0.06410740315914154
2741,0.07756357640028,0.05851343646645546
2742,0.04487019032239914,0.03813376650214195
2743,0.0642135739326477,0.03895660117268562
2744,0.04075433313846588,0.026278052479028702
2745,0.04663660377264023,0.037393856793642044
2746,0.04139016941189766,0.03977331891655922
2747,0.03388207033276558,0.026872508227825165
2748,0.05295269936323166,0.03649776428937912
2749,0.04309689253568649,0.0430850014090538
2750,0.05024271085858345,0.05430133268237114
2751,0.055240511894226074,0.05439332500100136
2752,0.06225376948714256,0.06030958145856857
2753,0.05117589235305786,0.047707699239254
2754,0.04430457204580307,0.037169065326452255
2755,0.046160753816366196,0.03342265635728836
2756,0.04137275740504265,0.04631499573588371
2757,0.021775802597403526,0.022983020171523094
2758,0.03561953082680702,0.03225559741258621
2759,0.03149356320500374,0.03677040711045265
2760,0.045505590736866,0.03516755625605583
2761,0.03300582244992256,0.02346245013177395
2762,0.01575554348528385,0.012474325485527515
2763,0.02889605052769184,0.022122254595160484
2764,0.018286872655153275,0.013856291770935059
2765,0.040814775973558426,0.034227270632982254
2766,0.04799395799636841,0.03830234706401825
2767,0.0549430213868618,0.03500993549823761
2768,0.061084505170583725,0.062434788793325424
2769,0.05845634639263153,0.06285328418016434
2770,0.05627821013331413,0.0499425083398819
2771,0.0460575670003891,0.043275412172079086
2772,0.04317077249288559,0.04337339103221893
2773,0.03404400870203972,0.027216991409659386
2774,0.04374944791197777,0.03860664367675781
2775,0.056054748594760895,0.049368709325790405
2776,0.0648622214794159,0.06167527288198471
2777,0.061704810708761215,0.04827306047081947
2778,0.03854360803961754,0.025990670546889305
2779,0.033334337174892426,0.03622300550341606
2780,0.0511782132089138,0.04691391438245773
2781,0.06721720099449158,0.06919915974140167
2782,0.0703912153840065,0.060107577592134476
2783,0.06383602321147919,0.0572098046541214
2784,0.04594477638602257,0.0368037186563015
2785,0.03913135454058647,0.035584039986133575
2786,0.028133515268564224,0.024867933243513107
2787,0.009753728285431862,0.01708192192018032
2788,0.041647206991910934,0.018207725137472153
2789,0.02548792213201523,0.015327626839280128
2790,0.05396620184183121,0.056808605790138245
2791,0.062499210238456726,0.06235113739967346
2792,0.06078920140862465,0.04149121418595314
2793,0.04325532913208008,0.03556123748421669
2794,0.03410708159208298,0.026876427233219147
2795,0.0473003163933754,0.03586437553167343
2796,0.05542729049921036,0.021234504878520966
2797,0.033108994364738464,0.02725326269865036
2798,0.028773687779903412,0.018890701234340668
2799,0.033409878611564636,0.018908511847257614
2800,0.01716037653386593,0.014253624714910984
2801,0.017811793833971024,0.01979680359363556
2802,0.0073033166117966175,-0.005035376641899347
2803,0.032321639358997345,0.03425440937280655
2804,0.06498076021671295,0.05969144031405449
2805,0.051109183579683304,0.04555295780301094
2806,0.04871123284101486,0.03458837419748306
2807,0.05059697851538658,0.040358226746320724
2808,0.05946376547217369,0.05691305547952652
2809,0.06335729360580444,0.040032390505075455
2810,0.039732396602630615,0.047446299344301224
2811,0.043124720454216,0.03565453737974167
2812,0.047611385583877563,0.036527860909700394
2813,0.04283946752548218,0.04183562472462654
2814,0.052211131900548935,0.04664934426546097
2815,0.06813383102416992,0.0698549672961235
2816,0.06714528799057007,0.05312621220946312
2817,0.04998066648840904,0.04840801656246185
2818,0.04885965958237648,0.03153374791145325
2819,0.06256318092346191,0.062119655311107635
2820,0.05840210244059563,0.04879309609532356
2821,0.0395439937710762,0.03799881413578987
2822,0.05039840191602707,0.03432833403348923
2823,0.06747791916131973,0.054459672421216965
2824,0.0487237349152565,0.039098866283893585
2825,0.05543765053153038,0.04747529327869415
2826,0.03897799551486969,0.026737475767731667
2827,0.02055436745285988,0.020145952701568604
2828,0.040819235146045685,0.044716693460941315
2829,0.0525033213198185,0.039058368653059006
2830,0.0366232693195343,0.02957252785563469
2831,0.04639068618416786,0.02103440649807453
2832,0.022897295653820038,0.015123950317502022
2833,0.026058990508317947,0.017340492457151413
2834,0.03837943449616432,0.03215827792882919
2835,0.023017218336462975,0.021099017933011055
2836,0.02342623472213745,0.021423939615488052
2837,0.030308173969388008,0.014612274244427681
2838,0.025489667430520058,0.017838984727859497
2839,0.039371393620967865,0.030523212626576424
2840,0.039736077189445496,0.04220864921808243
2841,0.05160116031765938,0.03859200328588486
2842,0.05692727491259575,0.04647352918982506
2843,0.05644797161221504,0.0361146405339241
2844,0.0661136656999588,0.060506947338581085
2845,0.061373520642519,0.04646584019064903
2846,0.05819207429885864,0.05936683714389801
2847,0.04674486443400383,0.04061300680041313
2848,0.07704521715641022,0.08046045154333115
2849,0.08943729102611542,0.0779305174946785
2850,0.06520666182041168,0.05227307602763176
2851,0.05480886250734329,0.046608008444309235
2852,0.054107509553432465,0.039365652948617935
2853,0.047584936022758484,0.04294446483254433
2854,0.06331510841846466,0.06553279608488083
2855,0.060236264020204544,0.047761715948581696
2856,0.05017727613449097,0.04528459534049034
2857,0.04602859541773796,0.028848499059677124
2858,0.030194498598575592,0.03170337900519371
2859,0.017639130353927612,0.010794984176754951
2860,0.008879486471414566,0.008713805116713047
2861,-0.004699379671365023,0.004726110026240349
2862,0.008061397820711136,0.00384585396386683
2863,0.017539536580443382,0.02041429653763771
2864,0.020418647676706314,0.00815983209758997
2865,0.006638313177973032,0.003961775451898575
2866,0.02706650085747242,0.017390580847859383
2867,0.014443340711295605,0.008104082196950912
2868,0.023032518103718758,0.02721709944307804
2869,0.03476959839463234,0.03056076355278492
2870,0.04135097190737724,0.043466389179229736
2871,0.03861183673143387,0.03517371043562889
2872,0.04212857782840729,0.041129209101200104
2873,0.04632517322897911,0.04060705378651619
2874,0.04353783652186394,0.039282310754060745
2875,0.06203852593898773,0.04649104177951813
2876,0.04567854851484299,0.03865959867835045
2877,0.03131414204835892,0.016145018860697746
2878,0.03817819431424141,0.04025515913963318
2879,0.03951610252261162,0.029255513101816177
2880,0.04117453843355179,0.044316764920949936
2881,0.047771990299224854,0.04523728787899017
2882,0.055460017174482346,0.05264291539788246
2883,0.05818968266248703,0.06418739259243011
2884,0.06640120595693588,0.055570658296346664
2885,0.06247786059975624,0.05988888069987297
2886,0.05032980814576149,0.04568525403738022
2887,0.06414904445409775,0.049123942852020264
2888,0.06294381618499756,0.050171662122011185
2889,0.053847864270210266,0.06450126320123672
2890,0.0577518492937088,0.060624152421951294
2891,0.06501605361700058,0.05904042348265648
2892,0.054696377366781235,0.060743533074855804
2893,0.06289716064929962,0.05337304249405861
2894,0.05422167479991913,0.060550857335329056
2895,0.08270914852619171,0.07938750088214874
2896,0.06852149963378906,0.06344640254974365
2897,0.05559255927801132,0.05101076886057854
2898,0.03405922278761864,0.01898917369544506
2899,0.04303206875920296,0.03623824566602707
2900,0.0556054450571537,0.05640072003006935
2901,0.04778659716248512,0.03456336259841919
2902,0.039101433008909225,0.04311499372124672
2903,0.039487529546022415,0.03845997899770737
2904,0.03973829746246338,0.03494838625192642
2905,0.02300669439136982,0.014292343519628048
2906,0.04450376704335213,0.03706066682934761
2907,0.038282375782728195,0.042479921132326126
2908,0.047628261148929596,0.04097404330968857
2909,0.05551326274871826,0.04963446408510208
2910,0.04831956699490547,0.03043345920741558
2911,0.04395522177219391,0.04029582813382149
2912,0.04766546189785004,0.020393215119838715
2913,0.03439604490995407,0.040714047849178314
2914,0.047025300562381744,0.04570276290178299
2915,0.04598992317914963,0.026907384395599365
2916,0.0448727123439312,0.04000761732459068
2917,0.045614395290613174,0.04659233242273331
2918,0.06265613436698914,0.05341709405183792
2919,0.05427504703402519,0.054423172026872635
2920,0.062048669904470444,0.052341870963573456
2921,0.05790437385439873,0.0472608283162117
2922,0.03841346502304077,0.03398774564266205
2923,0.05341058596968651,0.059369105845689774
2924,0.058993883430957794,0.06137210130691528
2925,0.07964824140071869,0.06891939789056778
2926,0.0577152855694294,0.04816729947924614
2927,0.04600630700588226,0.04094420373439789
2928,0.07309006154537201,0.06494353711605072
2929,0.0613570511341095,0.04557046666741371
2930,0.04847075045108795,0.041412513703107834
2931,0.03481670841574669,0.027720792219042778
2932,0.03868548199534416,0.038334064185619354
2933,0.049050282686948776,0.04569587856531143
2934,0.052254319190979004,0.029048381373286247
2935,0.040032725781202316,0.02934693917632103
2936,0.061010945588350296,0.05883244052529335
2937,0.05167653039097786,0.05617032200098038
2938,0.05540253594517708,0.05044068768620491
2939,0.059855710715055466,0.047034963965415955
2940,0.03287677466869354,0.03455903008580208
2941,0.02497679553925991,0.02017955668270588
2942,0.029095832258462906,0.016669629141688347
2943,0.029449140653014183,0.03188594803214073
2944,0.05019828677177429,0.055145327001810074
2945,0.06266181170940399,0.05747561529278755
2946,0.048556454479694366,0.04077381640672684
2947,0.05391637608408928,0.03688617795705795
2948,0.044582344591617584,0.020572485402226448
2949,-0.0017395119648426771,0.003932653460651636
2950,0.02225394733250141,0.007657412439584732
2951,0.01699984073638916,0.022400759160518646
2952,0.05427016317844391,0.050187982618808746
2953,0.04834259673953056,0.03785286843776703
2954,0.035562798380851746,0.03839338570833206
2955,0.023419035598635674,0.03250514715909958
2956,0.04344916343688965,0.04626830294728279
2957,0.05751661956310272,0.058449458330869675
2958,0.061158038675785065,0.06243780627846718
2959,0.05279527232050896,0.05032683163881302
2960,0.05153212696313858,0.037281814962625504
2961,0.03180774673819542,0.03073885291814804
2962,0.036002423614263535,0.019153449684381485
2963,0.021473433822393417,0.00874239020049572
2964,0.03502930700778961,0.029951652511954308
2965,0.035038694739341736,0.028666215017437935
2966,0.04077273979783058,0.03646945208311081
2967,0.03994467854499817,0.03784419968724251
2968,0.049323875457048416,0.029335100203752518
2969,0.04383770003914833,0.020003395155072212
2970,0.04643300175666809,0.04665689170360565
2971,0.04589949920773506,0.04287242516875267
2972,0.047824978828430176,0.04455976560711861
2973,0.034540705382823944,0.031704701483249664
2974,0.04521657153964043,0.03331559896469116
2975,0.04616670683026314,0.026358356699347496
2976,0.03160781413316727,0.025346605107188225
2977,0.04103342816233635,0.045212797820568085
2978,0.04996905475854874,0.03030075505375862
2979,0.040265362709760666,0.03821646049618721
2980,0.04851352050900459,0.043422333896160126
2981,0.028395606204867363,0.028396956622600555
2982,0.03153654932975769,0.031009115278720856
2983,0.04128972440958023,0.028685707598924637
2984,0.031675875186920166,0.01521872915327549
2985,0.04538768157362938,0.04118497669696808
2986,0.04038536176085472,0.034018438309431076
2987,0.04240081459283829,0.03596632927656174
2988,0.060060299932956696,0.04981277137994766
2989,0.054361741989851,0.03362545371055603
2990,0.017947843298316002,0.006390940863639116
2991,0.028829295188188553,0.013486899435520172
2992,0.016487296670675278,0.009578491561114788
2993,0.05514471232891083,0.04805354028940201
2994,0.061954256147146225,0.05422082543373108
2995,0.05063696950674057,0.04380710795521736
2996,0.04732291400432587,0.04004279151558876
2997,0.04915766790509224,0.037607207894325256
2998,0.044993821531534195,0.034046322107315063
2999,0.03900535777211189,0.03235471248626709
3000,0.02689179591834545,0.010275431908667088
3001,0.04188832640647888,0.03740278631448746
3002,0.03436856344342232,0.03926585242152214
3003,0.04004005342721939,0.029195720329880714
3004,0.03818000108003616,0.03230251744389534
3005,0.031698647886514664,0.02991998754441738
3006,0.01674683392047882,0.016691185534000397
3007,0.014955850318074226,0.018249064683914185
3008,0.038744013756513596,0.0227858517318964
3009,0.018326807767152786,0.008863483555614948
3010,0.019608700647950172,0.01441924087703228
3011,0.018249699845910072,0.01741606742143631
3012,0.029567398130893707,0.027137020602822304
3013,0.03788061439990997,0.0480833426117897
3014,0.03886919096112251,0.03831478953361511
3015,0.0407467745244503,0.038897860795259476
3016,0.03604543209075928,0.025305649265646935
3017,0.0541132427752018,0.05605275556445122
3018,0.015473714098334312,0.011162078008055687
3019,0.023546768352389336,0.01855461485683918
3020,0.02432643063366413,0.017434999346733093
3021,0.023448465391993523,0.007449383847415447
3022,0.01660306192934513,0.013018849305808544
3023,0.06373129785060883,0.06987404078245163
3024,0.06708233803510666,0.0673842653632164
3025,0.07529605180025101,0.06444442272186279
3026,0.0497211329638958,0.038066618144512177
3027,0.04304863512516022,0.03528722748160362
3028,0.03095931001007557,0.013832652010023594
3029,0.040853288024663925,0.025069275870919228
3030,0.01905764453113079,0.003360338741913438
3031,0.02653331309556961,0.02919664792716503
3032,0.046786144375801086,0.034321315586566925
3033,0.026875417679548264,0.03177658095955849
3034,0.02509240247309208,0.039652109146118164
3035,0.05542188510298729,0.051927149295806885
3036,0.06047597527503967,0.057338520884513855
3037,0.04761797934770584,0.048068538308143616
3038,0.06026095151901245,0.06667172163724899
3039,0.07578862458467484,0.053606338798999786
3040,0.08127346634864807,0.061278969049453735
3041,0.0688629224896431,0.06022388115525246
3042,0.06522342562675476,0.0648198351264
3043,0.06140115484595299,0.04514601454138756
3044,0.05380740016698837,0.05452282354235649
3045,0.08414129912853241,0.06342960894107819
3046,0.05764595791697502,0.03797004744410515
3047,0.04837924614548683,0.041270677000284195
3048,0.04672008007764816,0.050674375146627426
3049,0.047485750168561935,0.035332243889570236
3050,0.06122409552335739,0.05871003866195679
3051,0.07157102227210999,0.05191858112812042
3052,0.04782136157155037,0.02902177721261978
3053,0.0346740297973156,0.03621101379394531
3054,0.04721608757972717,0.05447719991207123
3055,0.07060688734054565,0.08144962787628174
3056,0.06020117178559303,0.04197726026177406
3057,0.036162368953228,0.029008066281676292
3058,0.026977939531207085,0.024976223707199097
3059,0.029559481889009476,0.04339577630162239
3060,0.05490203574299812,0.05327463522553444
3061,0.07001890987157822,0.053912315517663956
3062,0.04083721339702606,0.021859468892216682
3063,0.033822350203990936,0.02605745755136013
3064,0.026502279564738274,0.028360381722450256
3065,0.031224802136421204,0.02267569489777088
3066,0.04527375474572182,0.03338344022631645
3067,0.05790477246046066,0.05145150423049927
3068,0.0408460758626461,0.04935619235038757
3069,0.03572961315512657,0.04269902780652046
3070,0.04666878283023834,0.04748702049255371
3071,0.05273311957716942,0.04492446780204773
3072,0.04939235746860504,0.042737409472465515
3073,0.06300664693117142,0.07741840928792953
3074,0.058053262531757355,0.05076511576771736
3075,0.051703520119190216,0.043154653161764145
3076,0.030030589550733566,0.026705551892518997
3077,0.030109042301774025,0.008851499296724796
3078,0.023045102134346962,0.02465665526688099
3079,0.045338377356529236,0.03428402915596962
3080,0.012245937250554562,0.001873103203251958
3081,0.03618064895272255,0.027773188427090645
3082,0.037876687943935394,0.041765373200178146
3083,0.05166368559002876,0.03674628585577011
3084,0.043242570012807846,0.03668705374002457
3085,0.03863443806767464,0.04914801940321922
3086,0.03186959773302078,0.020731914788484573
3087,0.025404255837202072,0.00389861105941236
3088,0.017037201672792435,0.012534335255622864
3089,0.035613466054201126,0.03594706952571869
3090,0.046659260988235474,0.0332341194152832
3091,0.02512468956410885,0.019578274339437485
3092,0.02385939285159111,0.014930513687431812
3093,0.027271175757050514,0.03654622286558151
3094,0.0446898490190506,0.039607346057891846
3095,0.08682427555322647,0.06401456892490387
3096,0.04658396914601326,0.04479631036520004
3097,0.039657093584537506,0.032121241092681885
3098,0.04234396293759346,0.03757403790950775
3099,0.03952467441558838,0.038544587790966034
3100,0.0467054545879364,0.04504670947790146
3101,0.035435084253549576,0.03521101921796799
3102,0.05027133598923683,0.06197895109653473
3103,0.06700284034013748,0.05223806947469711
3104,0.06511151790618896,0.05130206421017647
3105,0.05094495788216591,0.04313315078616142
3106,0.050864078104496,0.044724419713020325
3107,0.06667988747358322,0.05456256866455078
3108,0.05916469171643257,0.03814326599240303
3109,0.03844013437628746,0.03908797726035118
3110,0.05762118846178055,0.050577837973833084
3111,0.061311982572078705,0.04964987188577652
3112,0.06762323528528214,0.047350771725177765
3113,0.04937458410859108,0.048067692667245865
3114,0.04591325297951698,0.03155011311173439
3115,0.04660947248339653,0.043075479567050934
3116,0.04777509346604347,0.05293324962258339
3117,0.05373780056834221,0.05774485319852829
3118,0.06857716292142868,0.07780241221189499
3119,0.052026744931936264,0.048057831823825836
3120,0.06513286381959915,0.06583648920059204
3121,0.06824807822704315,0.08169853687286377
3122,0.07027699053287506,0.06203136220574379
3123,0.0679105669260025,0.06039772927761078
3124,0.0689646452665329,0.07012484967708588
3125,0.07970375567674637,0.07150766998529434
3126,0.061220329254865646,0.049534574151039124
3127,0.055323775857686996,0.05429789423942566
3128,0.07021398842334747,0.04911496117711067
3129,0.05385194718837738,0.0391678586602211
3130,0.06889753043651581,0.05150739848613739
3131,0.06865619868040085,0.06661982834339142
3132,0.07986979931592941,0.06315188854932785
3133,0.060167379677295685,0.0441327765583992
3134,0.05811417102813721,0.05787764489650726
3135,0.06577505171298981,0.05419645830988884
3136,0.052758585661649704,0.02507122978568077
3137,0.006197654642164707,0.003303780220448971
3138,0.008641068823635578,0.0009949562372639775
3139,0.022814497351646423,0.021123914048075676
3140,0.03444014862179756,0.026164116337895393
3141,0.041737355291843414,0.03940952569246292
3142,0.04670199751853943,0.041949786245822906
3143,0.05251205712556839,0.05102847144007683
3144,0.06368263065814972,0.06084347516298294
3145,0.06289970874786377,0.05258921533823013
3146,0.060223083943128586,0.04106838256120682
3147,0.052095573395490646,0.058991000056266785
3148,0.06540036201477051,0.05084221065044403
3149,0.0543636679649353,0.04364386573433876
3150,0.04190453141927719,0.0399777814745903
3151,0.05962448567152023,0.055792611092329025
3152,0.03899150714278221,0.02689862623810768
3153,0.039720114320516586,0.03440067172050476
3154,0.04665972292423248,0.0477263480424881
3155,0.05766586586833,0.04593480005860329
3156,0.05555693060159683,0.05295692756772041
3157,0.05810950696468353,0.04575803130865097
3158,0.06055000051856041,0.05422954261302948
3159,0.07228056341409683,0.05999956652522087
3160,0.04990842565894127,0.01938215270638466
3161,0.032104652374982834,0.025115514174103737
3162,0.03863712400197983,0.03454016149044037
3163,0.044008783996105194,0.04442276060581207
3164,0.06431744247674942,0.050395090132951736
3165,0.04175751283764839,0.03094536066055298
3166,0.032038137316703796,0.04383136332035065
3167,0.049238674342632294,0.040436387062072754
3168,0.05415733903646469,0.046292807906866074
3169,0.05301687493920326,0.03139379620552063
3170,0.06194169819355011,0.04404726251959801
3171,0.0264626145362854,0.01834828220307827
3172,0.03460937738418579,0.027441447600722313
3173,0.055390916764736176,0.058147262781858444
3174,0.060815416276454926,0.06130494922399521
3175,0.052312228828668594,0.05759259685873985
3176,0.07360292226076126,0.0702485665678978
3177,0.07311172783374786,0.057246606796979904
3178,0.047917187213897705,0.0408342182636261
3179,0.05782654136419296,0.05549179017543793
3180,0.052102990448474884,0.06538370996713638
3181,0.047347020357847214,0.03899029642343521
3182,0.049667514860630035,0.048687323927879333
3183,0.059793971478939056,0.05144493654370308
3184,0.07350713014602661,0.05707249790430069
3185,0.05537187308073044,0.044778887182474136
3186,0.06031299754977226,0.04867669939994812
3187,0.0708574578166008,0.05714939907193184
3188,0.06035078689455986,0.05472928285598755
3189,0.05669040605425835,0.048984725028276443
3190,0.04306623339653015,0.037578221410512924
3191,0.049311909824609756,0.04555153101682663
3192,0.05877193436026573,0.05094626545906067
3193,0.0529412180185318,0.05094481632113457
3194,0.053112901747226715,0.05395236983895302
3195,0.04629707708954811,0.045435383915901184
3196,0.05592387914657593,0.05137885361909866
3197,0.07834924012422562,0.06370247900485992
3198,0.06366770714521408,0.03805042430758476
3199,0.03517194837331772,0.02732025645673275
3200,0.028396980836987495,0.036972858011722565
3201,0.0509454607963562,0.040081687271595
3202,0.03529990836977959,0.03503132238984108
3203,0.040415674448013306,0.03185708820819855
3204,0.03963400050997734,0.025930985808372498
3205,0.0478709451854229,0.04109465330839157
3206,0.033662810921669006,0.019730539992451668
3207,0.018050815910100937,0.015242867171764374
3208,0.023912319913506508,0.025415653362870216
3209,0.038203898817300797,0.03603927046060562
3210,0.045098915696144104,0.055749259889125824
3211,0.08405255526304245,0.06497020274400711
3212,0.05042707175016403,0.0420338399708271
3213,0.06161841005086899,0.06090249493718147
3214,0.061897262930870056,0.053847089409828186
3215,0.053546786308288574,0.049065519124269485
3216,0.07051815837621689,0.06452436000108719
3217,0.061967719346284866,0.04857182875275612
3218,0.04915829375386238,0.0479075089097023
3219,0.043593887239694595,0.04467248544096947
3220,0.05127886310219765,0.04584582895040512
3221,0.05231635645031929,0.04609937220811844
3222,0.05271613970398903,0.04385541379451752
3223,0.0347919724881649,0.03197905793786049
3224,0.049492184072732925,0.05096655711531639
3225,0.059589359909296036,0.05255494266748428
3226,0.049158692359924316,0.022793306037783623
3227,0.026608513668179512,0.019756922498345375
3228,0.02556992694735527,0.013868932612240314
3229,0.02358965389430523,0.03217727318406105
3230,0.06606338173151016,0.05194149166345596
3231,0.053155358880758286,0.05674227327108383
3232,0.0581541508436203,0.06220152601599693
3233,0.0741211473941803,0.06395995616912842
3234,0.06544134765863419,0.06864592432975769
3235,0.0391252376139164,0.049149248749017715
3236,0.05495008826255798,0.04878515005111694
3237,0.05251280590891838,0.04072428494691849
3238,0.041115354746580124,0.04291675239801407
3239,0.05682188645005226,0.049028873443603516
3240,0.06125551089644432,0.05016519874334335
3241,0.06863454729318619,0.06862930953502655
3242,0.05543944984674454,0.053990256041288376
3243,0.0676940456032753,0.05099926143884659
3244,0.04516882821917534,0.03622131049633026
3245,0.041756417602300644,0.03900465369224548
3246,0.04567867890000343,0.03870731219649315
3247,0.04209498316049576,0.046198032796382904
3248,0.0412503145635128,0.039391517639160156
3249,0.06565503031015396,0.06649629026651382
3250,0.06339102983474731,0.04836919158697128
3251,0.06158192455768585,0.05324990674853325
3252,0.07809910178184509,0.0616961233317852
3253,0.061562445014715195,0.05567171424627304
3254,0.06206418201327324,0.05595098063349724
3255,0.05749228224158287,0.05919233709573746
3256,0.05512605607509613,0.0481630377471447
3257,0.042595744132995605,0.03942888230085373
3258,0.04170701280236244,0.05042901635169983
3259,0.06365238130092621,0.054456405341625214
3260,0.05659803748130798,0.05208055302500725
3261,0.062372103333473206,0.05060843005776405
3262,0.04116480052471161,0.03486628085374832
3263,0.03461761027574539,0.025911638513207436
3264,0.034594226628541946,0.026689887046813965
3265,0.021182401105761528,0.0256622564047575
3266,0.02437618374824524,0.01236838847398758
3267,0.025854773819446564,0.008599698543548584
3268,0.025758003816008568,0.03415561094880104
3269,0.037233930081129074,0.02762971818447113
3270,0.03509337455034256,0.0297137089073658
3271,0.03768389672040939,0.05049459636211395
3272,0.04014025628566742,0.04918452352285385
3273,0.0545395091176033,0.05326871573925018
3274,0.05649343132972717,0.0539005883038044
3275,0.042247410863637924,0.03434738144278526
3276,0.038950636982917786,0.041193533688783646
3277,0.06251751631498337,0.051966071128845215
3278,0.06483428925275803,0.05900226905941963
3279,0.06845792382955551,0.06461169570684433
3280,0.055047985166311264,0.05690282583236694
3281,0.054351527243852615,0.051298756152391434
3282,0.03665249049663544,0.034221380949020386
3283,0.054448336362838745,0.061256974935531616
3284,0.04373414069414139,0.03290855512022972
3285,0.03385443985462189,0.02889333851635456
3286,0.05240856483578682,0.0499994121491909
3287,0.06317119300365448,0.056870412081480026
3288,0.07009223848581314,0.045912373811006546
3289,0.05081120505928993,0.048362910747528076
3290,0.057785723358392715,0.04719744250178337
3291,0.045640379190444946,0.029279295355081558
3292,0.03681506589055061,0.038429923355579376
3293,0.03059469163417816,0.025158999487757683
3294,0.03929346427321434,0.03704969212412834
3295,0.04944993555545807,0.03176846355199814
3296,0.04594740271568298,0.05432465672492981
3297,0.059612296521663666,0.04486441984772682
3298,0.03934856876730919,0.031261228024959564
3299,0.03339863568544388,0.029125945642590523
3300,0.02770865708589554,0.018769551068544388
3301,0.03640984371304512,0.03241405263543129
3302,0.03229043632745743,0.029908863827586174
3303,0.04289950430393219,0.024889975786209106
3304,0.030955839902162552,0.028587257489562035
3305,0.052473656833171844,0.04812333360314369
3306,0.044184453785419464,0.026012534275650978
3307,0.036026276648044586,0.05442896857857704
3308,0.05314923822879791,0.04604439064860344
3309,0.04413982480764389,0.03428862243890762
3310,0.036330465227365494,0.041725218296051025
3311,0.051925674080848694,0.03701906278729439
3312,0.04296879097819328,0.021181801334023476
3313,0.04252525791525841,0.026917699724435806
3314,0.036723993718624115,0.03347165882587433
3315,0.02622128836810589,0.022531159222126007
3316,0.011849279515445232,0.005067697260528803
3317,0.03509199246764183,0.024575993418693542
3318,0.035946011543273926,0.026475779712200165
3319,0.05355970934033394,0.05156483128666878
3320,0.048274215310811996,0.03929230943322182
3321,0.044645655900239944,0.0335894376039505
3322,0.0787770077586174,0.06327755749225616
3323,0.07161818444728851,0.0647645816206932
3324,0.07924897968769073,0.06393838673830032
3325,0.052101776003837585,0.04641979560256004
3326,0.054184138774871826,0.04671621695160866
3327,0.05972680076956749,0.05892100930213928
3328,0.043917980045080185,0.03561878204345703
3329,0.05886884778738022,0.05845901742577553
3330,0.054928701370954514,0.0312512144446373
3331,0.04831473156809807,0.035842396318912506
3332,0.0290655717253685,0.04048532247543335
3333,0.04985163360834122,0.04606115445494652
3334,0.05053964629769325,0.02955525368452072
3335,0.04253166541457176,0.05337565764784813
3336,0.0869990736246109,0.08148161321878433
3337,0.05726787447929382,0.035865508019924164
3338,0.052261266857385635,0.039919544011354446
3339,0.03439050540328026,0.019918764010071754
3340,0.02053755894303322,0.010287636891007423
3341,0.0026231075171381235,-0.008862585760653019
3342,0.01979433000087738,0.0014188018394634128
3343,0.01936325617134571,0.023144692182540894
3344,0.04550448805093765,0.03516297787427902
3345,0.03258024528622627,0.03388815000653267
3346,0.05394996330142021,0.046547409147024155
3347,0.05880678445100784,0.051318276673555374
3348,0.0663878545165062,0.04520728439092636
3349,0.04368487745523453,0.050361186265945435
3350,0.03886242210865021,0.053633175790309906
3351,0.0508863665163517,0.04424853250384331
3352,0.06713087111711502,0.05963239073753357
3353,0.07655845582485199,0.06150052323937416
3354,0.08764074742794037,0.07550550997257233
3355,0.06099635735154152,0.06656277179718018
3356,0.06149637699127197,0.045951031148433685
3357,0.052638277411460876,0.04036055877804756
3358,0.06113879010081291,0.0723552405834198
3359,0.05923793464899063,0.05886610969901085
3360,0.07356139272451401,0.061401162296533585
3361,0.06661565601825714,0.044794805347919464
3362,0.040862228721380234,0.03287249431014061
3363,0.043203454464673996,0.03195623308420181
3364,0.039123717695474625,0.03333607688546181
3365,0.03949109464883804,0.04944833368062973
3366,0.051254354417324066,0.035368647426366806
3367,0.047977641224861145,0.04978753626346588
3368,0.06433139741420746,0.04993992671370506
3369,0.06324911117553711,0.05246139317750931
3370,0.05120313912630081,0.03968210518360138
3371,0.0415324792265892,0.04523120075464249
3372,0.05744265019893646,0.05191212520003319
3373,0.07653893530368805,0.06718964874744415
3374,0.08448810875415802,0.07268531620502472
3375,0.08887874335050583,0.06859181821346283
3376,0.08292669802904129,0.08046608418226242
3377,0.0722079947590828,0.0734495222568512
3378,0.07037108391523361,0.06467235088348389
3379,0.06941752880811691,0.03901756927371025
3380,0.045189451426267624,0.020154785364866257
3381,0.03158377856016159,0.015055226162075996
3382,0.04537492245435715,0.02842789702117443
3383,0.017268599942326546,0.015922732651233673
3384,0.025719674304127693,0.021212412044405937
3385,0.033772461116313934,0.02902870625257492
3386,0.04406558722257614,0.04950818419456482
3387,0.053740765899419785,0.04632564261555672
3388,0.032936688512563705,0.03792231157422066
3389,0.028186989948153496,0.027347004041075706
3390,0.042218007147312164,0.04780654236674309
3391,0.06273670494556427,0.04842790216207504
3392,0.04512055218219757,0.027921056374907494
3393,0.061087388545274734,0.04881587624549866
3394,0.0631914958357811,0.05663994699716568
3395,0.04540305212140083,0.033258579671382904
3396,0.0441906601190567,0.042355794459581375
3397,0.05165833607316017,0.04709361866116524
3398,0.0493689626455307,0.031859464943408966
3399,0.025645608082413673,0.022213459014892578
3400,0.013019593432545662,0.0151609992608428
3401,0.020372314378619194,0.03350796923041344
3402,0.048249904066324234,0.0555175356566906
3403,0.06894317269325256,0.05933820456266403
3404,0.06495379656553268,0.04755515232682228
3405,0.06065648794174194,0.05537993460893631
3406,0.06657589226961136,0.06471244990825653
3407,0.06442200392484665,0.06158243492245674
3408,0.07364370673894882,0.0649082139134407
3409,0.050412487238645554,0.03222480043768883
3410,0.057327356189489365,0.04566105827689171
3411,0.04473642632365227,0.029992127791047096
3412,0.03624589368700981,0.028959520161151886
3413,0.04625736549496651,0.03037087619304657
3414,0.03159830719232559,0.023012837395071983
3415,0.035259682685136795,0.02395419403910637
3416,0.01733257621526718,0.028152016922831535
3417,0.028295278549194336,0.02439883165061474
3418,0.03884867578744888,0.031138528138399124
3419,0.040833380073308945,0.031716182827949524
3420,0.0076485807076096535,0.005167350172996521
3421,0.02316613867878914,0.02095794305205345
3422,0.04526933655142784,0.02931424044072628
3423,0.0386783629655838,0.03875541314482689
3424,0.03640223294496536,0.032103680074214935
3425,0.05438414588570595,0.04751056805253029
3426,0.06464947015047073,0.06780509650707245
3427,0.07469408214092255,0.0667162537574768
3428,0.06026124581694603,0.062259893864393234
3429,0.06440287828445435,0.056286513805389404
3430,0.06495817750692368,0.05439681187272072
3431,0.04518880695104599,0.045129306614398956
3432,0.04785444214940071,0.05641752853989601
3433,0.06783585995435715,0.061734072864055634
3434,0.05836116522550583,0.04693685472011566
3435,0.036898914724588394,0.026899348944425583
3436,0.029734302312135696,0.021542072296142578
3437,0.028929099440574646,0.028929997235536575
3438,0.03403714299201965,0.022536413744091988
3439,0.04528239369392395,0.05286581441760063
3440,0.0572228841483593,0.04676201194524765
3441,0.04392792657017708,0.027518514543771744
3442,0.023353932425379753,0.027175461873412132
3443,0.04995715618133545,0.05870901420712471
3444,0.06505283713340759,0.05911581218242645
3445,0.047749895602464676,0.029903650283813477
3446,0.0366024412214756,0.03547661378979683
3447,0.05703090876340866,0.040992606431245804
3448,0.07464853674173355,0.07131213694810867
3449,0.07218807190656662,0.06463693827390671
3450,0.05369358882308006,0.051034845411777496
3451,0.0470893457531929,0.026682432740926743
3452,0.0033721281215548515,0.006061571650207043
3453,0.016753384843468666,0.018788190558552742
3454,0.06144121661782265,0.051871612668037415
3455,0.062448564916849136,0.05191010236740112
3456,0.03890211507678032,0.040375832468271255
3457,0.03295178711414337,0.022381167858839035
3458,0.03604557365179062,0.0229830052703619
3459,0.040807079523801804,0.015767714008688927
3460,0.03849979117512703,0.04344809800386429
3461,0.04985503852367401,0.04823771491646767
3462,0.042340390384197235,0.04167301580309868
3463,0.053246576339006424,0.042965587228536606
3464,0.05026130750775337,0.031007295474410057
3465,0.056319333612918854,0.03540045768022537
3466,0.04699484258890152,0.03536735102534294
3467,0.04188110679388046,0.02880409173667431
3468,0.030941950157284737,0.023887591436505318
3469,0.035006679594516754,0.031973760575056076
3470,0.027845414355397224,0.008765271864831448
3471,0.013506975956261158,0.0035562210250645876
3472,0.014154102653265,0.015589279122650623
3473,0.017119023948907852,0.01787065900862217
3474,0.06984362751245499,0.0655590146780014
3475,0.07624098658561707,0.0640464499592781
3476,0.0826280266046524,0.06972333788871765
3477,0.057514894753694534,0.032986342906951904
3478,0.05400435999035835,0.03774764761328697
3479,0.04386109486222267,0.037706781178712845
3480,0.05649576336145401,0.04401268810033798
3481,0.06011199206113815,0.0675680935382843
3482,0.05127158761024475,0.03743376582860947
3483,0.04440656304359436,0.036123279482126236
3484,0.031314678490161896,0.03506162762641907
3485,0.028473813086748123,0.027219006791710854
3486,0.029711000621318817,0.012332834303379059
3487,0.030349038541316986,0.03169931471347809
3488,0.03380793705582619,0.03603983670473099
3489,0.0500551275908947,0.05087804049253464
3490,0.06418190151453018,0.05709153041243553
3491,0.06227685511112213,0.04988217353820801
3492,0.061573874205350876,0.059850890189409256
3493,0.06822346895933151,0.059561192989349365
3494,0.06549985706806183,0.053296711295843124
3495,0.039242058992385864,0.026987969875335693
3496,0.0210662093013525,0.008864901959896088
3497,0.02869296632707119,0.02292751707136631
3498,0.03483540937304497,0.03094836138188839
3499,0.05099627003073692,0.04199837148189545
3500,0.04167798161506653,0.0252577755600214
3501,0.03134142607450485,0.025402134284377098
3502,0.03985616937279701,0.022669918835163116
3503,0.03129073232412338,0.042047787457704544
3504,0.032522208988666534,0.017742179334163666
3505,0.0289927925914526,0.025260232388973236
3506,0.03474147245287895,0.03890693187713623
3507,0.03173321485519409,0.03704250603914261
3508,0.031148599460721016,0.024595890194177628
3509,0.02389274537563324,0.022903410717844963
3510,0.03464512899518013,0.02236752025783062
3511,0.039199620485305786,0.01927797682583332
3512,0.017131365835666656,0.0038342801854014397
3513,0.018265370279550552,0.020651578903198242
3514,0.03175652027130127,0.03311194106936455
3515,0.03470002859830856,0.031009484082460403
3516,0.05123445391654968,0.04203014820814133
3517,0.05642581731081009,0.04933294281363487
3518,0.0537286177277565,0.052497852593660355
3519,0.08612105250358582,0.062047265470027924
3520,0.04427475854754448,0.03404958173632622
3521,0.013615158386528492,-0.0005412733880802989
3522,0.012113689444959164,0.0017407791456207633
3523,0.016462238505482674,0.025119859725236893
3524,0.03644759580492973,0.0380779504776001
3525,0.04055217653512955,0.050164587795734406
3526,0.05062227323651314,0.0468529649078846
3527,0.0486014150083065,0.03673701733350754
3528,0.048462241888046265,0.048008278012275696
3529,0.0469040721654892,0.051936183124780655
3530,0.055673155933618546,0.05588095262646675
3531,0.0642286092042923,0.0499904491007328
3532,0.06491458415985107,0.042044490575790405
3533,0.04563208669424057,0.03745405375957489
3534,0.04082994535565376,0.03395882248878479
3535,0.05065104737877846,0.054246727377176285
3536,0.06068021431565285,0.05175761505961418
3537,0.047633882611989975,0.042599648237228394
3538,0.04875306040048599,0.047608405351638794
3539,0.05061572790145874,0.030488716438412666
3540,0.046098243445158005,0.04431460425257683
3541,0.053791143000125885,0.042036063969135284
3542,0.056879673153162,0.041395705193281174
3543,0.051745541393756866,0.04657629504799843
3544,0.02845981903374195,0.016415627673268318
3545,0.03339286893606186,0.016375727951526642
3546,0.05289248377084732,0.043234068900346756
3547,0.036606185138225555,0.029053956270217896
3548,0.05522392317652702,0.042360369116067886
3549,0.03188808634877205,0.029645906761288643
3550,0.03635093942284584,0.01017437968403101
3551,0.04592043533921242,0.03353371098637581
3552,0.025519734248518944,0.03017372079193592
3553,0.021515460684895515,0.03194642812013626
3554,0.07690663635730743,0.05937439203262329
3555,0.06133432686328888,0.052531417459249496
3556,0.05804799124598503,0.03859180212020874
3557,0.05343352630734444,0.04489099606871605
3558,0.03825807943940163,0.04089469835162163
3559,0.03853233531117439,0.0400504469871521
3560,0.03431016579270363,0.02285812795162201
3561,0.013059069402515888,0.007963824085891247
3562,0.02605484612286091,0.023499807342886925
3563,0.05138928070664406,0.05905803292989731
3564,0.043911002576351166,0.04804009944200516
3565,0.05049985647201538,0.03154388815164566
3566,0.03711184114217758,0.025991538539528847
3567,0.012225672602653503,0.005242212675511837
3568,0.0320112518966198,0.02168617770075798
3569,0.03197190910577774,0.03516151010990143
3570,0.05415763333439827,0.03919104114174843
3571,0.05633234232664108,0.059724729508161545
3572,0.0677431970834732,0.05662018805742264
3573,0.052354488521814346,0.04261387884616852
3574,0.05633039399981499,0.04737672582268715
3575,0.04610167443752289,0.040267083793878555
3576,0.04240069538354874,0.042077165096998215
3577,0.05726412683725357,0.05935752019286156
3578,0.05003702640533447,0.03248506411910057
3579,0.04132043197751045,0.04016222804784775
3580,0.03914264589548111,0.012734079733490944
3581,0.028512192890048027,0.02919614687561989
3582,0.045601677149534225,0.03874366357922554
3583,0.04337761551141739,0.04269733279943466
3584,0.07335635274648666,0.061318255960941315
3585,0.07504252344369888,0.06906131654977798
3586,0.07572587579488754,0.07001365721225739
3587,0.07076939940452576,0.052941374480724335
3588,0.04225451871752739,0.028551841154694557
3589,0.04028957709670067,0.03154788538813591
3590,0.04058557003736496,0.019563084468245506
3591,0.033053264021873474,0.031275488436222076
3592,0.04382586479187012,0.0341607891023159
3593,0.02837553434073925,0.03391905128955841
3594,0.0415157824754715,0.022173598408699036
3595,0.03359145298600197,0.025039605796337128
3596,0.019949031993746758,0.0196550153195858
3597,0.02410830557346344,0.015528405085206032
3598,0.020891888067126274,0.012158269993960857
3599,0.02023278921842575,0.022391444072127342
3600,0.042721062898635864,0.05263645201921463
3601,0.04728198051452637,0.04691335931420326
3602,0.03811069205403328,0.029492096975445747
3603,0.06087859719991684,0.043456245213747025
3604,0.047944575548172,0.040368422865867615
3605,0.0670238584280014,0.046432975679636
3606,0.06808403134346008,0.05008945241570473
3607,0.04094533994793892,0.030357474461197853
3608,0.03654428943991661,0.020004400983452797
3609,0.03227824345231056,0.02806612104177475
3610,0.018488308414816856,0.018375016748905182
3611,0.019674649462103844,0.0009204401867464185
3612,0.013003934174776077,0.004830548074096441
3613,0.030573256313800812,0.017286119982600212
3614,0.023024244233965874,0.009155740030109882
3615,0.02380804903805256,0.01753399893641472
3616,0.028119374066591263,0.016608431935310364
3617,0.034184955060482025,0.01536771934479475
3618,0.03054215759038925,0.02894955314695835
3619,0.03523557260632515,0.027916226536035538
3620,0.03566134348511696,0.03217734023928642
3621,0.05381724238395691,0.022136442363262177
3622,0.04812274128198624,0.052275918424129486
3623,0.0688779279589653,0.06542899459600449
3624,0.0635017678141594,0.05195656046271324
3625,0.05420755222439766,0.05921192467212677
3626,0.05343374237418175,0.04138321429491043
3627,0.023982428014278412,0.023499099537730217
3628,0.0330408439040184,0.035034097731113434
3629,0.04085612669587135,0.034277986735105515
3630,0.044025953859090805,0.03929587081074715
3631,0.03926706314086914,0.031081845983862877
3632,0.050705403089523315,0.03186384588479996
3633,0.04061837121844292,0.03761053457856178
3634,0.045487117022275925,0.04641519859433174
3635,0.0521417036652565,0.0610211156308651
3636,0.06998059153556824,0.0647415816783905
3637,0.08325359225273132,0.06786618381738663
3638,0.07540999352931976,0.0599914975464344
3639,0.045331161469221115,0.040480032563209534
3640,0.045742105692625046,0.040063876658678055
3641,0.04443954676389694,0.03682117536664009
3642,0.04002232477068901,0.03610120713710785
3643,0.05842446908354759,0.047805458307266235
3644,0.047719281166791916,0.04521330073475838
3645,0.04005403071641922,0.04515407234430313
3646,0.06446520239114761,0.06211858242750168
3647,0.04889285936951637,0.04884509742259979
3648,0.07496839016675949,0.07131589949131012
3649,0.08067668974399567,0.0701204165816307
3650,0.04496895894408226,0.03774556145071983
3651,0.02733387053012848,0.03195638954639435
3652,0.044623155146837234,0.04585748538374901
3653,0.043082114309072495,0.024545984342694283
3654,0.022680023685097694,0.027330957353115082
3655,0.04517366364598274,0.02650526352226734
3656,0.0421547032892704,0.04178037866950035
3657,0.0567752979695797,0.05449182912707329
3658,0.08071860671043396,0.06913714110851288
3659,0.08964439481496811,0.06920184940099716
3660,0.08196807652711868,0.06291712075471878
3661,0.07592248916625977,0.0589912012219429
3662,0.07486166805028915,0.06821760535240173
3663,0.06791062653064728,0.051636453717947006
3664,0.07151906937360764,0.07274486124515533
3665,0.058950189501047134,0.04876358062028885
3666,0.05961734801530838,0.0465443916618824
3667,0.05377303436398506,0.047850288450717926
3668,0.04320326820015907,0.04116059094667435
3669,0.04979893937706947,0.04439275339245796
3670,0.05521826073527336,0.049274854362010956
3671,0.045908648520708084,0.036810263991355896
3672,0.0381983257830143,0.031268391758203506
3673,0.04859228804707527,0.026227911934256554
3674,0.05291532352566719,0.05319778248667717
3675,0.07036523520946503,0.07206352055072784
3676,0.03904176875948906,0.04107213392853737
3677,0.05321356654167175,0.04941185936331749
3678,0.06954316794872284,0.05543504282832146
3679,0.0559767484664917,0.04440733417868614
3680,0.04877586290240288,0.0433361791074276
3681,0.04604896157979965,0.058541398495435715
3682,0.05068370699882507,0.05316920205950737
3683,0.06288567930459976,0.04420717433094978
3684,0.02877824380993843,0.01804964616894722
3685,0.0364401638507843,0.03590856492519379
3686,0.0382777601480484,0.038400791585445404
3687,0.035502076148986816,0.03396781533956528
3688,0.03274568170309067,0.02151530422270298
3689,0.034057166427373886,0.034834377467632294
3690,0.06030409410595894,0.045329198241233826
3691,0.042027417570352554,0.03144067898392677
3692,0.02285148948431015,0.025200750678777695
3693,0.03806991130113602,0.04691774398088455
3694,0.06111602112650871,0.063225656747818
3695,0.06049048528075218,0.038419343531131744
3696,0.04741145670413971,0.04558385908603668
3697,0.05868997424840927,0.04524603858590126
3698,0.07021516561508179,0.04964388906955719
3699,0.04358408600091934,0.0406513512134552
3700,0.07192225009202957,0.06980543583631516
3701,0.06565134227275848,0.05304406210780144
3702,0.06776949763298035,0.05402536317706108
3703,0.05209358036518097,0.033919136971235275
3704,0.03785217925906181,0.033815279603004456
3705,0.05267377197742462,0.05836265906691551
3706,0.05473010987043381,0.03998170793056488
3707,0.04977859929203987,0.042962364852428436
3708,0.03339460492134094,0.03414345532655716
3709,0.03772849962115288,0.034560397267341614
3710,0.03731730207800865,0.0352509431540966
3711,0.03625980019569397,0.035317473113536835
3712,0.03337329626083374,0.013725904747843742
3713,0.020051511004567146,0.015716729685664177
3714,0.010469532571732998,0.022216180339455605
3715,0.02481730468571186,0.01619049534201622
3716,0.03499302268028259,0.02679934911429882
3717,0.051302384585142136,0.033169206231832504
3718,0.04464494064450264,0.044760555028915405
3719,0.04935334622859955,0.040524981915950775
3720,0.05054539442062378,0.03554924577474594
3721,0.03881524130702019,0.03448758274316788
3722,0.04683741182088852,0.04508887603878975
3723,0.04776949808001518,0.03102990798652172
3724,0.02924465946853161,0.025035347789525986
3725,0.05784376710653305,0.05407126620411873
3726,0.05741313099861145,0.03631404787302017
3727,0.038353484123945236,0.02922784350812435
3728,0.04938630014657974,0.042414359748363495
3729,0.04628961160778999,0.03308870270848274
3730,0.047856248915195465,0.04165275767445564
3731,0.07544949650764465,0.060501765459775925
3732,0.05223703384399414,0.03936431184411049
3733,0.0651778131723404,0.060460351407527924
3734,0.06075267866253853,0.05089213699102402
3735,0.045424021780490875,0.049585506319999695
3736,0.04938477277755737,0.03587460517883301
3737,0.026478702202439308,0.0208333358168602
3738,0.024319319054484367,0.016842056065797806
3739,0.05493221804499626,0.0498313307762146
3740,0.04067688807845116,0.029407581314444542
3741,0.030864184722304344,0.0029702147003263235
3742,0.01548399031162262,0.0129838353022933
3743,0.01721285469830036,0.013765382580459118
3744,0.047383908182382584,0.043741270899772644
3745,0.04021231085062027,0.03156628832221031
3746,0.04633916914463043,0.023689089342951775
3747,0.0322822704911232,0.02526150830090046
3748,0.04654950276017189,0.04516192898154259
3749,0.07050604373216629,0.061658576130867004
3750,0.04640377312898636,0.03727584704756737
3751,0.03277084603905678,0.037551410496234894
3752,0.05388642102479935,0.04200570657849312
3753,0.06433828175067902,0.052544791251420975
3754,0.05387261509895325,0.06417723000049591
3755,0.06253557652235031,0.052597545087337494
3756,0.05439809337258339,0.045506905764341354
3757,0.03283873572945595,0.025622455403208733
3758,0.0431927815079689,0.030403483659029007
3759,0.041528139263391495,0.036178022623062134
3760,0.044934630393981934,0.05458618327975273
3761,0.06462693214416504,0.06473686546087265
3762,0.06872428953647614,0.04966325685381889
3763,0.0440446101129055,0.02977614849805832
3764,0.04911479353904724,0.03742453455924988
3765,0.04166366904973984,0.028569696471095085
3766,0.0372149832546711,0.025959640741348267
3767,0.03187331557273865,0.024893103167414665
3768,0.03942685201764107,0.04133937880396843
3769,0.05135045200586319,0.03832635655999184
3770,0.052198659628629684,0.045605532824993134
3771,0.052850380539894104,0.05936545878648758
3772,0.024168835952878,0.031820204108953476
3773,0.04189613088965416,0.037963539361953735
3774,0.05056730657815933,0.02831934578716755
3775,0.04130184277892113,0.04522111639380455
3776,0.04908384382724762,0.03972166031599045
3777,0.036286719143390656,0.03280496597290039
3778,0.03588184714317322,0.02221907489001751
3779,0.033954836428165436,0.033886127173900604
3780,0.05764441937208176,0.03477077931165695
3781,0.046977072954177856,0.033387526869773865
3782,0.02410455234348774,0.014059999026358128
3783,0.02446111850440502,0.03480606898665428
3784,0.051120348274707794,0.05029042810201645
3785,0.05147184431552887,0.05292079597711563
3786,0.07228708267211914,0.04480842873454094
3787,0.055042535066604614,0.03506338223814964
3788,0.025518570095300674,0.022811781615018845
3789,0.04370240122079849,0.0420646145939827
3790,0.03176914528012276,0.02100949175655842
3791,0.0345587432384491,0.02915807068347931
3792,0.04196580871939659,0.03189042583107948
3793,0.027821211144328117,0.025776684284210205
3794,0.04047400504350662,0.044380392879247665
3795,0.03904299810528755,0.0321497805416584
3796,0.045409705489873886,0.05303952097892761
3797,0.06731928884983063,0.06875083595514297
3798,0.08325834572315216,0.06072806194424629
3799,0.0856613740324974,0.07096417993307114
3800,0.0723344162106514,0.036795202642679214
3801,0.050127267837524414,0.05082254111766815
3802,0.04733700677752495,0.05627903342247009
3803,0.053265560418367386,0.05192001163959503
3804,0.048785578459501266,0.03907927870750427
3805,0.07798025757074356,0.0859270840883255
3806,0.07924103736877441,0.06620416790246964
3807,0.07653309404850006,0.062139835208654404
3808,0.04962349310517311,0.05121627449989319
3809,0.06173458695411682,0.06266405433416367
3810,0.06076877936720848,0.05837099999189377
3811,0.06459206342697144,0.05325533449649811
3812,0.05738515406847,0.05212562158703804
3813,0.04593045264482498,0.04271684214472771
3814,0.04257892444729805,0.025408776476979256
3815,0.027050351724028587,0.02376493625342846
3816,0.025159910321235657,0.027507929131388664
3817,0.0238247849047184,0.014054808765649796
3818,0.021149680018424988,0.02426600456237793
3819,0.02696366049349308,0.014652276411652565
3820,0.019593726843595505,0.023560835048556328
3821,0.0365372970700264,0.04579853639006615
3822,0.04340977594256401,0.04430674389004707
3823,0.037782225757837296,0.027805572375655174
3824,0.04774085059762001,0.038346901535987854
3825,0.03896759822964668,0.03248152881860733
3826,0.060312420129776,0.051173027604818344
3827,0.04015626758337021,0.046298813074827194
3828,0.0486583448946476,0.04883855953812599
3829,0.06727095693349838,0.07161003351211548
3830,0.06287938356399536,0.06698472052812576
3831,0.05577004700899124,0.054713163524866104
3832,0.07113045454025269,0.05754304677248001
3833,0.05110865831375122,0.05383949354290962
3834,0.07093024998903275,0.055623479187488556
3835,0.06256424635648727,0.0624355711042881
3836,0.05318240821361542,0.04259112849831581
3837,0.04517761617898941,0.0353878028690815
3838,0.05305669829249382,0.043272215873003006
3839,0.05919528380036354,0.051509033888578415
3840,0.04565747454762459,0.03013783134520054
3841,0.05069645494222641,0.057326581329107285
3842,0.051157936453819275,0.040887489914894104
3843,0.04865307733416557,0.05510200187563896
3844,0.05201003700494766,0.03855075687170029
3845,0.05476412922143936,0.04423670098185539
3846,0.0622735358774662,0.054465774446725845
3847,0.06344176083803177,0.04841277003288269
3848,0.051872655749320984,0.03824754059314728
3849,0.0512942411005497,0.05298790708184242
3850,0.0715050920844078,0.059489041566848755
3851,0.08399607986211777,0.08331577479839325
3852,0.08702083677053452,0.08945426344871521
3853,0.08041401952505112,0.06971938908100128
3854,0.07345395535230637,0.07257681339979172
3855,0.07115184515714645,0.05512372776865959
3856,0.07040983438491821,0.06312178820371628
3857,0.057915784418582916,0.05140569806098938
3858,0.06294363737106323,0.04799167439341545
3859,0.053956352174282074,0.03716187924146652
3860,0.03502396494150162,0.034604113548994064
3861,0.0350818857550621,0.026212844997644424
3862,0.02886257879436016,0.021314013749361038
3863,0.016780460253357887,-0.000949323468375951
3864,0.020422793924808502,0.006861986126750708
3865,0.02760377712547779,0.02413511648774147
3866,0.026870740577578545,0.01965326815843582
3867,0.04966048151254654,0.030053067952394485
3868,0.03450382500886917,0.025205198675394058
3869,0.03281545266509056,0.02343565970659256
3870,0.05203082785010338,0.03461062163114548
3871,0.056002598255872726,0.05623386800289154
3872,0.04971303790807724,0.04257005453109741
3873,0.0440230667591095,0.04174284264445305
3874,0.08248279988765717,0.0847771093249321
3875,0.0680912435054779,0.06250445544719696
3876,0.060339104384183884,0.05088832229375839
3877,0.05306140333414078,0.05470903962850571
3878,0.07164908200502396,0.06868467479944229
3879,0.06175711005926132,0.04474135860800743
3880,0.0637100338935852,0.05004232004284859
3881,0.06546104699373245,0.05124382674694061
3882,0.05503500625491142,0.0428679883480072
3883,0.041012585163116455,0.04708779975771904
3884,0.04722967371344566,0.04746556282043457
3885,0.04736112058162689,0.04208816960453987
3886,0.06794311851263046,0.057236477732658386
3887,0.05208251625299454,0.05660545825958252
3888,0.061452947556972504,0.05933362618088722
3889,0.052995242178440094,0.056718576699495316
3890,0.060273732990026474,0.05038052797317505
3891,0.05088580399751663,0.039345212280750275
3892,0.01735537126660347,0.029245350509881973
3893,0.04364534467458725,0.03854307904839516
3894,0.0393049493432045,0.04628624767065048
3895,0.04592886194586754,0.05986890196800232
3896,0.0637173056602478,0.04960872605443001
3897,0.04905284568667412,0.04446522891521454
3898,0.05464523658156395,0.04798280447721481
3899,0.05262048542499542,0.051867950707674026
3900,0.04204080253839493,0.034364234656095505
3901,0.041719693690538406,0.04345006123185158
3902,0.05372369661927223,0.038168445229530334
3903,0.03350048512220383,0.029590807855129242
3904,0.02996775694191456,0.01659023016691208
3905,0.025913570076227188,0.004116510506719351
3906,0.026207568123936653,0.024737121537327766
3907,0.027399959042668343,0.022315213456749916
3908,0.035268962383270264,0.03433745354413986
3909,0.04180951789021492,0.034329287707805634
3910,0.03225964680314064,0.02580290287733078
3911,0.04560575261712074,0.046415094286203384
3912,0.05147749185562134,0.03863314911723137
3913,0.04448625072836876,0.038201890885829926
3914,0.04982711747288704,0.03838614746928215
3915,0.032246388494968414,0.029756823554635048
3916,0.04825185239315033,0.039595309644937515
3917,0.042155224829912186,0.04943396896123886
3918,0.061344388872385025,0.05281874164938927
3919,0.0475332997739315,0.0345429889857769
3920,0.04993760213255882,0.04528912529349327
3921,0.04634677246212959,0.04120500013232231
3922,0.03610464930534363,0.031274598091840744
3923,0.040969252586364746,0.041821688413619995
3924,0.0409461110830307,0.03661695495247841
3925,0.03947889432311058,0.03132754564285278
3926,0.031451378017663956,0.028907261788845062
3927,0.039466749876737595,0.03253600746393204
3928,0.035857077687978745,0.020905086770653725
3929,0.010980627499520779,0.01648794300854206
3930,0.029336437582969666,0.01897692307829857
3931,0.04326385632157326,0.03722798824310303
3932,0.046696241945028305,0.031476184725761414
3933,0.042024120688438416,0.04651987552642822
3934,0.04911568760871887,0.04179750010371208
3935,0.05677865818142891,0.0483655221760273
3936,0.03750445693731308,0.04198692739009857
3937,0.044465500861406326,0.0239664725959301
3938,0.03302576392889023,0.03011735901236534
3939,0.033009570091962814,0.03333137556910515
3940,0.051130298525094986,0.043844934552907944
3941,0.06825491040945053,0.05471988022327423
3942,0.06286564469337463,0.05467677116394043
3943,0.06306072324514389,0.04329617694020271
3944,0.05714781582355499,0.049713071435689926
3945,0.04152154549956322,0.039822760969400406
3946,0.0615786612033844,0.056143585592508316
3947,0.06436518579721451,0.038283899426460266
3948,0.04952847585082054,0.04509759694337845
3949,0.04693960025906563,0.022573545575141907
3950,0.03745696321129799,0.013213127851486206
3951,0.028093406930565834,0.029275963082909584
3952,0.038290463387966156,0.04747774824500084
3953,0.047566499561071396,0.03365326300263405
3954,0.05447768419981003,0.05436473339796066
3955,0.0404067188501358,0.036906804889440536
3956,0.047035567462444305,0.038720618933439255
3957,0.052868712693452835,0.03749115392565727
3958,0.060641877353191376,0.02730216458439827
3959,0.04329590126872063,0.030579006299376488
3960,0.016364028677344322,0.017829392105340958
3961,0.025043409317731857,0.02022005245089531
3962,0.012854591943323612,0.0002320419007446617
3963,0.017087211832404137,0.014949229545891285
3964,0.017531458288431168,0.011479026637971401
3965,0.01984892226755619,0.020335674285888672
3966,0.023277919739484787,0.032599881291389465
3967,0.03441213071346283,0.030577996745705605
3968,0.07414981722831726,0.06012042239308357
3969,0.054696522653102875,0.03998635709285736
3970,0.051347337663173676,0.04409924894571304
3971,0.06374506652355194,0.0626169815659523
3972,0.05789374187588692,0.047926805913448334
3973,0.05254717543721199,0.04119497537612915
3974,0.0372072197496891,0.0303046777844429
3975,0.032622385770082474,0.0209055133163929
3976,0.032326631247997284,0.03734322637319565
3977,0.04704337567090988,0.03515701740980148
3978,0.05187581107020378,0.0413622111082077
3979,0.0728793814778328,0.047301553189754486
3980,0.02438424713909626,0.018575947731733322
3981,0.021278012543916702,0.022749673575162888
3982,0.04397810995578766,0.03749023377895355
3983,0.0447789803147316,0.03924650698900223
3984,0.03676155209541321,0.02545992098748684
3985,0.024033065885305405,0.019118253141641617
3986,0.040359627455472946,0.030717330053448677
3987,0.03851570561528206,0.047675225883722305
3988,0.048088572919368744,0.030120698735117912
3989,0.04212520644068718,0.03286626562476158
3990,0.042109716683626175,0.04040485993027687
3991,0.06459767371416092,0.04527577385306358
3992,0.055825550109148026,0.03856736049056053
3993,0.038111161440610886,0.037750545889139175
3994,0.031072713434696198,0.02838250808417797
3995,0.04498464986681938,0.04947889968752861
3996,0.05860108137130737,0.04195743426680565
3997,0.062394727021455765,0.05327429622411728
3998,0.059801604598760605,0.055728357285261154
3999,0.05368828773498535,0.051404401659965515
4000,0.04804731905460358,0.027021942660212517
4001,0.028825564309954643,0.029914196580648422
4002,0.039727337658405304,0.03550400584936142
4003,0.022267600521445274,0.026159638538956642
4004,0.04259113594889641,0.05997762084007263
4005,0.04895705357193947,0.03288375213742256
4006,0.052015818655490875,0.03654451295733452
4007,0.037005048245191574,0.04095398262143135
4008,0.050397783517837524,0.05432968959212303
4009,0.06526510417461395,0.04806068167090416
4010,0.04081205651164055,0.022771859541535378
4011,0.013371124863624573,0.024947041645646095
4012,0.03933284059166908,0.02891107276082039
4013,0.03686711564660072,0.02787444181740284
4014,0.038627080619335175,0.03419114649295807
4015,0.04146280884742737,0.038702093064785004
4016,0.04439672455191612,0.04311339929699898
4017,0.04332892224192619,0.03470928221940994
4018,0.03398963436484337,0.015368730761110783
4019,0.03553631529211998,0.02840154431760311
4020,0.03897300735116005,0.029394855722784996
4021,0.03466391935944557,0.027659380808472633
4022,0.03941509127616882,0.040578875690698624
4023,0.01734633930027485,0.014336984604597092
4024,0.02253049984574318,0.019214268773794174
4025,0.024164954200387,0.029257383197546005
4026,0.034423474222421646,0.01020561158657074
4027,0.022707108408212662,0.012602382339537144
4028,0.038671668618917465,0.03349456936120987
4029,0.03939502686262131,0.046900928020477295
4030,0.04931773245334625,0.05037349462509155
4031,0.07600110024213791,0.08395732194185257
4032,0.07553969323635101,0.07534696906805038
4033,0.09943203628063202,0.07660777866840363
4034,0.10472660511732101,0.08880121260881424
4035,0.07596740126609802,0.07068786770105362
4036,0.05656823515892029,0.0648224949836731
4037,0.0741855725646019,0.056695811450481415
4038,0.07120107114315033,0.07170310616493225
4039,0.08040401339530945,0.08205285668373108
4040,0.07336212694644928,0.047957200556993484
4041,0.05213882401585579,0.054960258305072784
4042,0.046534959226846695,0.03803035616874695
4043,0.02254435233771801,0.019480867311358452
4044,0.05104324221611023,0.03229375556111336
4045,0.0274204071611166,0.035871922969818115
4046,0.03398759663105011,0.03049231320619583
4047,0.027337251231074333,0.017497077584266663
4048,0.056960973888635635,0.05867167189717293
4049,0.06066529452800751,0.0415063239634037
4050,0.04284392669796944,0.041497018188238144
4051,0.05883041024208069,0.04953445866703987
4052,0.06401178240776062,0.06374944001436234
4053,0.05439547076821327,0.043100520968437195
4054,0.06359875947237015,0.05732860043644905
4055,0.04182828590273857,0.03213917836546898
4056,0.03964093700051308,0.04201222583651543
4057,0.04853883385658264,0.03475171700119972
4058,0.05558110028505325,0.0489979088306427
4059,0.06347156316041946,0.04460468888282776
4060,0.052173394709825516,0.04303242266178131
4061,0.050596728920936584,0.036922305822372437
4062,0.02711247093975544,0.026650069281458855
4063,0.04238830879330635,0.03618572652339935
4064,0.043454498052597046,0.04799405485391617
4065,0.06962931156158447,0.05990271642804146
4066,0.056033000349998474,0.050537701696157455
4067,0.05350784584879875,0.05996793508529663
4068,0.0692502111196518,0.05531520023941994
4069,0.045313939452171326,0.03330419585108757
4070,0.04376278817653656,0.05227835476398468
4071,0.05661648511886597,0.0552745945751667
4072,0.061017367988824844,0.05208517611026764
4073,0.05059967190027237,0.04685920849442482
4074,0.03264019265770912,0.0320994071662426
4075,0.037034355103969574,0.0334337018430233
4076,0.03883171081542969,0.02422916144132614
4077,0.025522319599986076,0.018226034939289093
4078,0.04570123180747032,0.041528329253196716
4079,0.04841165617108345,0.03141065686941147
4080,0.037711720913648605,0.04124726727604866
4081,0.05906083807349205,0.03439158946275711
4082,0.04371146112680435,0.038966428488492966
4083,0.03664806857705116,0.024774543941020966
4084,0.019109586253762245,0.02328985184431076
4085,0.030294816941022873,0.03143961355090141
4086,0.03999444469809532,0.02913091704249382
4087,0.04247782379388809,0.04179999232292175
4088,0.03726300224661827,0.040352076292037964
4089,0.04873833805322647,0.04797082394361496
4090,0.03603511303663254,0.011483032256364822
4091,0.02767828293144703,0.029146302491426468
4092,0.03884254768490791,0.01777695119380951
4093,0.012144745327532291,0.004787935875356197
4094,0.01687554083764553,0.012740753591060638
4095,0.0241745226085186,0.019639192149043083
4096,0.0013244751607999206,0.005249252077192068
4097,0.0072388919070363045,0.02417748235166073
4098,0.02112467586994171,0.02208757773041725
4099,0.0523407943546772,0.04363236203789711
4100,0.05911603197455406,0.0540248267352581
4101,0.05355965346097946,0.045471008867025375
4102,0.06606560945510864,0.05443288013339043
4103,0.05693800002336502,0.04997038468718529
4104,0.05435182899236679,0.05201682448387146
4105,0.07299640029668808,0.0603124238550663
4106,0.05866264924407005,0.04966404289007187
4107,0.060580406337976456,0.05477503314614296
4108,0.04978359863162041,0.04298027977347374
4109,0.041526466608047485,0.03066679835319519
4110,0.04581712931394577,0.041817713528871536
4111,0.042016275227069855,0.030827486887574196
4112,0.0417671874165535,0.029277822002768517
4113,0.05421454831957817,0.05202928185462952
4114,0.045191869139671326,0.033373456448316574
4115,0.056230269372463226,0.05761811509728432
4116,0.06599769741296768,0.05012957751750946
4117,0.05181378871202469,0.04287879541516304
4118,0.0600467287003994,0.05033678561449051
4119,0.027059277519583702,0.005777765065431595
4120,0.044970422983169556,0.03885669633746147
4121,0.024053802713751793,0.02863914705812931
4122,0.05864463746547699,0.06050702929496765
4123,0.0597568154335022,0.05354895070195198
4124,0.04999681934714317,0.036704596132040024
4125,0.03988770395517349,0.024661613628268242
4126,0.03147184103727341,0.029209759086370468
4127,0.03831919655203819,0.03663776442408562
4128,0.0538119338452816,0.03813249617815018
4129,0.031124159693717957,0.025756847113370895
4130,0.05437542498111725,0.04332413151860237
4131,0.06975536793470383,0.048111412674188614
4132,0.06427346915006638,0.0684242770075798
4133,0.07880041003227234,0.06690535694360733
4134,0.049341339617967606,0.039701517671346664
4135,0.07231368124485016,0.051368385553359985
4136,0.061513204127550125,0.04730534180998802
4137,0.05253709852695465,0.05040494352579117
4138,0.04121016338467598,0.03130074590444565
4139,0.02918330393731594,0.020003104582428932
4140,0.039465803653001785,0.035514947026968
4141,0.05940975621342659,0.06312402337789536
4142,0.07963602244853973,0.07248963415622711
4143,0.06317178159952164,0.05356639623641968
4144,0.0241959597915411,0.030086131766438484
4145,0.03525962680578232,0.025487063452601433
4146,0.05497222766280174,0.050308093428611755
4147,0.048364099115133286,0.03430752456188202
4148,0.037320561707019806,0.03905974328517914
4149,0.02886379137635231,0.02858577109873295
4150,0.047572553157806396,0.03833448514342308
4151,0.04598180577158928,0.04789889603853226
4152,0.038750313222408295,0.03501654788851738
4153,0.06587602198123932,0.04818577319383621
4154,0.07319821417331696,0.06680916994810104
4155,0.06937944144010544,0.07295829057693481
4156,0.060497310012578964,0.03798912465572357
4157,0.0295401681214571,0.02209267020225525
4158,0.04522191360592842,0.04603702202439308
4159,0.04878498613834381,0.04842346906661987
4160,0.041069116443395615,0.05226979777216911
4161,0.05792953819036484,0.053033582866191864
4162,0.06923999637365341,0.054301489144563675
4163,0.05843312665820122,0.04769573733210564
4164,0.053304076194763184,0.04842890053987503
4165,0.04662380740046501,0.04407471790909767
4166,0.054012950509786606,0.051852185279130936
4167,0.0565495565533638,0.0583304837346077
4168,0.06643260270357132,0.056564658880233765
4169,0.050463590770959854,0.05419866740703583
4170,0.05754391476511955,0.03998923674225807
4171,0.0343778170645237,0.04455982893705368
4172,0.03713814914226532,0.020233940333127975
4173,0.03436525911092758,0.03452499955892563
4174,0.055363044142723083,0.041785385459661484
4175,0.054484136402606964,0.05312526971101761
4176,0.06211202219128609,0.05051829293370247
4177,0.05977489799261093,0.043552011251449585
4178,0.050796911120414734,0.04800686985254288
4179,0.062153659760951996,0.038726408034563065
4180,0.04870457574725151,0.028185654431581497
4181,0.024254709482192993,0.006989950314164162
4182,0.027616489678621292,0.018131112679839134
4183,0.035106513649225235,0.04665228724479675
4184,0.05661964416503906,0.04444446787238121
4185,0.020867368206381798,0.01834098994731903
4186,0.02995721623301506,0.03376585990190506
4187,0.04343167319893837,0.04475143924355507
4188,0.047594260424375534,0.048629093915224075
4189,0.054633356630802155,0.034845735877752304
4190,0.04366323724389076,0.06448616832494736
4191,0.055537428706884384,0.05582525208592415
4192,0.06543444842100143,0.057151757180690765
4193,0.05517134442925453,0.05106320604681969
4194,0.06837761402130127,0.06551627069711685
4195,0.04401435703039169,0.053826358169317245
4196,0.05881636217236519,0.05118892714381218
4197,0.056505072861909866,0.04702296853065491
4198,0.050299275666475296,0.04428901895880699
4199,0.034681808203458786,0.0355837419629097
4200,0.06120729818940163,0.05076282471418381
4201,0.07089048624038696,0.07063610106706619
4202,0.05577370151877403,0.05088072270154953
4203,0.06564636528491974,0.05173160135746002
4204,0.03703344613313675,0.02843000739812851
4205,0.038569241762161255,0.025023125112056732
4206,0.02760901488363743,0.020863130688667297
4207,0.039984192699193954,0.0436471588909626
4208,0.045467354357242584,0.032252561300992966
4209,0.02430417388677597,0.0293774101883173
4210,0.04324377700686455,0.0431409515440464
4211,0.036947134882211685,0.034919898957014084
4212,0.04116309806704521,0.03596924990415573
4213,0.05710149183869362,0.047735344618558884
4214,0.055117979645729065,0.045574452728033066
4215,0.04611322656273842,0.03604770451784134
4216,0.04242611303925514,0.0547267310321331
4217,0.06356211751699448,0.05185281112790108
4218,0.044386763125658035,0.035536400973796844
4219,0.034451089799404144,0.031874388456344604
4220,0.0312531553208828,0.023252421990036964
4221,0.036536071449518204,0.027969760820269585
4222,0.02265527844429016,0.014868848025798798
4223,0.03825914114713669,0.03668535128235817
4224,0.02998606115579605,0.015048639848828316
4225,0.005668965633958578,-0.0026665956247597933
4226,0.03334073722362518,0.02606477215886116
4227,0.01689617894589901,0.007855507545173168
4228,0.040624987334012985,0.04102446511387825
4229,0.07030938565731049,0.05400225147604942
4230,0.05775817483663559,0.056897178292274475
4231,0.02594328112900257,0.032120462507009506
4232,0.050460126250982285,0.0370585173368454
4233,0.03274741768836975,0.035575009882450104
4234,0.03406108543276787,0.02739541418850422
4235,0.04880388081073761,0.05147707462310791
4236,0.049651116132736206,0.03034721314907074
4237,0.03066609613597393,0.02630462497472763
4238,0.04532458633184433,0.04513423144817352
4239,0.06916292756795883,0.04726936295628548
4240,0.04913217946887016,0.057335253804922104
4241,0.052818238735198975,0.05247281864285469
4242,0.060852471739053726,0.059897929430007935
4243,0.04197400063276291,0.028153864666819572
4244,0.061341363936662674,0.05095285549759865
4245,0.06363557279109955,0.05042065680027008
4246,0.06221117079257965,0.06948237121105194
4247,0.08306289464235306,0.06320711225271225
4248,0.0746888667345047,0.06713761389255524
4249,0.05881134420633316,0.045871615409851074
4250,0.04234756529331207,0.040624283254146576
4251,0.04968294873833656,0.047886479645967484
4252,0.04529333859682083,0.03377455100417137
4253,0.041202839463949203,0.020326491445302963
4254,0.04908735305070877,0.0481867641210556
4255,0.05701741576194763,0.06830336898565292
4256,0.06021016091108322,0.06700797379016876
4257,0.08158307522535324,0.07042288035154343
4258,0.06403554975986481,0.04802071303129196
4259,0.04103914648294449,0.03770510479807854
4260,0.05111643671989441,0.029371187090873718
4261,0.060239411890506744,0.06428775936365128
4262,0.0720759704709053,0.06600955128669739
4263,0.0838327705860138,0.07880575209856033
4264,0.06014268845319748,0.06088653579354286
4265,0.052184898406267166,0.04759813845157623
4266,0.048919886350631714,0.03791331872344017
4267,0.022906051948666573,0.006193372420966625
4268,0.023212185129523277,0.01264131534844637
4269,0.03469759225845337,0.02546175755560398
4270,0.03497439622879028,0.0437275767326355
4271,0.06500476598739624,0.061134472489356995
4272,0.07126535475254059,0.06781983375549316
4273,0.07530169188976288,0.0638347938656807
4274,0.0719834715127945,0.05827585980296135
4275,0.06616365164518356,0.05606503039598465
4276,0.07329323887825012,0.0676073431968689
4277,0.06870851665735245,0.05393917113542557
4278,0.056716352701187134,0.04523177072405815
4279,0.055179450660943985,0.0506235733628273
4280,0.05672343820333481,0.03889887034893036
4281,0.04286617413163185,0.026849601417779922
4282,0.0422649048268795,0.03138204663991928
4283,0.04112578183412552,0.03832552582025528
4284,0.044622547924518585,0.03714343160390854
4285,0.05742136016488075,0.04593059420585632
4286,0.06694000214338303,0.0736183226108551
4287,0.057838164269924164,0.047613631933927536
4288,0.024211997166275978,0.026702510192990303
4289,0.0379461832344532,0.033585526049137115
4290,0.05928996577858925,0.04976610094308853
4291,0.047031354159116745,0.035364460200071335
4292,0.06240978091955185,0.06625376641750336
4293,0.0651920959353447,0.057817261666059494
4294,0.051180023699998856,0.04448064789175987
4295,0.07750869542360306,0.06374441832304001
4296,0.05639854446053505,0.044666338711977005
4297,0.045777153223752975,0.044516537338495255
4298,0.035316579043865204,0.033997420221567154
4299,0.05546743422746658,0.03812907263636589
4300,0.07052328437566757,0.048362474888563156
4301,0.07598309218883514,0.0722469612956047
4302,0.05318666622042656,0.03718156740069389
4303,0.036192331463098526,0.027096396312117577
4304,0.04587783291935921,0.027815422043204308
4305,0.032668206840753555,0.01668255776166916
4306,0.03605303913354874,0.04709984362125397
4307,0.05671222135424614,0.04871255159378052
4308,0.054653387516736984,0.0376923531293869
4309,0.044774383306503296,0.05387289822101593
4310,0.0361546166241169,0.038573119789361954
4311,0.03031480312347412,0.0015006393659859896
4312,0.008464933373034,0.010546532459557056
4313,0.021740058436989784,0.035539619624614716
4314,0.042484987527132034,0.030206182971596718
4315,0.047046903520822525,0.03253726288676262
4316,0.04838794097304344,0.04571015387773514
4317,0.04625363275408745,0.046550214290618896
4318,0.08779928833246231,0.07476431876420975
4319,0.06057746335864067,0.049720510840415955
4320,0.05151267349720001,0.038535162806510925
4321,0.031931132078170776,0.03334619104862213
4322,0.03167886286973953,0.022111693397164345
4323,0.0454619824886322,0.039274197071790695
4324,0.06267214566469193,0.0507848858833313
4325,0.06310423463582993,0.05580199882388115
4326,0.06312362849712372,0.042618561536073685
4327,0.028614111244678497,0.035368647426366806
4328,0.03939688578248024,0.03157362341880798
4329,0.05718139931559563,0.05990906432271004
4330,0.07272421568632126,0.07457781583070755
4331,0.0683567151427269,0.06528919190168381
4332,0.06382991373538971,0.04636804014444351
4333,0.025987429544329643,0.007516035810112953
4334,0.03149682655930519,0.020427905023097992
4335,0.003134804079309106,0.000549629214219749
4336,0.015189925208687782,0.0026518746744841337
4337,0.015169666148722172,-0.0006505973869934678
4338,0.01794939860701561,0.008547784760594368
4339,0.017632130533456802,0.0005737879546359181
4340,0.008990340866148472,0.004279750864952803
4341,0.04842395335435867,0.05380040779709816
4342,0.06986787170171738,0.05953064188361168
4343,0.04855133593082428,0.031878627836704254
4344,0.05963416397571564,0.04812776669859886
4345,0.04674523323774338,0.023614637553691864
4346,0.028188951313495636,0.01010542456060648
4347,0.031685970723629,0.03744161128997803
4348,0.03445349633693695,0.037558525800704956
4349,0.04577130079269409,0.028524480760097504
4350,0.05077071115374565,0.030852632597088814
4351,0.044296931475400925,0.03303925320506096
4352,0.04926051199436188,0.04475369304418564
4353,0.04369305819272995,0.03461805731058121
4354,0.055464353412389755,0.043627820909023285
4355,0.06360147893428802,0.06966764479875565
4356,0.0634707435965538,0.05529798939824104
4357,0.061878323554992676,0.046621814370155334
4358,0.06925148516893387,0.06665389239788055
4359,0.054688405245542526,0.05576201155781746
4360,0.037091419100761414,0.03061581216752529
4361,0.05516132339835167,0.047558169811964035
4362,0.059695154428482056,0.046240124851465225
4363,0.045308616012334824,0.031442925333976746
4364,0.03348233923316002,0.02058338187634945
4365,0.044601719826459885,0.042150672525167465
4366,0.0584634467959404,0.04142583906650543
4367,0.04590636491775513,0.04720275476574898
4368,0.05931264907121658,0.056832827627658844
4369,0.0626717135310173,0.051349807530641556
4370,0.04475525766611099,0.036846209317445755
4371,0.046978119760751724,0.04406924173235893
4372,0.05819253996014595,0.05094948783516884
4373,0.08150260150432587,0.08036769181489944
4374,0.08990952372550964,0.06123364716768265
4375,0.030623208731412888,0.029592381790280342
4376,0.03294939547777176,0.030304769054055214
4377,0.052192773669958115,0.03990844637155533
4378,0.04998760297894478,0.040423136204481125
4379,0.06682712584733963,0.05351578816771507
4380,0.040199704468250275,0.03286947309970856
4381,0.036000415682792664,0.04066700488328934
4382,0.04811291769146919,0.04497400298714638
4383,0.024728823453187943,0.02620716579258442
4384,0.03821440041065216,0.04435177892446518
4385,0.057276010513305664,0.042179837822914124
4386,0.040511831641197205,0.03321698307991028
4387,0.06146692484617233,0.06075461953878403
4388,0.05367572233080864,0.0462297759950161
4389,0.0566934235394001,0.03436095640063286
4390,0.05087132379412651,0.04197334125638008
4391,0.06560542434453964,0.06245962530374527
4392,0.06675153970718384,0.06285540759563446
4393,0.09032589197158813,0.07510560750961304
4394,0.07062317430973053,0.07415691018104553
4395,0.060601137578487396,0.05251670628786087
4396,0.04784876108169556,0.034048739820718765
4397,0.047441646456718445,0.04322598874568939
4398,0.059793733060359955,0.045880675315856934
4399,0.06719560921192169,0.0630953386425972
4400,0.05873679369688034,0.04821678623557091
4401,0.04900747910141945,0.06066030263900757
4402,0.06813184171915054,0.04895877465605736
4403,0.046912483870983124,0.04246680065989494
4404,0.038657188415527344,0.04579604044556618
4405,0.042108356952667236,0.026426907628774643
4406,0.029682254418730736,0.016982054337859154
4407,0.018925795331597328,0.0243136677891016
4408,0.030850911512970924,0.04032031074166298
4409,0.03651100769639015,0.02419324778020382
4410,0.03667072206735611,0.025985391810536385
4411,0.038047272711992264,0.03167739883065224
4412,0.02943640947341919,0.016878357157111168
4413,0.01586241088807583,0.029960107058286667
4414,0.02862832322716713,0.02810347080230713
4415,0.03463665023446083,0.0426136776804924
4416,0.04585854336619377,0.05542295053601265
4417,0.05411003902554512,0.05018714442849159
4418,0.052752695977687836,0.052925486117601395
4419,0.06946014612913132,0.08180037140846252
4420,0.07599795609712601,0.058479711413383484
4421,0.06633798778057098,0.05618662387132645
4422,0.05369560420513153,0.04167214035987854
4423,0.04445195943117142,0.024981670081615448
4424,0.018129967153072357,0.008504541590809822
4425,0.005891034379601479,0.006306116469204426
4426,0.002192846266552806,-0.0010487883118912578
4427,0.021822022274136543,0.018495097756385803
4428,0.023884287104010582,0.0010640766704455018
4429,0.02861933782696724,0.03723949193954468
4430,0.04035501182079315,0.029011055827140808
4431,0.04114662855863571,0.03924650698900223
4432,0.03329060971736908,0.03982106223702431
4433,0.04974450543522835,0.04914535954594612
4434,0.05599219352006912,0.053232379257678986
4435,0.0805281400680542,0.07267490774393082
4436,0.061013106256723404,0.04827525094151497
4437,0.05921586975455284,0.05608272925019264
4438,0.0798172876238823,0.07220672070980072
4439,0.06931967288255692,0.07678455859422684
4440,0.06972716003656387,0.07100412994623184
4441,0.07842954993247986,0.06290654093027115
4442,0.04684201255440712,0.048720646649599075
4443,0.0795564129948616,0.06963504105806351
4444,0.06255179643630981,0.04365227371454239
4445,0.04942237213253975,0.046172525733709335
4446,0.050660278648138046,0.06350113451480865
4447,0.06540622562170029,0.06736336648464203
4448,0.060984496027231216,0.047582682222127914
4449,0.05170929804444313,0.0451325848698616
4450,0.058739256113767624,0.06342127919197083
4451,0.0557994470000267,0.05255331099033356
4452,0.06325159966945648,0.049702759832143784
4453,0.026315664872527122,0.033273208886384964
4454,0.036038197576999664,0.02921370603144169
4455,0.037930164486169815,0.02936757542192936
4456,0.04569879546761513,0.03760344535112381
4457,0.045159004628658295,0.03702525421977043
4458,0.031235946342349052,0.027637144550681114
4459,0.02001252770423889,0.021591827273368835
4460,0.046142563223838806,0.026175325736403465
4461,0.01770111173391342,0.015993459150195122
4462,0.021455125883221626,0.012705843895673752
4463,0.028044521808624268,0.021631641313433647
4464,0.008349001407623291,0.0030946810729801655
4465,0.032376281917095184,0.01939224638044834
4466,0.01746310293674469,0.015563491731882095
4467,0.020202234387397766,0.027266453951597214
4468,0.029070310294628143,0.040911585092544556
4469,0.03861304745078087,0.036801017820835114
4470,0.04967111721634865,0.039280399680137634
4471,0.05312296003103256,0.05770912021398544
4472,0.058493319898843765,0.047232337296009064
4473,0.053275465965270996,0.04890069365501404
4474,0.0652339980006218,0.05506814271211624
4475,0.04710564762353897,0.0468621626496315
4476,0.03849469870328903,0.023167679086327553
4477,0.032811399549245834,0.023700958117842674
4478,0.029126407578587532,0.022314107045531273
4479,0.023143960162997246,0.01227871235460043
4480,0.0507691465318203,0.05141814053058624
4481,0.04746806621551514,0.04908616095781326
4482,0.05834775045514107,0.05471884459257126
4483,0.06357984989881516,0.056940022855997086
4484,0.07032931596040726,0.05398336425423622
4485,0.029235297814011574,0.027910640463232994
4486,0.034207794815301895,0.02925977297127247
4487,0.023933060467243195,0.0490591935813427
4488,0.0518830306828022,0.04498784989118576
4489,0.05569632351398468,0.042408537119627
4490,0.04939616844058037,0.04345070570707321
4491,0.04153664782643318,0.02541027031838894
4492,0.040036458522081375,0.034681785851716995
4493,0.045345205813646317,0.035946376621723175
4494,0.05318359285593033,0.03938370570540428
4495,0.0323060043156147,0.020587924867868423
4496,0.027955541387200356,0.017338182777166367
4497,0.028418704867362976,0.022604333236813545
4498,0.028978746384382248,0.02239040844142437
4499,0.05863640084862709,0.0385282039642334
4500,0.05814112722873688,0.04568380489945412
4501,0.0568714402616024,0.05091313272714615
4502,0.05229107663035393,0.05507904291152954
4503,0.04241621494293213,0.05683272331953049
4504,0.03012138605117798,0.021479081362485886
4505,0.035704053938388824,0.027531029656529427
4506,0.030477579683065414,0.007161224260926247
4507,0.029269710183143616,0.012502351775765419
4508,0.02007315866649151,0.015840990468859673
4509,0.04272335022687912,0.013389208354055882
4510,0.016817986965179443,0.014888416044414043
4511,0.03928579017519951,0.0286977831274271
4512,0.022554384544491768,0.016017762944102287
4513,0.033813267946243286,0.016710907220840454
4514,0.036770645529031754,0.03949064761400223
4515,0.049285467714071274,0.0609685555100441
4516,0.05008593201637268,0.05494179204106331
4517,0.07120733708143234,0.07190995663404465
4518,0.04752054810523987,0.0507795624434948
4519,0.04514840990304947,0.04132910072803497
4520,0.03871675580739975,0.033609624952077866
4521,0.04442581161856651,0.039723608642816544
4522,0.04569282755255699,0.03543747961521149
4523,0.06113177910447121,0.06171179935336113
4524,0.06275330483913422,0.04392870515584946
4525,0.06031119078397751,0.05980097874999046
4526,0.07607292383909225,0.06083901226520538
4527,0.05266067385673523,0.04108291491866112
4528,0.03210164234042168,0.02882007509469986
4529,0.03824847191572189,0.03983831778168678
4530,0.05346212908625603,0.04462757334113121
4531,0.06025214120745659,0.05591370165348053
4532,0.0274050235748291,0.01780223660171032
4533,0.007803197950124741,0.0011017839424312115
4534,0.022380946204066277,0.01871701516211033
4535,0.04416497051715851,0.029749233275651932
4536,0.037952110171318054,0.025309082120656967
4537,0.04450102895498276,0.03259127587080002
4538,0.06824936717748642,0.0390741229057312
4539,0.04165044054389,0.029579022899270058
4540,0.03924780339002609,0.02049829252064228
4541,0.037331659346818924,0.030098281800746918
4542,0.051401104778051376,0.04883367195725441
4543,0.046598054468631744,0.045271068811416626
4544,0.041931506246328354,0.042363326996564865
4545,0.04924370348453522,0.0526852123439312
4546,0.03272325173020363,0.026393067091703415
4547,0.014869281090795994,0.006515535991638899
4548,0.015973230823874474,0.008326192386448383
4549,0.03845912963151932,0.03304465487599373
4550,0.048485469073057175,0.047944389283657074
4551,0.05729939043521881,0.048535749316215515
4552,0.053320709615945816,0.05584467202425003
4553,0.05119962990283966,0.04176243767142296
4554,0.04831672087311745,0.057491544634103775
4555,0.07251538336277008,0.05723948031663895
4556,0.04708985239267349,0.04142514988780022
4557,0.04163853079080582,0.02834192104637623
4558,0.02790491282939911,0.029306180775165558
4559,0.06466187536716461,0.05982787907123566
4560,0.05632031336426735,0.05091434344649315
4561,0.049296800047159195,0.04427724331617355
4562,0.027329226955771446,0.01914641261100769
4563,0.023743538185954094,0.02302837371826172
4564,0.016190340742468834,0.0032818962354213
4565,0.029676951467990875,0.02136634849011898
4566,0.04064491018652916,0.03358926251530647
4567,0.03876732662320137,0.011745266616344452
4568,0.04805092513561249,0.0293678380548954
4569,0.040855519473552704,0.03490498661994934
4570,0.04692802205681801,0.03637869656085968
4571,0.04177890345454216,0.029073303565382957
4572,0.02102581039071083,0.014389442279934883
4573,0.030197739601135254,0.021350126713514328
4574,0.0363910086452961,0.03811964392662048
4575,0.033023737370967865,0.037169892340898514
4576,0.05129585787653923,0.034026406705379486
4577,0.05277933180332184,0.04179037734866142
4578,0.05493747815489769,0.053513962775468826
4579,0.08022207021713257,0.07648887485265732
4580,0.07183275371789932,0.05390361323952675
4581,0.07028740644454956,0.06403656303882599
4582,0.045778606086969376,0.038892779499292374
4583,0.04547303169965744,0.02380024455487728
4584,0.033077456057071686,0.018807876855134964
4585,0.043872736394405365,0.06219571456313133
4586,0.04143092781305313,0.01146713923662901
4587,0.0009015981340780854,0.002932128496468067
4588,0.030913356691598892,0.029226042330265045
4589,0.038721490651369095,0.04325113072991371
4590,0.057095348834991455,0.04523041099309921
4591,0.06077110767364502,0.05112892761826515
4592,0.04643339291214943,0.05113207548856735
4593,0.05437881872057915,0.04353385046124458
4594,0.04617242142558098,0.03866538405418396
4595,0.037374820560216904,0.02932591922581196
4596,0.03997056186199188,0.03062177263200283
4597,0.06028010696172714,0.056780967861413956
4598,0.05538845434784889,0.031525880098342896
4599,0.04345383122563362,0.0352940633893013
4600,0.05259665846824646,0.03032245673239231
4601,0.04556896165013313,0.04621551185846329
4602,0.051481883972883224,0.044701751321554184
4603,0.050629980862140656,0.03860986605286598
4604,0.05528971180319786,0.05908674746751785
4605,0.04921095818281174,0.044309936463832855
4606,0.06213969737291336,0.049238357692956924
4607,0.058453913778066635,0.0507817380130291
4608,0.05117279663681984,0.042928583920001984
4609,0.04597863554954529,0.0506327748298645
4610,0.05471431836485863,0.03766168653964996
4611,0.047173790633678436,0.05141561105847359
4612,0.06084318831562996,0.04438483715057373
4613,0.04608030989766121,0.03820279613137245
4614,0.02922263741493225,0.025881050154566765
4615,0.027671590447425842,0.02572234906256199
4616,0.021630017086863518,0.03836878016591072
4617,0.059614602476358414,0.04844162240624428
4618,0.04049007222056389,0.0443745031952858
4619,0.04359503462910652,0.049077264964580536
4620,0.06138419732451439,0.05170455947518349
4621,0.045118413865566254,0.03649609535932541
4622,0.038533154875040054,0.029138773679733276
4623,0.018870316445827484,0.022340863943099976
4624,0.039240363985300064,0.03728638216853142
4625,0.02236972190439701,0.024538876488804817
4626,0.017065204679965973,0.015703868120908737
4627,0.04822422191500664,0.04628806188702583
4628,0.05482539162039757,0.04136428236961365
4629,0.03951534628868103,0.04013875499367714
4630,0.03599127382040024,0.031183892861008644
4631,0.04758569225668907,0.03533010929822922
4632,0.05154121294617653,0.03762272745370865
4633,0.04740871861577034,0.05333941802382469
4634,0.07001815736293793,0.06700188666582108
4635,0.05851242318749428,0.06470376253128052
4636,0.04885708913207054,0.04120010510087013
4637,0.04059205576777458,0.014436541125178337
4638,0.037258829921483994,0.033145543187856674
4639,0.04272002354264259,0.03844428062438965
4640,0.0323956161737442,0.031991925090551376
4641,0.016697445884346962,0.004551170393824577
4642,0.018760832026600838,0.02352992631494999
4643,0.05297917500138283,0.022130781784653664
4644,0.026271827518939972,0.005904293153434992
4645,0.0277321245521307,0.013222427107393742
4646,0.03509647399187088,0.026143452152609825
4647,0.025757549330592155,0.012292653322219849
4648,0.013277829624712467,0.0015562546905130148
4649,0.02682398445904255,0.008268829435110092
4650,0.015185782685875893,0.023049641400575638
4651,0.03983112424612045,0.04077211394906044
4652,0.03645101189613342,0.0481644943356514
4653,0.051982201635837555,0.031047917902469635
4654,0.049146369099617004,0.03947063907980919
4655,0.034446168690919876,0.031473204493522644
4656,0.05304863303899765,0.03817300125956535
4657,0.059678733348846436,0.0530390702188015
4658,0.03209292143583298,0.04325738921761513
4659,0.04554114490747452,0.04444708302617073
4660,0.07776565104722977,0.06094300001859665
4661,0.07172494381666183,0.05099097266793251
4662,0.03747612237930298,0.026702700182795525
4663,0.0627293512225151,0.032668888568878174
4664,0.05598863586783409,0.05501846969127655
4665,0.06460878252983093,0.051283083856105804
4666,0.03438412398099899,0.03667726367712021
4667,0.044634465128183365,0.03373318910598755
4668,0.03019673377275467,0.03245585039258003
4669,0.04132071137428284,0.03428567573428154
4670,0.04552234709262848,0.04880412667989731
4671,0.04730602353811264,0.04068109765648842
4672,0.03937317058444023,0.03629182279109955
4673,0.061419468373060226,0.06711266934871674
4674,0.08212489634752274,0.07000785320997238
4675,0.06456463038921356,0.070709228515625
4676,0.0406692810356617,0.03620198369026184
4677,0.05335301533341408,0.0352453738451004
4678,0.03192661330103874,0.036355841904878616
4679,0.045917097479104996,0.04889173060655594
4680,0.07518085092306137,0.06393558531999588
4681,0.07676082104444504,0.06095198541879654
4682,0.051096364855766296,0.04951225221157074
4683,0.06599123030900955,0.052278272807598114
4684,0.05842714384198189,0.04941326752305031
4685,0.05959513783454895,0.05868382006883621
4686,0.0770864188671112,0.07409005612134933
4687,0.07719005644321442,0.07396707683801651
4688,0.07374247908592224,0.05948067083954811
4689,0.052520960569381714,0.029215464368462563
4690,0.040619391947984695,0.03403770178556442
4691,0.03095378540456295,0.024398820474743843
4692,0.033496543765068054,0.02762351557612419
4693,0.034120261669158936,0.023946810513734818
4694,0.028002699837088585,0.03014589287340641
4695,0.05923744663596153,0.04551432654261589
4696,0.05766709893941879,0.06444156169891357
4697,0.05200245603919029,0.03700884431600571
4698,0.04422155022621155,0.027552129700779915
4699,0.056491415947675705,0.05579161271452904
4700,0.04683154448866844,0.040084172040224075
4701,0.059633519500494,0.051661159843206406
4702,0.04429003968834877,0.024362334981560707
4703,0.0316268615424633,0.026111528277397156
4704,0.01655414327979088,0.002293722005560994
4705,0.0071480427868664265,0.003320719813928008
4706,0.006303471978753805,0.0039411564357578754
4707,0.017945773899555206,0.007087253965437412
4708,0.04099820554256439,0.0423288494348526
4709,0.05170934647321701,0.05128548666834831
4710,0.059758562594652176,0.059279099106788635
4711,0.059715840965509415,0.05010465532541275
4712,0.05954016000032425,0.06673964112997055
4713,0.05521807447075844,0.04249098151922226
4714,0.035426635295152664,0.019206838682293892
4715,0.04503277316689491,0.03705989569425583
4716,0.047039490193128586,0.046524353325366974
4717,0.05381176993250847,0.04816936329007149
4718,0.06070300191640854,0.0528799369931221
4719,0.02729024924337864,0.03525083139538765
4720,0.055088721215724945,0.04815644398331642
4721,0.05492408946156502,0.032828439027071
4722,0.03165750205516815,0.044038210064172745
4723,0.049552761018276215,0.05115877091884613
4724,0.0690174251794815,0.058714013546705246
4725,0.06609547138214111,0.0588393397629261
4726,0.05783061310648918,0.05800381302833557
4727,0.054356299340724945,0.023218734189867973
4728,0.008621035143733025,0.0014946699375286698
4729,0.022862209007143974,-0.0014173378003761172
4730,0.03619297966361046,0.02208320051431656
4731,0.0437128059566021,0.041738707572221756
4732,0.058645740151405334,0.04449295252561569
4733,0.05771878734230995,0.04973499849438667
4734,0.04288912191987038,0.051189471036195755
4735,0.043783772736787796,0.04680144041776657
4736,0.05326443165540695,0.03194837272167206
4737,0.05023401230573654,0.031453024595975876
4738,0.04401550069451332,0.031103109940886497
4739,0.023958459496498108,0.03403603658080101
4740,0.027082154527306557,0.02295606955885887
4741,0.02699463814496994,0.013597434386610985
4742,0.022361144423484802,0.008962669409811497
4743,0.000630070106126368,0.0022231130860745907
4744,0.05580670386552811,0.03823306784033775
4745,0.06593552231788635,0.04380956292152405
4746,0.045942045748233795,0.04892617091536522
4747,0.056377559900283813,0.04797258973121643
4748,0.061778564006090164,0.0648363009095192
4749,0.05872694402933121,0.05490027368068695
4750,0.07236800342798233,0.07889962941408157
4751,0.08387956768274307,0.0758567675948143
4752,0.07656042277812958,0.07125083357095718
4753,0.06100662425160408,0.04424004629254341
4754,0.04663429036736488,0.04291655123233795
4755,0.04532753303647041,0.03443671017885208
4756,0.018471913412213326,0.011493721976876259
4757,0.03744622319936752,0.02910764142870903
4758,0.03857725113630295,0.03585774451494217
4759,0.04640774801373482,0.02838067337870598
4760,0.043985478579998016,0.04036611318588257
4761,0.07054317742586136,0.052360475063323975
4762,0.046698249876499176,0.029595840722322464
4763,0.05938906967639923,0.05978254973888397
4764,0.07386079430580139,0.05836300551891327
4765,0.04980378597974777,0.04251421242952347
4766,0.032499998807907104,0.039322931319475174
4767,0.04677490144968033,0.05481854826211929
4768,0.06310626119375229,0.0567135252058506
4769,0.05081993341445923,0.049983758479356766
4770,0.0464341901242733,0.03685193881392479
4771,0.04763922467827797,0.0375601202249527
4772,0.06121969223022461,0.039071522653102875
4773,0.05586265027523041,0.04657986760139465
4774,0.04020317643880844,0.043534111231565475
4775,0.037774115800857544,0.019072338938713074
4776,0.029288865625858307,0.021955547854304314
4777,0.035165078938007355,0.03594973310828209
4778,0.03557756915688515,0.039604928344488144
4779,0.054143328219652176,0.03169554844498634
4780,0.050487685948610306,0.031872574239969254
4781,0.045441679656505585,0.03597278520464897
4782,0.060381945222616196,0.04435143619775772
4783,0.04698197916150093,0.029339035972952843
4784,0.06747301667928696,0.05414098873734474
4785,0.05276326835155487,0.027559688314795494
4786,0.02849319763481617,0.03000125102698803
4787,0.04162469878792763,0.03396989777684212
4788,0.03465907275676727,0.02465284988284111
4789,0.03313686326146126,0.03295633941888809
4790,0.040653783828020096,0.040160391479730606
4791,0.03190136328339577,0.035186730325222015
4792,0.05249515548348427,0.03478648141026497
4793,0.03170514479279518,0.02589273639023304
4794,0.04064204916357994,0.044516898691654205
4795,0.04637538269162178,0.03881414234638214
4796,0.04545719549059868,0.04056352376937866
4797,0.04962269961833954,0.04425603896379471
4798,0.05480089411139488,0.04602034017443657
4799,0.05108504369854927,0.03941857069730759
4800,0.0636758804321289,0.07692204415798187
4801,0.08386151492595673,0.07313358038663864
4802,0.0651693195104599,0.039119135588407516
4803,0.05351918563246727,0.04943079128861427
4804,0.07143507152795792,0.05993953347206116
4805,0.06684158742427826,0.037852898240089417
4806,0.03308482468128204,0.019694877788424492
4807,0.027666330337524414,0.026958784088492393
4808,0.05568065866827965,0.053277939558029175
4809,0.062205344438552856,0.0650206059217453
4810,0.06880096346139908,0.06967390328645706
4811,0.0714806467294693,0.05760423094034195
4812,0.056877631694078445,0.04907521605491638
4813,0.03422215208411217,0.03214837238192558
4814,0.03690144047141075,0.020618876442313194
4815,0.030674904584884644,0.032183896750211716
4816,0.020217319950461388,0.0049420930445194244
4817,0.023255782201886177,0.027618078514933586
4818,0.03392782434821129,0.02801516279578209
4819,0.02712579444050789,0.024358604103326797
4820,0.04349377378821373,0.055069491267204285
4821,0.05429515615105629,0.047534771263599396
4822,0.06581392139196396,0.06908107548952103
4823,0.05363544449210167,0.0307770948857069
4824,0.03610851988196373,0.028795726597309113
4825,0.027637988328933716,0.035721782594919205
4826,0.0510348305106163,0.036882609128952026
4827,0.022114938125014305,0.012222419492900372
4828,0.023410823196172714,0.015242449939250946
4829,0.0216559749096632,0.01626574620604515
4830,0.028926795348525047,0.01586437225341797
4831,0.0038687509950250387,0.0007198707899078727
4832,0.03859657794237137,0.029366491362452507
4833,0.04869499430060387,0.030957646667957306
4834,0.028970666229724884,0.02520838938653469
4835,0.041740674525499344,0.028052348643541336
4836,0.04393519088625908,0.04240211099386215
4837,0.050621017813682556,0.029127996414899826
4838,0.031940896064043045,0.03729123994708061
4839,0.043840546160936356,0.03156452998518944
4840,0.033957093954086304,0.03625334054231644
4841,0.059847861528396606,0.05843198299407959
4842,0.05593118444085121,0.054086834192276
4843,0.057062387466430664,0.04410666599869728
4844,0.019972629845142365,0.00870867446064949
4845,0.03921495005488396,0.03984307870268822
4846,0.010041954927146435,0.02404509112238884
4847,0.03386124595999718,0.04902735725045204
4848,0.03504951298236847,0.033366866409778595
4849,0.036141932010650635,0.03273840993642807
4850,0.04177749529480934,0.036404140293598175
4851,0.04793412238359451,0.030255749821662903
4852,0.03896308317780495,0.02389107085764408
4853,0.02077612839639187,0.018587227910757065
4854,0.01612892746925354,0.015599492937326431
4855,0.039486825466156006,0.02807665430009365
4856,0.026939501985907555,0.01877315528690815
4857,0.06025312840938568,0.055895932018756866
4858,0.09156540781259537,0.05731230974197388
4859,0.07852067798376083,0.05013410747051239
4860,0.050749633461236954,0.04246431216597557
4861,0.03401457145810127,0.03434304893016815
4862,0.044823791831731796,0.02958633378148079
4863,0.04111061990261078,0.03618553280830383
4864,0.046592991799116135,0.0264850202947855
4865,0.03369801118969917,0.03572722524404526
4866,0.033701516687870026,0.02334742620587349
4867,0.041149768978357315,0.04606826975941658
4868,0.03776843100786209,0.03342317417263985
4869,0.051813289523124695,0.03831786289811134
4870,0.014640568755567074,0.01807946339249611
4871,0.019597632810473442,0.018056150525808334
4872,0.04048895835876465,0.031180551275610924
4873,0.06035062298178673,0.049903254956007004
4874,0.05906707048416138,0.05030038207769394
4875,0.05717279389500618,0.03346405550837517
4876,0.05053281784057617,0.050829220563173294
4877,0.06668242812156677,0.07675950229167938
4878,0.06651652604341507,0.04564420506358147
4879,0.043182455003261566,0.03295336663722992
4880,0.037605639547109604,0.02056332677602768
4881,0.03281358629465103,0.04023653641343117
4882,0.05123274028301239,0.04857803136110306
4883,0.053079042583703995,0.04231946915388107
4884,0.03928588330745697,0.029409518465399742
4885,0.050566524267196655,0.05059592425823212
4886,0.03941304236650467,0.030641857534646988
4887,0.04377105087041855,0.02942700684070587
4888,0.06082869693636894,0.03796105831861496
4889,0.03309177607297897,0.023081457242369652
4890,0.025756604969501495,0.012410080060362816
4891,0.03044968843460083,0.0317801758646965
4892,0.01888315938413143,0.024091573432087898
4893,0.019985033199191093,0.02322852797806263
4894,0.03495880216360092,0.027041619643568993
4895,0.03239653259515762,0.00833213236182928
4896,0.02088519185781479,0.00023692168178968132
4897,0.015513354912400246,0.016738969832658768
4898,0.046454574912786484,0.03553314134478569
4899,0.04531170800328255,0.048095256090164185
4900,0.0622236467897892,0.06027476489543915
4901,0.05278254672884941,0.0416204109787941
4902,0.06736961007118225,0.05962994694709778
4903,0.07292944937944412,0.05539855733513832
4904,0.05342862010002136,0.07208352535963058
4905,0.06064677610993385,0.044304728507995605
4906,0.06549648195505142,0.05535893514752388
4907,0.05308524891734123,0.03288876637816429
4908,0.049413420259952545,0.04483264684677124
4909,0.06347903609275818,0.042234256863594055
4910,0.06211831793189049,0.060824837535619736
4911,0.05151582509279251,0.049265895038843155
4912,0.06400585919618607,0.05964749678969383
4913,0.04125341400504112,0.033118557184934616
4914,0.050471317023038864,0.0383213609457016
4915,0.08706644177436829,0.07186730206012726
4916,0.06379176676273346,0.06023445725440979
4917,0.059547845274209976,0.061354860663414
4918,0.06667575240135193,0.06154888868331909
4919,0.05544748157262802,0.03686048090457916
4920,0.025039387866854668,0.016481800004839897
4921,0.031935397535562515,0.020852744579315186
4922,0.0398019477725029,0.033541321754455566
4923,0.06749894469976425,0.04956431686878204
4924,0.03439437225461006,0.03372988849878311
4925,0.061840783804655075,0.05644815042614937
4926,0.052951421588659286,0.04033970460295677
4927,0.05606289952993393,0.04480820521712303
4928,0.04369836300611496,0.04832031577825546
4929,0.06628153473138809,0.04898455739021301
4930,0.07222191244363785,0.05281885340809822
4931,0.05996030941605568,0.06097044795751572
4932,0.06782765686511993,0.06632117927074432
4933,0.06917093694210052,0.059090010821819305
4934,0.04357544332742691,0.02613043785095215
4935,0.04279545322060585,0.04136776179075241
4936,0.054436877369880676,0.04158278927206993
4937,0.06125296652317047,0.04949108883738518
4938,0.05922863259911537,0.06478758901357651
4939,0.06093963235616684,0.058372654020786285
4940,0.05367923900485039,0.04181171581149101
4941,0.04323640465736389,0.046719226986169815
4942,0.04682137817144394,0.038615766912698746
4943,0.04517178609967232,0.0562405064702034
4944,0.06111524626612663,0.06310158967971802
4945,0.06902655959129333,0.06553629785776138
4946,0.05945708975195885,0.055313851684331894
4947,0.06502509862184525,0.06310752034187317
4948,0.052338678389787674,0.04439247027039528
4949,0.04884028062224388,0.043550293892621994
4950,0.023758312687277794,0.022784240543842316
4951,0.009345275349915028,0.013960263691842556
4952,0.02532307617366314,0.03686756640672684
4953,0.05131342262029648,0.05127183720469475
4954,0.0640951544046402,0.06575227528810501
4955,0.054470449686050415,0.04826096072793007
4956,0.054043397307395935,0.0297374464571476
4957,0.028816785663366318,0.03530213236808777
4958,0.04414103925228119,0.03398818522691727
4959,0.05367804691195488,0.03719346970319748
4960,0.060257427394390106,0.0351463258266449
4961,0.032190628349781036,0.025000132620334625
4962,0.04677663370966911,0.041910406202077866
4963,0.05341317504644394,0.026350099593400955
4964,0.019966959953308105,-0.0035567311570048332
4965,0.022669361904263496,0.010253971442580223
4966,0.009201566688716412,0.001719469903036952
4967,-0.003377515124157071,-0.0144577631726861
4968,0.022496234625577927,0.016781151294708252
4969,0.029565885663032532,0.027524201199412346
4970,0.03797105327248573,0.047350428998470306
4971,0.04900408908724785,0.03392673656344414
4972,0.029572060331702232,0.03199772164225578
4973,0.04805900156497955,0.04561583325266838
4974,0.03678904101252556,0.02255726233124733
4975,0.02582414820790291,0.015430900268256664
4976,0.04236835986375809,0.030377689749002457
4977,0.04229120910167694,0.030619096010923386
4978,0.025836920365691185,0.016251981258392334
4979,0.01899310201406479,0.015096316114068031
4980,0.015177428722381592,0.016178220510482788
4981,0.051323678344488144,0.04961872845888138
4982,0.06375347077846527,0.04235195368528366
4983,0.05632926896214485,0.038994938135147095
4984,0.060460370033979416,0.05789317190647125
4985,0.05635511875152588,0.05733200162649155
4986,0.05149500072002411,0.04486451297998428
4987,0.029153073206543922,0.02358662709593773
4988,0.02441852167248726,0.031328435987234116
4989,0.01949598453938961,0.006200367119163275
4990,0.0301174558699131,0.02695295959711075
4991,0.041236359626054764,0.030346080660820007
4992,0.045794181525707245,0.027542484924197197
4993,0.024645352736115456,0.02318364381790161
4994,0.03889906406402588,0.029050568118691444
4995,0.04813598468899727,0.041979167610406876
4996,0.05278663709759712,0.05808935686945915
4997,0.05133603513240814,0.04058288410305977
4998,0.05611104518175125,0.0658421441912651
4999,0.054549552500247955,0.05434122681617737
5000,0.04953295737504959,0.05171496048569679
5001,0.04396573081612587,0.038700904697179794
5002,0.05368558317422867,0.04641476646065712
5003,0.051893629133701324,0.04158449545502663
5004,0.04949774965643883,0.048845093697309494
5005,0.05844223499298096,0.03202274814248085
5006,0.05767839774489403,0.04917728155851364
5007,0.04764944314956665,0.04975089803338051
5008,0.05542328208684921,0.04203631356358528
5009,0.038632288575172424,0.04962468519806862
5010,0.03571917116641998,0.03146788105368614
5011,0.04033518582582474,0.042849548161029816
5012,0.03437989950180054,0.028336524963378906
5013,0.03136115148663521,0.027439337223768234
5014,0.0469195656478405,0.03772830590605736
5015,0.052795059978961945,0.050210222601890564
5016,0.0768643319606781,0.06986401230096817
5017,0.06877657771110535,0.05714796856045723
5018,0.03259578347206116,0.034997716546058655
5019,0.059900518506765366,0.05666523426771164
5020,0.0628477931022644,0.052358269691467285
5021,0.02548164688050747,0.03239826485514641
5022,0.038953427225351334,0.032521288841962814
5023,0.03675328567624092,0.03910527378320694
5024,0.043027762323617935,0.03922177851200104
5025,0.03939346596598625,0.04335736110806465
5026,0.06455289572477341,0.05229618400335312
5027,0.05525755137205124,0.032173678278923035
5028,0.04172888770699501,0.05575954169034958
5029,0.07045459747314453,0.05731124058365822
5030,0.053839750587940216,0.04990633949637413
5031,0.05887801572680473,0.05871943011879921
5032,0.0897732824087143,0.05909612774848938
5033,0.05204673111438751,0.0365951843559742
5034,0.06155150756239891,0.05828571319580078
5035,0.0511053092777729,0.04345087334513664
5036,0.044771768152713776,0.044354185461997986
5037,0.05693339928984642,0.024630844593048096
5038,0.026111317798495293,0.026068324223160744
5039,0.035872116684913635,0.023949651047587395
5040,0.030649542808532715,0.025866638869047165
5041,0.03801781311631203,0.028152761980891228
5042,0.05111927539110184,0.043526340276002884
5043,0.03618744760751724,0.04230300709605217
5044,0.05723262205719948,0.07131195813417435
5045,0.054273854941129684,0.04039904475212097
5046,0.03996911644935608,0.01844717748463154
5047,0.042794860899448395,0.03603482246398926
5048,0.043264009058475494,0.04905347153544426
5049,0.05347513407468796,0.04616706073284149
5050,0.053517404943704605,0.04941945523023605
5051,0.06316683441400528,0.06710559129714966
5052,0.07425123453140259,0.05725990608334541
5053,0.05629430338740349,0.04226080700755119
5054,0.037659842520952225,0.020660901442170143
5055,0.02447132207453251,0.02687709964811802
5056,0.02481105364859104,0.019016703590750694
5057,0.03979386016726494,0.039066482335329056
5058,0.06940628588199615,0.06472746282815933
5059,0.0713828057050705,0.07420261949300766
5060,0.08577292412519455,0.0730622336268425
5061,0.07024741172790527,0.061612267047166824
5062,0.04396842047572136,0.037663597613573074
5063,0.05238255113363266,0.03368772193789482
5064,0.01639164797961712,0.006800761912018061
5065,0.020770518109202385,0.021968336775898933
5066,0.04993875324726105,0.052421558648347855
5067,0.03760362043976784,0.02545776776969433
5068,0.04082745686173439,0.04231588542461395
5069,0.04574123024940491,0.04141402989625931
5070,0.030690092593431473,0.021927960216999054
5071,0.032028716057538986,0.02900845929980278
5072,0.019241800531744957,0.03318476676940918
5073,0.05252746120095253,0.04369306564331055
5074,0.04656918719410896,0.039498426020145416
5075,0.061086878180503845,0.058590710163116455
5076,0.061539437621831894,0.021793019026517868
5077,0.031738970428705215,0.025518955662846565
5078,0.041066884994506836,0.03318558633327484
5079,0.04562322050333023,0.05531905218958855
5080,0.07709123194217682,0.06526657193899155
5081,0.06486700475215912,0.062300827354192734
5082,0.05856802687048912,0.04612099006772041
5083,0.06264845281839371,0.049508534371852875
5084,0.030086947605013847,0.030286265537142754
5085,0.036419011652469635,0.025157613679766655
5086,0.03728984668850899,0.03642493113875389
5087,0.05084710568189621,0.04115208610892296
5088,0.06291396915912628,0.05140743404626846
5089,0.05544942617416382,0.04792601987719536
5090,0.06832516193389893,0.05050372704863548
5091,0.05529611185193062,0.049104295670986176
5092,0.06614312529563904,0.05970558896660805
5093,0.05472961813211441,0.035941366106271744
5094,0.045631472021341324,0.030753901228308678
5095,0.036844540387392044,0.03312249109148979
5096,0.053667183965444565,0.043353933840990067
5097,0.044514916837215424,0.05666634812951088
5098,0.05740002542734146,0.04959837719798088
5099,0.04795381426811218,0.027317093685269356
5100,0.0423504002392292,0.02572929486632347
5101,0.029301216825842857,0.03627399355173111
5102,0.04103468731045723,0.02547582797706127
5103,0.015652256086468697,0.016216572374105453
5104,0.020373839884996414,0.012337613850831985
5105,0.01413245964795351,0.017659466713666916
5106,0.04158535227179527,0.03804263472557068
5107,0.0334986187517643,0.029130222275853157
5108,0.0320344939827919,0.03145723044872284
5109,0.05790276825428009,0.03939393162727356
5110,0.0453239306807518,0.03882712498307228
5111,0.037732113152742386,0.026000918820500374
5112,0.022423772141337395,0.004252773243933916
5113,0.0047937012277543545,0.010298831388354301
5114,0.025837138295173645,0.0127112390473485
5115,0.03417251631617546,0.03216540813446045
5116,0.03469495847821236,0.036883000284433365
5117,0.04710765555500984,0.041668057441711426
5118,0.05460615083575249,0.047222819179296494
5119,0.05444872006773949,0.04088888689875603
5120,0.05560849606990814,0.04697912931442261
5121,0.04929759353399277,0.04620740935206413
5122,0.06396596133708954,0.06332464516162872
5123,0.0716615542769432,0.07126152515411377
5124,0.0632629245519638,0.04664982482790947
5125,0.03858693689107895,0.03286921605467796
5126,0.03720420226454735,0.026551151648163795
5127,0.01519622839987278,0.024204734712839127
5128,0.02541664056479931,0.032374702394008636
5129,0.03448783606290817,0.044525109231472015
5130,0.060695331543684006,0.04581126570701599
5131,0.051348041743040085,0.043976690620183945
5132,0.05132761970162392,0.05606598034501076
5133,0.06564564257860184,0.044296205043792725
5134,0.05017095059156418,0.0444473996758461
5135,0.06760543584823608,0.052512042224407196
5136,0.07255517691373825,0.05969420075416565
5137,0.05881912261247635,0.06328082829713821
5138,0.04722149670124054,0.055969323962926865
5139,0.04905356094241142,0.03753962367773056
5140,0.04210621491074562,0.039366912096738815
5141,0.061091098934412,0.050366684794425964
5142,0.06182865798473358,0.048766545951366425
5143,0.04887077957391739,0.06327487528324127
5144,0.0625234842300415,0.041596803814172745
5145,0.04729589819908142,0.04962649941444397
5146,0.05218403786420822,0.046138353645801544
5147,0.0517205074429512,0.03891262412071228
5148,0.05820262059569359,0.041467972099781036
5149,0.0487438403069973,0.047009799629449844
5150,0.05511251091957092,0.02595061995089054
5151,0.01952056959271431,0.0034764485899358988
5152,0.03463577479124069,0.027241596952080727
5153,0.028773590922355652,0.034083180129528046
5154,0.05738607048988342,0.05816308781504631
5155,0.05380794778466225,0.03517140448093414
5156,0.04203033447265625,0.05027670040726662
5157,0.04740949720144272,0.05446814000606537
5158,0.06499555706977844,0.05488407611846924
5159,0.05760018527507782,0.043255433440208435
5160,0.04570743441581726,0.04861360415816307
5161,0.05546240881085396,0.056088488548994064
5162,0.06410663574934006,0.04830053448677063
5163,0.07789573073387146,0.0733327865600586
5164,0.07338368892669678,0.059222981333732605
5165,0.05639325827360153,0.043627988547086716
5166,0.05742876976728439,0.04752783477306366
5167,0.07962840795516968,0.06651672720909119
5168,0.06664446741342545,0.058709803968667984
5169,0.06653443723917007,0.05721641331911087
5170,0.05569591745734215,0.043407682329416275
5171,0.06224820017814636,0.04144427552819252
5172,0.056334227323532104,0.0449797660112381
5173,0.040038421750068665,0.051203418523073196
5174,0.06079157069325447,0.06260053813457489
5175,0.0762505903840065,0.059929799288511276
5176,0.05909952148795128,0.056234948337078094
5177,0.07286442816257477,0.06667427718639374
5178,0.059449221938848495,0.04417463764548302
5179,0.05320633202791214,0.04609915241599083
5180,0.06662346422672272,0.04538920521736145
5181,0.04447866231203079,0.03763435408473015
5182,0.027491683140397072,0.02002919651567936
5183,0.04464016854763031,0.031333379447460175
5184,0.023914461955428123,0.042020782828330994
5185,0.03393597528338432,0.02501535601913929
5186,0.04388819634914398,0.03291621804237366
5187,0.053925927728414536,0.047453608363866806
5188,0.061246294528245926,0.05007417872548103
5189,0.043898649513721466,0.05465136095881462
5190,0.07958083599805832,0.05833536386489868
5191,0.04503412917256355,0.02698407508432865
5192,0.027110552415251732,0.027310870587825775
5193,0.02930612489581108,0.02690757066011429
5194,0.03282497078180313,0.021864544600248337
5195,0.03802839294075966,0.03947692736983299
5196,0.0550101138651371,0.03348383679986
5197,0.05210636928677559,0.03379217907786369
5198,0.03839775174856186,0.03361994028091431
5199,0.0370701402425766,0.037893425673246384
5200,0.04624198004603386,0.03409772738814354
5201,0.04503997042775154,0.0286240391433239
5202,0.030641959980130196,0.032523464411497116
5203,0.05476431921124458,0.04686355218291283
5204,0.06070222333073616,0.06424359232187271
5205,0.07423769682645798,0.06645887345075607
5206,0.07161377370357513,0.052336808294057846
5207,0.056766703724861145,0.05278949439525604
5208,0.04620015621185303,0.05104602128267288
5209,0.04230877012014389,0.03634168207645416
5210,0.04735095426440239,0.04090610146522522
5211,0.046147264540195465,0.040211550891399384
5212,0.055341627448797226,0.03842484578490257
5213,0.0456569604575634,0.030394241213798523
5214,0.02844429761171341,0.019579529762268066
5215,0.028610307723283768,0.03034217841923237
5216,0.06754397600889206,0.057085905224084854
5217,0.04914901778101921,0.050618018954992294
5218,0.07504454255104065,0.0800563395023346
5219,0.06574563682079315,0.05235149711370468
5220,0.0675349086523056,0.07107114791870117
5221,0.062052082270383835,0.045979999005794525
5222,0.06125423312187195,0.06452932208776474
5223,0.06552568078041077,0.05164511501789093
5224,0.05624665319919586,0.04894569516181946
5225,0.06028762087225914,0.04885806143283844
5226,0.055906977504491806,0.054784949868917465
5227,0.04818704351782799,0.04764460027217865
5228,0.03232284262776375,0.040698133409023285
5229,0.058038435876369476,0.0436190590262413
5230,0.06231312453746796,0.05197330564260483
5231,0.06583744287490845,0.05290130898356438
5232,0.023274466395378113,0.018183697015047073
5233,0.027109377086162567,0.01923370733857155
5234,0.04738473519682884,0.03195595368742943
5235,0.0441364049911499,0.03719918057322502
5236,0.05477563291788101,0.03330144286155701
5237,0.01704309694468975,0.017117129638791084
5238,0.020763326436281204,0.022591885179281235
5239,0.014355871826410294,0.00975608266890049
5240,0.038777146488428116,0.02064570225775242
5241,0.03144511952996254,0.023990608751773834
5242,0.020021362230181694,0.012958034873008728
5243,0.05196766555309296,0.04866050183773041
5244,0.04269910976290703,0.029194675385951996
5245,0.033550359308719635,0.03379867598414421
5246,0.04120591655373573,0.028030354529619217
5247,0.05424349382519722,0.05738437920808792
5248,0.062122590839862823,0.05816354230046272
5249,0.06371764093637466,0.05675109475851059
5250,0.05774331092834473,0.04367619380354881
5251,0.050044797360897064,0.0367291122674942
5252,0.027672845870256424,0.015476757660508156
5253,0.03592633828520775,0.03523579612374306
5254,0.041199661791324615,0.03195174038410187
5255,0.05242902785539627,0.051805078983306885
5256,0.052119411528110504,0.041655927896499634
5257,0.044173289090394974,0.036883898079395294
5258,0.05761262774467468,0.04251958429813385
5259,0.06159553676843643,0.050547171384096146
5260,0.07244027405977249,0.06777309626340866
5261,0.05194436386227608,0.04025391861796379
5262,0.04188438132405281,0.051062360405921936
5263,0.06979013234376907,0.05778823792934418
5264,0.06150428205728531,0.049071237444877625
5265,0.049641869962215424,0.05688529461622238
5266,0.05830499529838562,0.04478287324309349
5267,0.04682719707489014,0.035137880593538284
5268,0.02872682921588421,0.027712266892194748
5269,0.026523523032665253,0.023745521903038025
5270,0.036944929510354996,0.03040000982582569
5271,0.04008348658680916,0.019449394196271896
5272,0.03539404273033142,0.026073798537254333
5273,0.04668411985039711,0.03833149001002312
5274,0.04490436613559723,0.029166316613554955
5275,0.030966931954026222,0.028790106996893883
5276,0.04950365424156189,0.03517085313796997
5277,0.06259532272815704,0.05941050499677658
5278,0.07415801286697388,0.061408426612615585
5279,0.06421170383691788,0.04873144254088402
5280,0.04324791207909584,0.022319616749882698
5281,0.01735823042690754,0.012653504498302937
5282,0.030570238828659058,0.01909705437719822
5283,0.02835129015147686,0.013642572797834873
5284,0.024693116545677185,0.021580612286925316
5285,0.04398764669895172,0.03030763752758503
5286,0.040469709783792496,0.03082544542849064
5287,0.05048874393105507,0.04292071983218193
5288,0.04622000455856323,0.06213054805994034
5289,0.06331220269203186,0.06689334660768509
5290,0.046480096876621246,0.029585810378193855
5291,0.04189986735582352,0.023698776960372925
5292,0.044890765100717545,0.04586624726653099
5293,0.040495943278074265,0.032728470861911774
5294,0.0635722354054451,0.054229505360126495
5295,0.048321403563022614,0.04660191386938095
5296,0.04338511824607849,0.03971679508686066
5297,0.054921168833971024,0.03839246928691864
5298,0.036865998059511185,0.028508495539426804
5299,0.03782537952065468,0.03106144815683365
5300,0.041479673236608505,0.044810108840465546
5301,0.04722822830080986,0.04533272609114647
5302,0.05694134905934334,0.0512893907725811
5303,0.042611490935087204,0.022435056045651436
5304,0.044020771980285645,0.045219819992780685
5305,0.040743388235569,0.03934680297970772
5306,0.06744056940078735,0.07281622290611267
5307,0.07307863980531693,0.06676711142063141
5308,0.06692931801080704,0.06852773576974869
5309,0.07972908765077591,0.08297056704759598
5310,0.07192691415548325,0.06372559815645218
5311,0.07906956970691681,0.06814577430486679
5312,0.0611695721745491,0.05518905073404312
5313,0.07168262451887131,0.05588974803686142
5314,0.06535492092370987,0.05439114570617676
5315,0.06306429207324982,0.05597025901079178
5316,0.06611254811286926,0.06787815690040588
5317,0.05285906419157982,0.036453284323215485
5318,0.03617525473237038,0.033041395246982574
5319,0.05555001646280289,0.05735233053565025
5320,0.08165469765663147,0.06797590106725693
5321,0.042631104588508606,0.03455593064427376
5322,0.06864746659994125,0.0747813731431961
5323,0.05812904238700867,0.048560161143541336
5324,0.05726873502135277,0.046037010848522186
5325,0.04294617101550102,0.04352562502026558
5326,0.04502405226230621,0.02112916298210621
5327,0.026382802054286003,0.015180394984781742
5328,0.010807218961417675,0.004716433119028807
5329,0.005548760760575533,-0.0007393092382699251
5330,0.01436333917081356,0.01515218522399664
5331,0.020185137167572975,0.009717364795506
5332,0.034086909145116806,0.0424649640917778
5333,0.04792763665318489,0.030837692320346832
5334,0.03751176595687866,0.04417426884174347
5335,0.054625462740659714,0.018461748957633972
5336,0.029712604358792305,0.011967248283326626
5337,0.01698906719684601,0.00028486718656495214
5338,0.01142522320151329,0.01741085946559906
5339,0.03807833418250084,0.05111071467399597
5340,0.06054558604955673,0.048995018005371094
5341,0.059916842728853226,0.04472475126385689
5342,0.03892498463392258,0.020640848204493523
5343,0.038518406450748444,0.024461347609758377
5344,0.026798363775014877,0.027918284758925438
5345,0.04128771647810936,0.04462495073676109
5346,0.03192779794335365,0.03297751396894455
5347,0.03449002653360367,0.03982621058821678
5348,0.0429910384118557,0.02680317498743534
5349,0.01886589266359806,0.025127025321125984
5350,0.05241819843649864,0.055794116109609604
5351,0.04987301304936409,0.052270401269197464
5352,0.07606903463602066,0.06508579105138779
5353,0.05444978550076485,0.04051095247268677
5354,0.0517936609685421,0.04099638760089874
5355,0.020318422466516495,0.019331997260451317
5356,0.024760698899626732,0.01709410361945629
5357,0.03874466195702553,0.03619704023003578
5358,0.030046794563531876,0.02556498534977436
5359,0.03158223628997803,0.04358027130365372
5360,0.04038127511739731,0.04268505424261093
5361,0.03891299292445183,0.03289569914340973
5362,0.02539636567234993,0.017812488600611687
5363,0.03265887126326561,0.04536373168230057
5364,0.06549110263586044,0.05695026367902756
5365,0.053780850023031235,0.04978156089782715
5366,0.04478539898991585,0.029448973014950752
5367,0.04080997779965401,0.04858049377799034
5368,0.044810254126787186,0.03432140871882439
5369,0.034222621470689774,0.03738262504339218
5370,0.05931008979678154,0.048914723098278046
5371,0.04972254857420921,0.04560777172446251
5372,0.048219166696071625,0.04996407404541969
5373,0.04838332161307335,0.046300437301397324
5374,0.04921841248869896,0.0276086013764143
5375,0.005637248512357473,-0.0005404898547567427
5376,0.0027241285424679518,-0.005436141975224018
5377,0.00859056320041418,0.0023416834883391857
5378,0.002666334854438901,0.01734374463558197
5379,0.041345011442899704,0.03883887827396393
5380,0.04175307974219322,0.025425944477319717
5381,0.04985310509800911,0.02713051810860634
5382,0.029406998306512833,0.032353099435567856
5383,0.06254430115222931,0.05141088739037514
5384,0.04317576065659523,0.03817151486873627
5385,0.030421560630202293,0.009447667747735977
5386,0.023264490067958832,0.022013241425156593
5387,0.009309851564466953,0.019425924867391586
5388,0.03445907309651375,0.03200353682041168
5389,0.029609110206365585,0.014088211581110954
5390,0.008884785696864128,0.005242681130766869
5391,0.004241326358169317,-0.008512718603014946
5392,0.0014894173946231604,0.003919017966836691
5393,0.032740700989961624,0.01588442549109459
5394,0.02046222798526287,0.010558459907770157
5395,0.012807000428438187,0.015345403924584389
5396,0.013238239102065563,0.011011896654963493
5397,0.02122497744858265,0.015190587379038334
5398,0.03669125959277153,0.0336097814142704
5399,0.05088949576020241,0.05068941041827202
5400,0.048044972121715546,0.03332025930285454
5401,0.052847910672426224,0.05145812779664993
5402,0.03868809714913368,0.03158770501613617
5403,0.030339650809764862,0.011812718585133553
5404,0.031019730493426323,0.04774988442659378
5405,0.05482662841677666,0.03476543724536896
5406,0.03478652238845825,0.01721992716193199
5407,0.024424133822321892,0.01489486638456583
5408,0.036773357540369034,0.0393192432820797
5409,0.03281538560986519,0.031202053651213646
5410,0.024961212649941444,0.018013598397374153
5411,0.03262905776500702,0.03222806379199028
5412,0.0720214992761612,0.07671951502561569
5413,0.0766327753663063,0.07049480080604553
5414,0.05249008908867836,0.04627736285328865
5415,0.06348516792058945,0.05330042913556099
5416,0.0699518620967865,0.0690150335431099
5417,0.0739709883928299,0.05281161516904831
5418,0.06725626438856125,0.08102591335773468
5419,0.07871171832084656,0.07734022289514542
5420,0.061944834887981415,0.04827726259827614
5421,0.05321097746491432,0.04165911301970482
5422,0.033688679337501526,0.025973213836550713
5423,0.04606756940484047,0.03142688050866127
5424,0.048957858234643936,0.04641728848218918
5425,0.04942075163125992,0.03358858451247215
5426,0.05913272500038147,0.05569595843553543
5427,0.07052591443061829,0.06239382550120354
5428,0.08182919025421143,0.07364441454410553
5429,0.08026207983493805,0.060128871351480484
5430,0.06584344804286957,0.0641997680068016
5431,0.07999269664287567,0.06651536375284195
5432,0.058776699006557465,0.03726397454738617
5433,0.05092281848192215,0.04300209879875183
5434,0.05070032551884651,0.05403175204992294
5435,0.040785860270261765,0.03618131950497627
5436,0.04961409047245979,0.05764864385128021
5437,0.05870863422751427,0.04281223192811012
5438,0.0573178306221962,0.05127546191215515
5439,0.04755852371454239,0.04683571308851242
5440,0.033234573900699615,0.03647559508681297
5441,0.05520392209291458,0.05045069754123688
5442,0.08046562224626541,0.07581597566604614
5443,0.05957597494125366,0.037011463195085526
5444,0.0499596931040287,0.050903599709272385
5445,0.04904477298259735,0.06067350134253502
5446,0.05911063775420189,0.03774406760931015
5447,0.058502234518527985,0.03963733837008476
5448,0.05285684019327164,0.031528718769550323
5449,0.04361535236239433,0.05009165033698082
5450,0.06382926553487778,0.04959486424922943
5451,0.056601665914058685,0.05454979091882706
5452,0.07018733769655228,0.05742571875452995
5453,0.05617875978350639,0.05290040373802185
5454,0.05484696105122566,0.031164204701781273
5455,0.03464924544095993,0.024622006341814995
5456,0.04464012756943703,0.04938330501317978
5457,0.04668966308236122,0.03537473455071449
5458,0.03320194035768509,0.024215389043092728
5459,0.0373285673558712,0.045353278517723083
5460,0.03854977339506149,0.03278600797057152
5461,0.044720280915498734,0.03630758076906204
5462,0.05663184076547623,0.0432472862303257
5463,0.07538250088691711,0.07365471869707108
5464,0.049541156738996506,0.041234660893678665
5465,0.04208005592226982,0.0319191999733448
5466,0.032888852059841156,0.027831291779875755
5467,0.043583475053310394,0.031517885625362396
5468,0.032639406621456146,0.029189834371209145
5469,0.03167573735117912,0.02258831262588501
5470,0.040531259030103683,0.018197735771536827
5471,0.044228266924619675,0.039423536509275436
5472,0.06842207908630371,0.06631894409656525
5473,0.05639488622546196,0.05119118466973305
5474,0.061275046318769455,0.04586577042937279
5475,0.06435147672891617,0.05090324208140373
5476,0.04763944819569588,0.03828223794698715
5477,0.06946254521608353,0.06286704540252686
5478,0.059384576976299286,0.060536935925483704
5479,0.053616512566804886,0.054958295077085495
5480,0.05065304785966873,0.034116338938474655
5481,0.04545580595731735,0.03579618036746979
5482,0.052955351769924164,0.05990869924426079
5483,0.04377925395965576,0.04424455016851425
5484,0.07227149605751038,0.050451528280973434
5485,0.06538381427526474,0.04965794086456299
5486,0.04972651228308678,0.04088780656456947
5487,0.03889629617333412,0.023405494168400764
5488,0.012987698428332806,0.006443487014621496
5489,0.040461454540491104,0.03392566740512848
5490,0.04466800019145012,0.0351613350212574
5491,0.03122006729245186,0.020452577620744705
5492,0.05331042781472206,0.059905145317316055
5493,0.07273495197296143,0.06678098440170288
5494,0.06782743334770203,0.058051783591508865
5495,0.05769353732466698,0.05479060485959053
5496,0.05766496807336807,0.04251296818256378
5497,0.05044999346137047,0.045692674815654755
5498,0.04796776920557022,0.03466958925127983
5499,0.04436047002673149,0.041198961436748505
5500,0.04891155660152435,0.03482777997851372
5501,0.06521381437778473,0.05740497633814812
5502,0.055858269333839417,0.050131816416978836
5503,0.05454267933964729,0.062284260988235474
5504,0.06828384101390839,0.04982515424489975
5505,0.05464360490441322,0.037227530032396317
5506,0.04992927983403206,0.04033803939819336
5507,0.050265781581401825,0.05490314960479736
5508,0.05157109722495079,0.04770245775580406
5509,0.06516436487436295,0.05826624855399132
5510,0.07473553717136383,0.07326211035251617
5511,0.09683121740818024,0.08819407224655151
5512,0.07983238250017166,0.0647439956665039
5513,0.07499784976243973,0.06337907910346985
5514,0.04416380822658539,0.03793191537261009
5515,0.04380731284618378,0.02933305688202381
5516,0.04951141029596329,0.04293947294354439
5517,0.04223109781742096,0.03203015401959419
5518,0.04581650346517563,0.03365301713347435
5519,0.06724585592746735,0.06749722361564636
5520,0.06836150586605072,0.054896268993616104
5521,0.03591740131378174,0.03280359134078026
5522,0.05673745647072792,0.051090680062770844
5523,0.04119420796632767,0.032218948006629944
5524,0.053569842129945755,0.04987630993127823
5525,0.059132665395736694,0.04048696905374527
5526,0.036202143877744675,0.046116989105939865
5527,0.05775716155767441,0.05657845363020897
5528,0.060633279383182526,0.04575594887137413
5529,0.04388323798775673,0.03326365724205971
5530,0.049302395433187485,0.04726732149720192
5531,0.053988367319107056,0.056169234216213226
5532,0.06607978045940399,0.06380615383386612
5533,0.07077975571155548,0.05552521347999573
5534,0.04630075767636299,0.03974994271993637
5535,0.058499276638031006,0.06414284557104111
5536,0.05519920960068703,0.04754555597901344
5537,0.061980679631233215,0.06380794197320938
5538,0.04959080368280411,0.03105851635336876
5539,0.023822467774152756,0.017297063022851944
5540,0.032993756234645844,0.03008853830397129
5541,0.02704712189733982,0.03314187377691269
5542,0.056010205298662186,0.045943956822156906
5543,0.06147234886884689,0.06051235646009445
5544,0.05705353617668152,0.039894528687000275
5545,0.05748329311609268,0.052956197410821915
5546,0.06306734681129456,0.053772326558828354
5547,0.05492330715060234,0.038203030824661255
5548,0.04816298931837082,0.04226948320865631
5549,0.040134843438863754,0.02026481181383133
5550,0.029329009354114532,0.025739051401615143
5551,0.03512948378920555,0.033828239887952805
5552,0.04534322768449783,0.034598540514707565
5553,0.04412691295146942,0.05629744380712509
5554,0.07731060683727264,0.060258135199546814
5555,0.0737251415848732,0.06734002381563187
5556,0.07908232510089874,0.07546284794807434
5557,0.06086837872862816,0.036998674273490906
5558,0.037684179842472076,0.02741861343383789
5559,0.04220912978053093,0.024593697860836983
5560,0.0522783100605011,0.05688763037323952
5561,0.05356083810329437,0.04124647006392479
5562,0.03521127253770828,0.03757927194237709
5563,0.04615797847509384,0.04615277051925659
5564,0.06845128536224365,0.06363090872764587
5565,0.05287660285830498,0.05603725463151932
5566,0.051958948373794556,0.06013879179954529
5567,0.06400720775127411,0.0485299676656723
5568,0.039096057415008545,0.028225310146808624
5569,0.045952197164297104,0.04520145803689957
5570,0.052148010581731796,0.049676209688186646
5571,0.0644448772072792,0.050052788108587265
5572,0.04059227555990219,0.0384293869137764
5573,0.052552804350852966,0.05080286040902138
5574,0.05281220003962517,0.033449701964855194
5575,0.031063562259078026,0.031816814094781876
5576,0.04584746062755585,0.036013152450323105
5577,0.04400720074772835,0.04309822991490364
5578,0.05203845724463463,0.05170270428061485
5579,0.07227929681539536,0.050462543964385986
5580,0.06400507688522339,0.05255758389830589
5581,0.047707509249448776,0.056741029024124146
5582,0.0689259022474289,0.06196974590420723
5583,0.06751666218042374,0.07095588743686676
5584,0.05548613518476486,0.042143676429986954
5585,0.05462105944752693,0.04198464751243591
5586,0.04682805389165878,0.037470798939466476
5587,0.048807401210069656,0.058882877230644226
5588,0.06102316081523895,0.05454318970441818
5589,0.06210779398679733,0.05317904055118561
5590,0.046579428017139435,0.03629764914512634
5591,0.043901052325963974,0.0336221344769001
5592,0.03894240781664848,0.04318404197692871
5593,0.06682415306568146,0.06446530669927597
5594,0.06114520505070686,0.05272545665502548
5595,0.0770520344376564,0.05937153100967407
5596,0.07742172479629517,0.0694025456905365
5597,0.06349054723978043,0.07129602879285812
5598,0.07154832780361176,0.0431000292301178
5599,0.0313619039952755,0.032132189720869064
5600,0.03398355096578598,0.0378410778939724
5601,0.03259608894586563,0.02365363948047161
5602,0.01454834546893835,0.012078875675797462
5603,0.011838194914162159,0.020858462899923325
5604,0.023737385869026184,0.026166176423430443
5605,0.005065846256911755,-0.0018495859112590551
5606,-0.003113535698503256,-0.006182470824569464
5607,0.01259707286953926,0.009226919151842594
5608,0.03162074834108353,0.020173996686935425
5609,0.023083077743649483,0.020714344456791878
5610,0.027810467407107353,0.017066068947315216
5611,0.027077138423919678,0.03432682529091835
5612,0.03230823948979378,0.02822454646229744
5613,0.03414937108755112,0.023892950266599655
5614,0.016089264303445816,0.013251646421849728
5615,0.026101617142558098,0.029900237917900085
5616,0.04798753187060356,0.04867073893547058
5617,0.05533488094806671,0.037332095205783844
5618,0.05481424182653427,0.05207851901650429
5619,0.052862443029880524,0.03402978926897049
5620,0.037573494017124176,0.03764529153704643
5621,0.0439014658331871,0.03647825866937637
5622,0.01889536716043949,0.017550315707921982
5623,0.031821828335523605,0.028102725744247437
5624,0.03705374896526337,0.0309633556753397
5625,0.04298868775367737,0.05028402805328369
5626,0.043257176876068115,0.027970168739557266
5627,0.04748496785759926,0.027021773159503937
5628,0.049856215715408325,0.04810997471213341
5629,0.051859188824892044,0.040591344237327576
5630,0.05191202461719513,0.051495976746082306
5631,0.05985356494784355,0.05046062171459198
5632,0.03391031175851822,0.037529878318309784
5633,0.05777662992477417,0.04503605142235756
5634,0.05589514598250389,0.04252892732620239
5635,0.06281726062297821,0.07039724290370941
5636,0.0504266656935215,0.04427234083414078
5637,0.02775530144572258,0.02319013699889183
5638,0.04191504418849945,0.029331684112548828
5639,0.0557122603058815,0.04566344618797302
5640,0.05435274913907051,0.05106621980667114
5641,0.05128234624862671,0.03887219354510307
5642,0.03939411789178848,0.025650840252637863
5643,0.04201282560825348,0.03926113247871399
5644,0.056315239518880844,0.02036079205572605
5645,0.03188026696443558,0.03584577515721321
5646,0.043660249561071396,0.02418953739106655
5647,0.02560143731534481,0.02720276452600956
5648,0.02962581068277359,0.029950685799121857
5649,0.05524656921625137,0.05138722434639931
5650,0.05798214301466942,0.05253780260682106
5651,0.05571433901786804,0.051134269684553146
5652,0.04858341068029404,0.04624122753739357
5653,0.07215568423271179,0.06172283738851547
5654,0.06497813016176224,0.061031341552734375
5655,0.04878123104572296,0.03407372534275055
5656,0.051656436175107956,0.03234275057911873
5657,0.052753619849681854,0.0402643047273159
5658,0.04127487912774086,0.035371337085962296
5659,0.05611589923501015,0.04401754215359688
5660,0.052320316433906555,0.035619668662548065
5661,0.05422710254788399,0.03861590102314949
5662,0.03798431530594826,0.019611915573477745
5663,0.039280250668525696,0.030703242868185043
5664,0.05050700902938843,0.05098820850253105
5665,0.07114322483539581,0.061426009982824326
5666,0.05490327253937721,0.04550249129533768
5667,0.04842774197459221,0.03573158010840416
5668,0.02081538923084736,0.020311793312430382
5669,0.034822773188352585,0.04138033837080002
5670,0.04581163078546524,0.03748568892478943
5671,0.04060480371117592,0.034341976046562195
5672,0.05524912476539612,0.05624387040734291
5673,0.05147458240389824,0.04469456523656845
5674,0.042478371411561966,0.039853256195783615
5675,0.04673063009977341,0.04130125790834427
5676,0.0476931557059288,0.044314417988061905
5677,0.04975217953324318,0.0442800298333168
5678,0.037060972303152084,0.045035041868686676
5679,0.05237181484699249,0.03614199161529541
5680,0.04671141132712364,0.03178483247756958
5681,0.05259895324707031,0.036550022661685944
5682,0.05063414201140404,0.04122909530997276
5683,0.0267291571944952,0.03582609072327614
5684,0.040759846568107605,0.04363499954342842
5685,0.04611601680517197,0.03894028067588806
5686,0.056051503866910934,0.027670249342918396
5687,0.016175201162695885,0.027630167081952095
5688,0.005605844780802727,-0.01236883457750082
5689,0.025881951674818993,0.013816563412547112
5690,0.024533716961741447,0.02309740148484707
5691,0.043898701667785645,0.041200343519449234
5692,0.04264958202838898,0.030897464603185654
5693,0.04805317148566246,0.04751608893275261
5694,0.07146230340003967,0.05213131755590439
5695,0.0630703866481781,0.05327465757727623
5696,0.03618411347270012,0.024152740836143494
5697,0.03456401452422142,0.018214726820588112
5698,0.033611029386520386,0.0207377839833498
5699,0.035900697112083435,0.03063182346522808
5700,0.03671679273247719,0.022668752819299698
5701,0.028240395709872246,0.021975651383399963
5702,0.03789878636598587,0.04569382220506668
5703,0.03438698872923851,0.04257960245013237
5704,0.054957982152700424,0.036010339856147766
5705,0.026002218946814537,0.01288655772805214
5706,0.025781624019145966,0.022675111889839172
5707,0.028571339324116707,0.02866986393928528
5708,0.0484246127307415,0.03440333902835846
5709,0.042592842131853104,0.03320682421326637
5710,0.04216669872403145,0.024297865107655525
5711,0.03403334319591522,0.011836501769721508
5712,0.038911521434783936,0.046910855919122696
5713,0.03825748711824417,0.029339855536818504
5714,0.05326184257864952,0.04853511229157448
5715,0.057384368032217026,0.0629509761929512
5716,0.0649130716919899,0.06971296668052673
5717,0.04955768212676048,0.040260523557662964
5718,0.06684525310993195,0.06113775819540024
5719,0.06891565769910812,0.043395910412073135
5720,0.03386479988694191,0.03126463294029236
5721,0.026132630184292793,0.029545579105615616
5722,0.04282619059085846,0.02898539789021015
5723,0.03230662643909454,0.02074788138270378
5724,0.02955600619316101,0.025477994233369827
5725,0.03850765526294708,0.02297322452068329
5726,0.03760891035199165,0.037365615367889404
5727,0.07078076153993607,0.05410327389836311
5728,0.04478617012500763,0.03536587953567505
5729,0.04858284816145897,0.04806694760918617
5730,0.0806008130311966,0.05958028882741928
5731,0.06530681997537613,0.05664752423763275
5732,0.05219477415084839,0.039742011576890945
5733,0.03222685307264328,0.03800620511174202
5734,0.05738019198179245,0.058930568397045135
5735,0.06206944212317467,0.06835152953863144
5736,0.06554929912090302,0.0542735829949379
5737,0.04722608998417854,0.04308614134788513
5738,0.05177442729473114,0.04022838547825813
5739,0.0469042994081974,0.03610784187912941
5740,0.025111215189099312,0.02706841006875038
5741,0.050567448139190674,0.050332874059677124
5742,0.04396063834428787,0.03771214187145233
5743,0.04219016432762146,0.03955718129873276
5744,0.05181918665766716,0.04425192251801491
5745,0.047729965299367905,0.039051998406648636
5746,0.041058771312236786,0.03858290985226631
5747,0.0635099709033966,0.04449228569865227
5748,0.05699286609888077,0.05155756324529648
5749,0.05107679218053818,0.04000769183039665
5750,0.03209090605378151,0.02122613973915577
5751,0.03250344842672348,0.029545938596129417
5752,0.03402043879032135,0.011026386171579361
5753,0.030183643102645874,0.0395515002310276
5754,0.042641881853342056,0.044339776039123535
5755,0.07096808403730392,0.05616001412272453
5756,0.050057314336299896,0.03616681694984436
5757,0.03103349171578884,0.03232541307806969
5758,0.03660701587796211,0.030085807666182518
5759,0.03703439608216286,0.03161458671092987
5760,0.052258651703596115,0.06120449677109718
5761,0.07655185461044312,0.0691271722316742
5762,0.048272017389535904,0.03734993934631348
5763,0.03564409911632538,0.022452766075730324
5764,0.038083359599113464,0.02502010203897953
5765,0.04812965914607048,0.04547318443655968
5766,0.07376556098461151,0.07360228896141052
5767,0.07691320776939392,0.05865504592657089
5768,0.07310550659894943,0.06769570708274841
5769,0.07131942361593246,0.06067186966538429
5770,0.07419279962778091,0.06354156881570816
5771,0.0622689463198185,0.049856409430503845
5772,0.059179168194532394,0.051842689514160156
5773,0.056277796626091,0.04839994013309479
5774,0.0487762987613678,0.035462141036987305
5775,0.05521281436085701,0.025146109983325005
5776,0.033874861896038055,0.037036024034023285
5777,0.046911001205444336,0.021066516637802124
5778,0.028999799862504005,0.015182486735284328
5779,0.02971501089632511,0.026287145912647247
5780,0.041056711226701736,0.03185815364122391
5781,0.04418154060840607,0.029876023530960083
5782,0.04497180134057999,0.0405498743057251
5783,0.044512789696455,0.036289654672145844
5784,0.04860157519578934,0.032788001000881195
5785,0.041534602642059326,0.04271819442510605
5786,0.06466951966285706,0.053791895508766174
5787,0.0604671984910965,0.054465483874082565
5788,0.062351975589990616,0.056588876992464066
5789,0.058047812432050705,0.04861026257276535
5790,0.05562148243188858,0.04370873048901558
5791,0.036864157766103745,0.026822777464985847
5792,0.03725261986255646,0.02277255989611149
5793,0.047885000705718994,0.03270738944411278
5794,0.04180237650871277,0.035478945821523666
5795,0.04687288776040077,0.031018933281302452
5796,0.04081959277391434,0.027301838621497154
5797,0.04145262762904167,0.02627856843173504
5798,0.031069399788975716,0.03802569583058357
5799,0.055458683520555496,0.04580427706241608
5800,0.05889448896050453,0.04986945167183876
5801,0.0504809245467186,0.04572267830371857
5802,0.05211995914578438,0.032088860869407654
5803,0.04719584062695503,0.0470537394285202
5804,0.04558848217129707,0.027623901143670082
5805,0.050555385649204254,0.03319358080625534
5806,0.04488352686166763,0.03067222610116005
5807,0.05055845528841019,0.04092325270175934
5808,0.024630378931760788,0.025223465636372566
5809,0.04208248853683472,0.03756336867809296
5810,0.05183599889278412,0.035492390394210815
5811,0.0415373370051384,0.04374442249536514
5812,0.04630718752741814,0.03257302567362785
5813,0.04776132106781006,0.034190818667411804
5814,0.06713735312223434,0.05633256956934929
5815,0.039508212357759476,0.03715827688574791
5816,0.048523902893066406,0.05165566876530647
5817,0.062096476554870605,0.06380545347929001
5818,0.07795983552932739,0.06466739624738693
5819,0.0744495615363121,0.055293839424848557
5820,0.0641261413693428,0.04582318663597107
5821,0.03012225218117237,0.039793431758880615
5822,0.037522539496421814,0.04924793913960457
5823,0.06870784610509872,0.042913489043712616
5824,0.05002990737557411,0.04149606451392174
5825,0.04805431142449379,0.05119062587618828
5826,0.0500904843211174,0.05044906958937645
5827,0.036886464804410934,0.04678216204047203
5828,0.045600805431604385,0.0325968898832798
5829,0.03684595972299576,0.021216528490185738
5830,0.032222192734479904,0.040028221905231476
5831,0.027569707483053207,0.03108259290456772
5832,0.04402785748243332,0.031094348058104515
5833,0.040555164217948914,0.025929804891347885
5834,0.03135937452316284,0.02722315676510334
5835,0.030255088582634926,0.029727961868047714
5836,0.035404469817876816,0.03085629642009735
5837,0.03732876852154732,0.02362498827278614
5838,0.031878385692834854,0.03621704503893852
5839,0.033790022134780884,0.03742719814181328
5840,0.04583760350942612,0.04167424142360687
5841,0.04584745317697525,0.03967050835490227
5842,0.0508885532617569,0.04226613789796829
5843,0.0429791584610939,0.043607261031866074
5844,0.04404563456773758,0.03907758742570877
5845,0.04252954572439194,0.03343924134969711
5846,0.04244494438171387,0.035512831062078476
5847,0.03505634143948555,0.04354178532958031
5848,0.04948971047997475,0.03860313817858696
5849,0.04003550857305527,0.032035473734140396
5850,0.0432925783097744,0.0347856804728508
5851,0.049190327525138855,0.03441144898533821
5852,0.025939298793673515,0.024832800030708313
5853,0.033806949853897095,0.021775588393211365
5854,0.03921901807188988,0.017398981377482414
5855,0.03888707980513573,0.02019597217440605
5856,0.047425080090761185,0.02134064771234989
5857,0.05972013249993324,0.05141933634877205
5858,0.042502064257860184,0.038625385612249374
5859,0.061993952840566635,0.057451628148555756
5860,0.03357834368944168,0.028343968093395233
5861,0.02815018780529499,0.04066496714949608
5862,0.04786311089992523,0.04989271238446236
5863,0.04937520995736122,0.053837016224861145
5864,0.045612212270498276,0.037252962589263916
5865,0.05993067845702171,0.056311026215553284
5866,0.04581398144364357,0.042628802359104156
5867,0.05243915691971779,0.05787141993641853
5868,0.04794063791632652,0.046749651432037354
5869,0.05581912398338318,0.05944983661174774
5870,0.061381880193948746,0.06206551566720009
5871,0.05702948570251465,0.05340701341629028
5872,0.07387786358594894,0.061943065375089645
5873,0.05607950687408447,0.05231637507677078
5874,0.05168796330690384,0.05512804910540581
5875,0.06277425587177277,0.055540598928928375
5876,0.06108708307147026,0.04813484847545624
5877,0.04938918724656105,0.039641208946704865
5878,0.06589427590370178,0.06004485860466957
5879,0.05779022350907326,0.0534537136554718
5880,0.058266784995794296,0.06803296506404877
5881,0.05969932675361633,0.05461779609322548
5882,0.0620732307434082,0.06519299745559692
5883,0.08459269255399704,0.06701288372278214
5884,0.054433275014162064,0.05068548396229744
5885,0.06701447814702988,0.04819020628929138
5886,0.06678862869739532,0.052915483713150024
5887,0.0656607374548912,0.06559799611568451
5888,0.07512523233890533,0.07625555992126465
5889,0.06642554700374603,0.062317103147506714
5890,0.07317745685577393,0.06253448128700256
5891,0.061727311462163925,0.04894232377409935
5892,0.08899016678333282,0.07610317319631577
5893,0.06594783067703247,0.06452294439077377
5894,0.056998226791620255,0.06820858269929886
5895,0.051690664142370224,0.04497137665748596
5896,0.026160677894949913,0.031432896852493286
5897,0.03568755462765694,0.024759091436862946
5898,0.027656272053718567,0.013687306083738804
5899,0.021235782653093338,0.011433283798396587
5900,0.0467551052570343,0.03201107308268547
5901,0.054279033094644547,0.05228989198803902
5902,0.056914810091257095,0.050901517271995544
5903,0.04604676738381386,0.03335259482264519
5904,0.018748806789517403,0.009189647622406483
5905,0.020694982260465622,0.02155337482690811
5906,0.02946593426167965,0.029538141563534737
5907,0.05414200201630592,0.045024268329143524
5908,0.06368164718151093,0.04569200798869133
5909,0.04802859202027321,0.04914884641766548
5910,0.050672952085733414,0.04241877794265747
5911,0.036109328269958496,0.022635573521256447
5912,0.03134226053953171,0.02714286558330059
5913,0.026454882696270943,0.03266061097383499
5914,0.038173191249370575,0.04067834094166756
5915,0.03692341223359108,0.03153648599982262
5916,0.05431986227631569,0.03304428979754448
5917,0.06180592626333237,0.0417327880859375
5918,0.05010545253753662,0.03661738708615303
5919,0.05249826982617378,0.054652005434036255
5920,0.06189851462841034,0.04401238262653351
5921,0.05356450751423836,0.057455893605947495
5922,0.041701894253492355,0.029847202822566032
5923,0.04131830483675003,0.047921787947416306
5924,0.04354793578386307,0.03961828351020813
5925,0.05071265250444412,0.04507609084248543
5926,0.06714414805173874,0.056257255375385284
5927,0.03596269711852074,0.026863982900977135
5928,0.03445414453744888,0.03188534453511238
5929,0.057369414716959,0.05934615433216095
5930,0.06050362437963486,0.06143813580274582
5931,0.06732920557260513,0.06699620187282562
5932,0.07717934250831604,0.0693359300494194
5933,0.06820803135633469,0.056614309549331665
5934,0.04371266812086105,0.0406666025519371
5935,0.045980338007211685,0.030942359939217567
5936,0.041952554136514664,0.04814467206597328
5937,0.030523046851158142,0.022274475544691086
5938,0.04748062789440155,0.03149079903960228
5939,0.0314096100628376,0.03563978150486946
5940,0.03080814704298973,0.03048049844801426
5941,0.04239590838551521,0.02995600551366806
5942,0.042217593640089035,0.037647031247615814
5943,0.061542969197034836,0.05572180449962616
5944,0.04959268495440483,0.04388374835252762
5945,0.05747394263744354,0.038303062319755554
5946,0.045528214424848557,0.03375038132071495
5947,0.06016700342297554,0.05962667241692543
5948,0.03676152974367142,0.02644881047308445
5949,0.031954970210790634,0.027908015996217728
5950,0.03084508888423443,0.02114340290427208
5951,0.020784011110663414,0.012332417070865631
5952,0.03863571211695671,0.0303601436316967
5953,0.01633073017001152,-0.005271549802273512
5954,0.031217189505696297,0.03244698792695999
5955,0.02812473475933075,0.026567891240119934
5956,0.040376536548137665,0.0399446114897728
5957,0.0397954098880291,0.032070908695459366
5958,0.043274056166410446,0.035824261605739594
5959,0.053796686232089996,0.04980890825390816
5960,0.060441356152296066,0.04731723666191101
5961,0.059507496654987335,0.05815766379237175
5962,0.05084279924631119,0.05003001540899277
5963,0.03898194432258606,0.038374681025743484
5964,0.045950997620821,0.03744058683514595
5965,0.06589912623167038,0.05387256667017937
5966,0.06351988017559052,0.051560502499341965
5967,0.07389028370380402,0.05541297420859337
5968,0.02915177308022976,0.032591547816991806
5969,0.06345772743225098,0.04676017910242081
5970,0.0651203840970993,0.05940276384353638
5971,0.06954264640808105,0.06185134872794151
5972,0.04499989002943039,0.05105846747756004
5973,0.0532604455947876,0.043264519423246384
5974,0.04153067618608475,0.03366894647479057
5975,0.02370303124189377,0.03013228252530098
5976,0.05309809744358063,0.05141469091176987
5977,0.034291233867406845,0.021426623687148094
5978,0.032493140548467636,0.031003370881080627
5979,0.044845204800367355,0.042745042592287064
5980,0.04772322252392769,0.04442351311445236
5981,0.06336041539907455,0.05313514545559883
5982,0.03889133408665657,0.035637129098176956
5983,0.06093983352184296,0.050502438098192215
5984,0.049884211272001266,0.04167476296424866
5985,0.06146262213587761,0.05496837571263313
5986,0.04929482191801071,0.0402204655110836
5987,0.05185120552778244,0.05690936744213104
5988,0.05102000758051872,0.028931433334946632
5989,0.05512945353984833,0.04499945789575577
5990,0.048628006130456924,0.05133425071835518
5991,0.06891259551048279,0.0730527937412262
5992,0.08157986402511597,0.07538499683141708
5993,0.06783948838710785,0.06139480322599411
5994,0.05983107164502144,0.050691232085227966
5995,0.060713477432727814,0.06534609943628311
5996,0.07761738449335098,0.048007287085056305
5997,0.033307239413261414,0.037696875631809235
5998,0.02820759080350399,0.036913927644491196
5999,0.04874978959560394,0.028057895600795746
6000,0.05491769686341286,0.05630788579583168
6001,0.048577964305877686,0.045914001762866974
6002,0.06129787117242813,0.056916121393442154
6003,0.02401282824575901,0.03123520314693451
6004,0.0544184073805809,0.049122925847768784
6005,0.055548686534166336,0.03715986758470535
6006,0.044092487543821335,0.0394488088786602
6007,0.04322727769613266,0.03418036922812462
6008,0.04718669876456261,0.050908785313367844
6009,0.049760811030864716,0.05004186928272247
6010,0.07168075442314148,0.05385865643620491
6011,0.06513447314500809,0.059717610478401184
6012,0.05882229283452034,0.05405280366539955
6013,0.04349642992019653,0.030610784888267517
6014,0.032706789672374725,0.028324006125330925
6015,0.043292880058288574,0.038364559412002563
6016,0.04526228457689285,0.06070418655872345
6017,0.06103764474391937,0.04854799807071686
6018,0.03690626472234726,0.03837098553776741
6019,0.04884950444102287,0.040083419531583786
6020,0.04341074824333191,0.03377999737858772
6021,0.04423445463180542,0.0443715900182724
6022,0.06472357362508774,0.06195082515478134
6023,0.05082722008228302,0.03438973054289818
6024,0.06097139045596123,0.047343719750642776
6025,0.047728728502988815,0.04424818232655525
6026,0.04919680207967758,0.03429250419139862
6027,0.03750012069940567,0.035937435925006866
6028,0.03712226077914238,0.03174120932817459
6029,0.030391760170459747,0.021424217149615288
6030,0.03789844736456871,0.029121244326233864
6031,0.04308038577437401,0.042471595108509064
6032,0.054377324879169464,0.04935866594314575
6033,0.04907079413533211,0.05062393471598625
6034,0.042054932564496994,0.03161820396780968
6035,0.041383881121873856,0.048982419073581696
6036,0.04857219010591507,0.036883994936943054
6037,0.04123890772461891,0.02334635704755783
6038,0.03671522065997124,0.029321253299713135
6039,0.03275788575410843,0.022071871906518936
6040,0.028120018541812897,0.030154479667544365
6041,0.054916054010391235,0.04586170241236687
6042,0.053920499980449677,0.03946011886000633
6043,0.04526294022798538,0.04235922545194626
6044,0.04154341295361519,0.033460523933172226
6045,0.06546296924352646,0.058322302997112274
6046,0.08545774966478348,0.06280028074979782
6047,0.07466176152229309,0.06339248269796371
6048,0.062304481863975525,0.06140020489692688
6049,0.06456208974123001,0.04739021882414818
6050,0.04274703934788704,0.03304583951830864
6051,0.05520358681678772,0.04140274599194527
6052,0.04857008159160614,0.03228842839598656
6053,0.03640634939074516,0.01828041672706604
6054,0.028527554124593735,0.024048306047916412
6055,0.03967433050274849,0.037545982748270035
6056,0.057562410831451416,0.05029258504509926
6057,0.051940400153398514,0.03298027068376541
6058,0.04071560874581337,0.02443767338991165
6059,0.04823419079184532,0.04474920034408569
6060,0.05440744385123253,0.05420999601483345
6061,0.062234729528427124,0.042331621050834656
6062,0.03577449917793274,0.034665122628211975
6063,0.059107616543769836,0.05118219926953316
6064,0.03791121020913124,0.03576686233282089
6065,0.042639002203941345,0.0387040413916111
6066,0.024680962786078453,0.014657720923423767
6067,0.0351119190454483,0.03785610571503639
6068,0.03952176868915558,0.034360647201538086
6069,0.0313861109316349,0.018662111833691597
6070,0.039213430136442184,0.021280508488416672
6071,0.03788468614220619,0.03860535845160484
6072,0.04393623024225235,0.03954002261161804
6073,0.026100067421793938,0.021802740171551704
6074,0.01569000817835331,0.02322470396757126
6075,0.04936692863702774,0.04002717137336731
6076,0.049762435257434845,0.05455053970217705
6077,0.07358013838529587,0.0619315505027771
6078,0.07194830477237701,0.05717608705163002
6079,0.04249817132949829,0.031874723732471466
6080,0.04460659250617027,0.03962244093418121
6081,0.03717075288295746,0.042045120149850845
6082,0.05511099100112915,0.03895670548081398
6083,0.04081381484866142,0.033876340836286545
6084,0.04166146740317345,0.033350661396980286
6085,0.049170322716236115,0.02995969168841839
6086,0.05301858112215996,0.04346136376261711
6087,0.061382606625556946,0.05986449494957924
6088,0.06435804069042206,0.06275665014982224
6089,0.04745887219905853,0.05551875755190849
6090,0.058204878121614456,0.05021895468235016
6091,0.05709707364439964,0.042017463594675064
6092,0.056276835501194,0.03737155720591545
6093,0.04841889068484306,0.05595869570970535
6094,0.05848351866006851,0.04796351492404938
6095,0.03261755779385567,0.03586467355489731
6096,0.03399405628442764,0.021725770086050034
6097,0.028351658955216408,0.024415139108896255
6098,0.03061806410551071,0.03206679970026016
6099,0.052485913038253784,0.0567077174782753
6100,0.06001662835478783,0.05658738315105438
6101,0.020845241844654083,0.02448720484972
6102,0.033318061381578445,0.03304997459053993
6103,0.04992261156439781,0.041173990815877914
6104,0.026279179379343987,0.03851945325732231
6105,0.03864351660013199,0.032681602984666824
6106,0.03332642838358879,0.013719301670789719
6107,0.039710383862257004,0.023516273126006126
6108,0.03566933423280716,0.05095811188220978
6109,0.056653980165719986,0.040206391364336014
6110,0.05933335795998573,0.06670673936605453
6111,0.06884487718343735,0.04505269601941109
6112,0.06622004508972168,0.052291400730609894
6113,0.06093448027968407,0.04913374036550522
6114,0.04946129396557808,0.040046773850917816
6115,0.05236644297838211,0.03959422931075096
6116,0.05133175849914551,0.041885193437337875
6117,0.03728301823139191,0.02336741052567959
6118,0.0327201746404171,0.035897813737392426
6119,0.05875995382666588,0.0355866476893425
6120,0.04034321755170822,0.040950242429971695
6121,0.05559361353516579,0.027858341112732887
6122,0.046734265983104706,0.04021497443318367
6123,0.042323481291532516,0.03994612395763397
6124,0.05631408467888832,0.04339050129055977
6125,0.052601803094148636,0.044924307614564896
6126,0.04023294523358345,0.04931303858757019
6127,0.0507589615881443,0.04001472517848015
6128,0.0317782498896122,0.013021381571888924
6129,0.03222927823662758,0.019384121522307396
6130,0.04404928907752037,0.039957378059625626
6131,0.05610990524291992,0.04296310245990753
6132,0.033276330679655075,0.015731332823634148
6133,0.033321134746074677,0.027285480871796608
6134,0.045659035444259644,0.03305107355117798
6135,0.048193737864494324,0.04120144248008728
6136,0.03953969106078148,0.03365672379732132
6137,0.034119803458452225,0.013949847780168056
6138,0.018443474546074867,0.007389134261757135
6139,0.033994633704423904,0.021136578172445297
6140,0.05228495970368385,0.04882374405860901
6141,0.05857517197728157,0.04855833575129509
6142,0.05025766044855118,0.03769694268703461
6143,0.03527087718248367,0.019727839156985283
6144,-0.0007274130475707352,-0.004118266515433788
6145,-0.004801515024155378,-0.010545887984335423
6146,0.020330874249339104,0.03488784655928612
6147,0.04233406111598015,0.034423451870679855
6148,0.05004088953137398,0.04970104247331619
6149,0.0478442944586277,0.04684818163514137
6150,0.037448618561029434,0.02355431392788887
6151,0.02366471104323864,0.035055145621299744
6152,0.06002157926559448,0.042505256831645966
6153,0.038003385066986084,0.023106267675757408
6154,0.0387021042406559,0.02398582547903061
6155,0.05368896946310997,0.04038825258612633
6156,0.05198032036423683,0.03254026547074318
6157,0.04798659682273865,0.03490925952792168
6158,0.04722722992300987,0.04674217104911804
6159,0.06335123628377914,0.05194436013698578
6160,0.05170173570513725,0.051434535533189774
6161,0.057776495814323425,0.06766000390052795
6162,0.059917937964200974,0.05006358027458191
6163,0.0732918307185173,0.059370432049036026
6164,0.0612446591258049,0.04266616329550743
6165,0.061155546456575394,0.04862479120492935
6166,0.056661371141672134,0.03402378782629967
6167,0.03411374241113663,0.02707446739077568
6168,0.031882163137197495,0.033801622688770294
6169,0.041363202035427094,0.04328621178865433
6170,0.07151433080434799,0.07181482762098312
6171,0.0748438611626625,0.07116352766752243
6172,0.05820164084434509,0.04712244123220444
6173,0.04525217041373253,0.045023828744888306
6174,0.056168995797634125,0.047295838594436646
6175,0.04272450879216194,0.049922842532396317
6176,0.06257692724466324,0.05831944942474365
6177,0.0682409331202507,0.05126091465353966
6178,0.04279407113790512,0.02761130966246128
6179,0.0439920611679554,0.031690046191215515
6180,0.04214218631386757,0.040399808436632156
6181,0.030713286250829697,0.0215192548930645
6182,0.02205931954085827,0.011968585662543774
6183,0.03807811066508293,0.03422166034579277
6184,0.03445100039243698,0.03567687049508095
6185,0.040896616876125336,0.04218779504299164
6186,0.05740826576948166,0.055855922400951385
6187,0.04813358932733536,0.03450905904173851
6188,0.01980252005159855,0.011220854707062244
6189,0.005714429542422295,0.01283502671867609
6190,0.022779442369937897,0.011473211459815502
6191,0.024381538853049278,0.025695862248539925
6192,0.043861355632543564,0.03682859614491463
6193,0.05502244085073471,0.044303230941295624
6194,0.036944661289453506,0.045554839074611664
6195,0.04094017297029495,0.03533514216542244
6196,0.04766301438212395,0.036101020872592926
6197,0.04528801888227463,0.03393075615167618
6198,0.05345859378576279,0.043194133788347244
6199,0.03751600906252861,0.034045517444610596
6200,0.03651535511016846,0.027342891320586205
6201,0.030807044357061386,0.023614417761564255
6202,0.04352564737200737,0.04038409888744354
6203,0.04388182610273361,0.03146394342184067
6204,0.048350460827350616,0.03372897952795029
6205,0.051597993820905685,0.03486330807209015
6206,0.026679694652557373,0.01598302461206913
6207,0.01093637477606535,0.02685585245490074
6208,0.04055268317461014,0.031813811510801315
6209,0.047487661242485046,0.037373870611190796
6210,0.04907196760177612,0.044920071959495544
6211,0.05096915736794472,0.04629777744412422
6212,0.06065162643790245,0.03897496312856674
6213,0.03730342909693718,0.021296624094247818
6214,0.03177444636821747,0.0344211645424366
6215,0.03227213770151138,0.02556169591844082
6216,0.03181470185518265,0.027345985174179077
6217,0.018860885873436928,0.021686362102627754
6218,0.01761341467499733,0.013937295414507389
6219,0.03473334386944771,0.027651144191622734
6220,0.035442668944597244,0.041108373552560806
6221,0.05503692850470543,0.041382018476724625
6222,0.042784787714481354,0.03475717082619667
6223,0.04592667147517204,0.028327908366918564
6224,0.05026649311184883,0.048257336020469666
6225,0.05507359653711319,0.034048669040203094
6226,0.02086622081696987,0.026926662772893906
6227,0.03662415221333504,0.024642866104841232
6228,0.05217729136347771,0.03960370644927025
6229,0.058329351246356964,0.04713010415434837
6230,0.05572265014052391,0.03705671802163124
6231,0.02523023448884487,0.025342797860503197
6232,0.030920037999749184,0.023957744240760803
6233,0.045952800661325455,0.023962970823049545
6234,0.03344316408038139,0.033793944865465164
6235,0.02777274325489998,0.0018873066874220967
6236,0.023794399574398994,0.026964204385876656
6237,0.02293473109602928,0.021251777186989784
6238,0.04416334629058838,0.04552744701504707
6239,0.04209594056010246,0.051693741232156754
6240,0.039482783526182175,0.04075069725513458
6241,0.05085555091500282,0.03846681863069534
6242,0.04892631992697716,0.02960761822760105
6243,0.04807192459702492,0.05061735957860947
6244,0.06746434420347214,0.06343045830726624
6245,0.07489019632339478,0.05697948485612869
6246,0.0584210604429245,0.030706796795129776
6247,0.04699599742889404,0.03190664201974869
6248,0.05457460135221481,0.04805537685751915
6249,0.059780679643154144,0.05959547683596611
6250,0.07023311406373978,0.06009615212678909
6251,0.06618567556142807,0.05211232602596283
6252,0.07135621458292007,0.065048448741436
6253,0.05022301897406578,0.056314628571271896
6254,0.06143529713153839,0.04953322559595108
6255,0.06111891195178032,0.05388879030942917
6256,0.04368852823972702,0.042528942227363586
6257,0.034689635038375854,0.03827371448278427
6258,0.06148784980177879,0.059036724269390106
6259,0.06759052723646164,0.05734279006719589
6260,0.07078221440315247,0.048218753188848495
6261,0.05291207134723663,0.03909394517540932
6262,0.03278059512376785,0.040189679712057114
6263,0.035300079733133316,0.036858391016721725
6264,0.0328783318400383,0.030084000900387764
6265,0.05181276425719261,0.05030808970332146
6266,0.0616261251270771,0.05474549159407616
6267,0.06353703141212463,0.05249050259590149
6268,0.04262792319059372,0.029366308823227882
6269,0.024905625730752945,0.019690612331032753
6270,0.034390248358249664,0.01522292010486126
6271,0.018888846039772034,0.01746213622391224
6272,0.03289925307035446,0.025118296965956688
6273,0.021726122125983238,0.004704373888671398
6274,-0.003146230475977063,0.010578248649835587
6275,0.019143827259540558,0.013048254884779453
6276,0.01205882616341114,0.019900286570191383
6277,0.04229716584086418,0.028647156432271004
6278,0.034377407282590866,0.03295252099633217
6279,0.03507806360721588,0.028156863525509834
6280,0.03537961468100548,0.038455743342638016
6281,0.043520525097846985,0.04817178472876549
6282,0.05571216344833374,0.04654419794678688
6283,0.02392108365893364,0.014218635857105255
6284,0.041204456239938736,0.03674934804439545
6285,0.04726984724402428,0.04847756028175354
6286,0.03567217290401459,0.0383007749915123
6287,0.02772846445441246,0.027824051678180695
6288,0.03831873834133148,0.033127814531326294
6289,0.03084579110145569,0.03274686634540558
6290,0.03666966035962105,0.03245580196380615
6291,0.031291212886571884,0.022694632411003113
6292,0.021077638491988182,0.0254847202450037
6293,0.03408563882112503,0.03314351290464401
6294,0.03674929589033127,0.0332162119448185
6295,0.044207680970430374,0.04570204019546509
6296,0.06076434627175331,0.05110445246100426
6297,0.06548254936933517,0.06548652052879333
6298,0.04783083498477936,0.045023929327726364
6299,0.06011129170656204,0.05503654479980469
6300,0.04842299968004227,0.03796153888106346
6301,0.049282122403383255,0.05471785366535187
6302,0.05430174246430397,0.042014654725790024
6303,0.04774574935436249,0.04858055338263512
6304,0.0569639727473259,0.03969249501824379
6305,0.03541918843984604,0.03305501863360405
6306,0.03556066006422043,0.025064799934625626
6307,0.035000111907720566,0.020958758890628815
6308,0.0259109977632761,0.028069039806723595
6309,0.031420864164829254,0.04275531321763992
6310,0.01755773089826107,0.017984244972467422
6311,0.03999100625514984,0.030658043920993805
6312,0.06174813210964203,0.04339856654405594
6313,0.05204439535737038,0.051332034170627594
6314,0.07053003460168839,0.0641789361834526
6315,0.06755070388317108,0.06292269378900528
6316,0.06106248125433922,0.05468221753835678
6317,0.0589573048055172,0.05518222600221634
6318,0.05099984258413315,0.040688302367925644
6319,0.047103192657232285,0.042619239538908005
6320,0.0563889816403389,0.050666116178035736
6321,0.058663442730903625,0.06308151036500931
6322,0.05712820589542389,0.0560818649828434
6323,0.057252705097198486,0.04302622750401497
6324,0.03962364420294762,0.03116052970290184
6325,0.02179098315536976,0.014375072903931141
6326,0.03529414162039757,0.034013405442237854
6327,0.051354069262742996,0.03898021951317787
6328,0.04450073093175888,0.029621217399835587
6329,0.0300814900547266,0.0345611497759819
6330,0.05605614185333252,0.036731842905282974
6331,0.04946379363536835,0.04232458397746086
6332,0.05091516301035881,0.052227821201086044
6333,0.037703391164541245,0.03498893976211548
6334,0.04443177953362465,0.02709094062447548
6335,0.04650161787867546,0.04922301694750786
6336,0.06656424701213837,0.05782323703169823
6337,0.0658748596906662,0.040068626403808594
6338,0.052172284573316574,0.059081342071294785
6339,0.049565862864255905,0.03774423897266388
6340,0.03717390447854996,0.025467906147241592
6341,0.0305666271597147,0.022680632770061493
6342,0.052031613886356354,0.04701842740178108
6343,0.05420888587832451,0.028503863140940666
6344,0.03392326086759567,0.020097622647881508
6345,0.05308426171541214,0.045043159276247025
6346,0.045271653681993484,0.038941193372011185
6347,0.04967976734042168,0.041400033980607986
6348,0.0728808268904686,0.06372658163309097
6349,0.05862974748015404,0.05380915105342865
6350,0.05990777537226677,0.031825315207242966
6351,0.014740776270627975,0.011184918694198132
6352,0.015745457261800766,0.008516766130924225
6353,0.03128282353281975,0.015608527697622776
6354,0.020548898726701736,0.0035959556698799133
6355,0.028471065685153008,0.019769659265875816
6356,0.040962401777505875,0.03160231560468674
6357,0.04518622159957886,0.052407149225473404
6358,0.0544612891972065,0.04669211804866791
6359,0.02749474346637726,0.015466397628188133
6360,0.03454836457967758,0.0317530520260334
6361,0.04591941833496094,0.03742998465895653
6362,0.056624360382556915,0.050900913774967194
6363,0.07321373373270035,0.06720610707998276
6364,0.0641634613275528,0.05151540786027908
6365,0.052984945476055145,0.049123652279376984
6366,0.0612284280359745,0.05059804767370224
6367,0.019443027675151825,0.024196460843086243
6368,0.029351819306612015,0.020371701568365097
6369,0.041270457208156586,0.024425862357020378
6370,0.050484105944633484,0.02641238272190094
6371,0.03471221774816513,0.019912006333470345
6372,0.03070613369345665,0.037496455013751984
6373,0.04093834012746811,0.03623632341623306
6374,0.045000236481428146,0.0426839254796505
6375,0.05977907031774521,0.053920578211545944
6376,0.048063475638628006,0.04883696883916855
6377,0.05231698229908943,0.047072939574718475
6378,0.07344850897789001,0.06325140595436096
6379,0.07915730774402618,0.07161080092191696
6380,0.061724431812763214,0.06253059208393097
6381,0.09097637236118317,0.07298047840595245
6382,0.06399621814489365,0.07313927263021469
6383,0.07368836551904678,0.06890630722045898
6384,0.068834088742733,0.06615597754716873
6385,0.05116917937994003,0.05388185381889343
6386,0.07364994287490845,0.07495298236608505
6387,0.06398976594209671,0.055709462612867355
6388,0.05906948074698448,0.04800485447049141
6389,0.04576645791530609,0.03304196521639824
6390,0.04145588353276253,0.03292392939329147
6391,0.06079127639532089,0.061008792370557785
6392,0.06070387735962868,0.040921010076999664
6393,0.05840619280934334,0.0587741918861866
6394,0.07470887154340744,0.0770215168595314
6395,0.06510958075523376,0.06132849305868149
6396,0.0742596760392189,0.04841500520706177
6397,0.035212982445955276,0.03404085710644722
6398,0.03419611230492592,0.020158354192972183
6399,0.043283965438604355,0.05276742950081825
6400,0.07102254778146744,0.05922747030854225
6401,0.04456619173288345,0.04092327877879143
6402,0.050043631345033646,0.06497357040643692
6403,0.07581038028001785,0.06138506904244423
6404,0.07332651317119598,0.0616673082113266
6405,0.06248616799712181,0.061714865267276764
6406,0.055447522550821304,0.044548530131578445
6407,0.05262535437941551,0.050611600279808044
6408,0.05128779262304306,0.03953786939382553
6409,0.06448553502559662,0.05161278694868088
6410,0.044037193059921265,0.030336443334817886
6411,0.03648269176483154,0.034536559134721756
6412,0.04556331783533096,0.03552793711423874
6413,0.061698008328676224,0.04322925955057144
6414,0.028207754716277122,0.032180413603782654
6415,0.05545903742313385,0.03380272537469864
6416,0.04017901048064232,0.02396562695503235
6417,0.036379557102918625,0.03570195659995079
6418,0.07158304750919342,0.05406145378947258
6419,0.04681140184402466,0.05165742337703705
6420,0.06800179928541183,0.04451023042201996
6421,0.059292398393154144,0.05671877786517143
6422,0.06778638064861298,0.06453250348567963
6423,0.06005854532122612,0.047448672354221344
6424,0.050875529646873474,0.04121885448694229
6425,0.04675356671214104,0.03931794315576553
6426,0.05219236761331558,0.02484910935163498
6427,0.04169873893260956,0.03302554413676262
6428,0.05350248143076897,0.0404403880238533
6429,0.03130161389708519,0.03969551622867584
6430,0.04149668663740158,0.05283473804593086
6431,0.061844613403081894,0.05734072998166084
6432,0.04928995668888092,0.04429811239242554
6433,0.04350002482533455,0.02578819915652275
6434,0.02695322595536709,0.021328363567590714
6435,0.005217358469963074,0.014613711275160313
6436,0.03732040524482727,0.026163246482610703
6437,0.027942262589931488,0.0215442031621933
6438,0.03744416683912277,0.028603648766875267
6439,0.04687394201755524,0.03266584500670433
6440,0.03560839220881462,0.029225626960396767
6441,0.03256396949291229,0.02946535125374794
6442,0.034117523580789566,0.027228567749261856
6443,0.011961744166910648,0.010573940351605415
6444,0.03598238155245781,0.03330397233366966
6445,0.056173596531152725,0.054160330444574356
6446,0.06386952847242355,0.06406469643115997
6447,0.04231809079647064,0.03309062868356705
6448,0.03951079770922661,0.03588972985744476
6449,0.04829724133014679,0.04478687047958374
6450,0.05347170680761337,0.028500694781541824
6451,0.02276206575334072,0.02394392155110836
6452,0.05415628105401993,0.05497107282280922
6453,0.05129006877541542,0.052692051976919174
6454,0.05337461829185486,0.037904564291238785
6455,0.0322418212890625,0.029866231605410576
6456,0.052376873791217804,0.04921002313494682
6457,0.056001003831624985,0.05320744961500168
6458,0.05083182826638222,0.030314259231090546
6459,0.043761901557445526,0.03440038859844208
6460,0.06266498565673828,0.058315448462963104
6461,0.037660494446754456,0.03129742294549942
6462,0.04728923738002777,0.031899672001600266
6463,0.052357155829668045,0.056375693529844284
6464,0.051353588700294495,0.03664147108793259
6465,0.06123462691903114,0.07099029421806335
6466,0.05650530010461807,0.051813773810863495
6467,0.05821419134736061,0.05422234907746315
6468,0.05130716413259506,0.051708661019802094
6469,0.06153632327914238,0.04364030808210373
6470,0.054243337363004684,0.051209766417741776
6471,0.05295586213469505,0.04209228232502937
6472,0.052923403680324554,0.05021912604570389
6473,0.04130195453763008,0.03331281244754791
6474,0.05422459542751312,0.04529237374663353
6475,0.05502580478787422,0.05363181233406067
6476,0.030294429510831833,0.02752966433763504
6477,0.039737384766340256,0.03721185401082039
6478,0.06979582458734512,0.06429516524076462
6479,0.06989117711782455,0.054989639669656754
6480,0.0368017815053463,0.03392718359827995
6481,0.03236974775791168,0.008589132688939571
6482,0.018976900726556778,0.008761052042245865
6483,0.012533252127468586,0.007074375171214342
6484,0.021163716912269592,0.026698311790823936
6485,0.029464727267622948,0.027928456664085388
6486,0.02077508345246315,0.012049751356244087
6487,0.020081160590052605,0.020341631025075912
6488,0.022185957059264183,0.015008646994829178
6489,0.05350528657436371,0.05707254260778427
6490,0.06839634478092194,0.07309797406196594
6491,0.06110303848981857,0.05908350273966789
6492,0.06342857331037521,0.054356664419174194
6493,0.054156772792339325,0.047939419746398926
6494,0.0476832315325737,0.04135219380259514
6495,0.04715631157159805,0.05357751250267029
6496,0.03806503489613533,0.03198251873254776
6497,0.02254868857562542,0.012268424034118652
6498,0.01024529617279768,0.004900920204818249
6499,0.021289773285388947,0.0049950429238379
6500,0.01971542276442051,0.02310074307024479
6501,0.02942567877471447,0.027063647285103798
6502,0.05033168941736221,0.05864304304122925
6503,0.0678347647190094,0.04779395833611488
6504,0.04773128405213356,0.04889437556266785
6505,0.05078602209687233,0.03206264227628708
6506,0.04279164597392082,0.025508426129817963
6507,0.01555337943136692,0.03232624754309654
6508,0.03845352679491043,0.021049892529845238
6509,0.020960306748747826,0.021714158356189728
6510,0.021017510443925858,0.016019413247704506
6511,0.02530861459672451,0.02877821959555149
6512,0.03170376271009445,0.024224799126386642
6513,0.04402963072061539,0.05035554990172386
6514,0.047109298408031464,0.04265245795249939
6515,0.059590455144643784,0.0513530932366848
6516,0.050456076860427856,0.04666978493332863
6517,0.06129656359553337,0.04724195972084999
6518,0.03415531665086746,0.02564036101102829
6519,0.02827349118888378,0.042824991047382355
6520,0.051137447357177734,0.04484127461910248
6521,0.06220509111881256,0.046643007546663284
6522,0.06258813291788101,0.030619734898209572
6523,0.046592798084020615,0.026158327236771584
6524,0.03390742093324661,0.02016533352434635
6525,0.01226804032921791,0.005614486522972584
6526,0.042780786752700806,0.04758601263165474
6527,0.05585843324661255,0.03799264505505562
6528,0.03455827757716179,0.030275756493210793
6529,0.02499028854072094,0.025258559733629227
6530,0.053691547363996506,0.035671040415763855
6531,0.02688131481409073,0.017833666875958443
6532,0.01716304011642933,0.022806523367762566
6533,0.03713035583496094,0.03889765962958336
6534,0.033132635056972504,0.03312079608440399
6535,0.04112612083554268,0.02321307733654976
6536,0.033573221415281296,0.034845829010009766
6537,0.036418598145246506,0.021313998848199844
6538,0.04530726373195648,0.03925288841128349
6539,0.05254131928086281,0.03936436399817467
6540,0.06323308497667313,0.05634762719273567
6541,0.06111200526356697,0.06042183190584183
6542,0.05971495807170868,0.0343642383813858
6543,0.049196939915418625,0.04498034715652466
6544,0.045915741473436356,0.034576378762722015
6545,0.054873738437891006,0.048845771700143814
6546,0.05656629055738449,0.04407428205013275
6547,0.04964828118681908,0.04806694760918617
6548,0.06014101952314377,0.04608334228396416
6549,0.05631690472364426,0.043467238545417786
6550,0.061321794986724854,0.05556366592645645
6551,0.07908698916435242,0.0682041198015213
6552,0.0638105720281601,0.05516250431537628
6553,0.07699171453714371,0.07445153594017029
6554,0.07137508690357208,0.059666458517313004
6555,0.053944237530231476,0.04674923047423363
6556,0.057933736592531204,0.06061556935310364
6557,0.05917840451002121,0.05020418390631676
6558,0.04524649679660797,0.03675604611635208
6559,0.04298784211277962,0.019877726212143898
6560,0.021395940333604813,0.010883068665862083
6561,0.02845802530646324,0.029000042006373405
6562,0.02885483019053936,0.016933687031269073
6563,0.032260507345199585,0.01734877936542034
6564,0.0330485962331295,0.022763999179005623
6565,0.03839823976159096,0.021745804697275162
6566,0.03675692528486252,0.02469737082719803
6567,0.03102380409836769,0.018143830820918083
6568,0.03224102407693863,0.02645891159772873
6569,0.05184732750058174,0.06620728224515915
6570,0.07071702182292938,0.058059319853782654
6571,0.07635015994310379,0.051559705287218094
6572,0.07063490897417068,0.05540715903043747
6573,0.059936437755823135,0.05004221946001053
6574,0.05493136867880821,0.05014080926775932
6575,0.056949976831674576,0.04324081167578697
6576,0.07154678553342819,0.046913761645555496
6577,0.052922461181879044,0.04804626852273941
6578,0.06362619996070862,0.05168378725647926
6579,0.05376320704817772,0.04157784581184387
6580,0.04377219080924988,0.03328544646501541
6581,0.038830552250146866,0.024207325652241707
6582,0.05537780374288559,0.04988521337509155
6583,0.03445840999484062,0.04167850315570831
6584,0.04994506388902664,0.04237404465675354
6585,0.02511274255812168,0.013343983329832554
6586,0.021675480529665947,0.014717206358909607
6587,0.02960091643035412,0.02247767522931099
6588,0.044779788702726364,0.04813585430383682
6589,0.038279350847005844,0.04051961749792099
6590,0.050219014286994934,0.0465397834777832
6591,0.032786134630441666,0.047255754470825195
6592,0.02908577211201191,0.021549182012677193
6593,0.03124193102121353,0.04509296640753746
6594,0.05613814666867256,0.04616781324148178
6595,0.06171024963259697,0.060832299292087555
6596,0.0777326375246048,0.06729201227426529
6597,0.04215952381491661,0.04754681885242462
6598,0.055008258670568466,0.06208983436226845
6599,0.06737253069877625,0.056901246309280396
6600,0.06707877665758133,0.06108291447162628
6601,0.05856406316161156,0.04930422082543373
6602,0.0511762835085392,0.04438488930463791
6603,0.0808119997382164,0.07622837275266647
6604,0.06090337038040161,0.06578460335731506
6605,0.06479831039905548,0.05510067567229271
6606,0.04668651521205902,0.034243322908878326
6607,0.0318274162709713,0.03052097000181675
6608,0.0485030859708786,0.04253825172781944
6609,0.04718377813696861,0.05872805044054985
6610,0.08224774897098541,0.06752275675535202
6611,0.07674165070056915,0.07852809131145477
6612,0.07828136533498764,0.06863801181316376
6613,0.055949702858924866,0.046159856021404266
6614,0.05545515567064285,0.048207078129053116
6615,0.05355728045105934,0.041130419820547104
6616,0.04135444387793541,0.03892318531870842
6617,0.04601868614554405,0.04402530938386917
6618,0.07599721848964691,0.06626708060503006
6619,0.08289138972759247,0.054388970136642456
6620,0.07544629275798798,0.06795024126768112
6621,0.06491126865148544,0.05889131501317024
6622,0.06096417456865311,0.04776746407151222
6623,0.08737199008464813,0.0810781717300415
6624,0.06508047133684158,0.058781370520591736
6625,0.042650800198316574,0.045262180268764496
6626,0.047465354204177856,0.04787319898605347
6627,0.05573910474777222,0.03183790296316147
6628,0.049294907599687576,0.028816139325499535
6629,0.047490473836660385,0.03284445405006409
6630,0.025489451363682747,0.028228729963302612
6631,0.0325486846268177,0.029091928154230118
6632,0.02348703145980835,0.021536147221922874
6633,0.04479077458381653,0.0373796708881855
6634,0.04385717585682869,0.026727842167019844
6635,0.04151624068617821,0.027193645015358925
6636,0.04155579209327698,0.03150086849927902
6637,0.04077182337641716,0.030347807332873344
6638,0.03244398161768913,0.026675552129745483
6639,0.05005800724029541,0.023457378149032593
6640,0.04513336718082428,0.03219698369503021
6641,0.04380534216761589,0.0296478308737278
6642,0.05375608056783676,0.033876217901706696
6643,0.05157073587179184,0.03743693232536316
6644,0.0467526949942112,0.0430697500705719
6645,0.03721317648887634,0.027192385867238045
6646,0.03881163150072098,0.03261909261345863
6647,0.04897299036383629,0.03956713527441025
6648,0.04013099893927574,0.03936139494180679
6649,0.049724314361810684,0.04608377441763878
6650,0.04159579053521156,0.025615088641643524
6651,0.04018628969788551,0.034582607448101044
6652,0.03848302364349365,0.03341808170080185
6653,0.026012657210230827,0.011453417129814625
6654,0.039504487067461014,0.017567716538906097
6655,0.02914467453956604,0.016152478754520416
6656,0.03601941466331482,0.03896857425570488
6657,0.028494276106357574,0.018472516909241676
6658,0.028923414647579193,0.026809703558683395
6659,0.044707462191581726,0.03330222889780998
6660,0.054977625608444214,0.055060580372810364
6661,0.0642595961689949,0.05803772062063217
6662,0.041692040860652924,0.04857755824923515
6663,0.041132792830467224,0.029464151710271835
6664,0.0271945521235466,0.03069954179227352
6665,0.044924333691596985,0.035635288804769516
6666,0.0449349470436573,0.03567628934979439
6667,0.05206986889243126,0.026211852207779884
6668,0.0336291640996933,0.027063794434070587
6669,0.03988250717520714,0.03825709968805313
6670,0.05543643236160278,0.06297790259122849
6671,0.08611108362674713,0.06560258567333221
6672,0.05739448964595795,0.04122162610292435
6673,0.03860047832131386,0.03228667378425598
6674,0.04466590657830238,0.028407594189047813
6675,0.06580480188131332,0.058673400431871414
6676,0.04898818954825401,0.03263458237051964
6677,0.06345389783382416,0.041648250073194504
6678,0.04395252838730812,0.043756548315286636
6679,0.04498300328850746,0.025830138474702835
6680,0.039028432220220566,0.027119208127260208
6681,0.04152000695466995,0.04615586996078491
6682,0.045942001044750214,0.0317828394472599
6683,0.03146178275346756,0.033783383667469025
6684,0.034452177584171295,0.016437022015452385
6685,0.025455964729189873,0.012900258414447308
6686,0.019481156021356583,0.022792477160692215
6687,0.029735635966062546,0.02493959851562977
6688,0.045501843094825745,0.04980111122131348
6689,0.06442048400640488,0.054541803896427155
6690,0.04527445137500763,0.0391572080552578
6691,0.05029302462935448,0.04241118207573891
6692,0.04702385142445564,0.04734094813466072
6693,0.04855746775865555,0.026925241574645042
6694,0.03274712339043617,0.03331249952316284
6695,0.06379488855600357,0.04919283092021942
6696,0.05815522000193596,0.04496043547987938
6697,0.032094426453113556,0.018361767753958702
6698,0.038077306002378464,0.034001875668764114
6699,0.05600455775856972,0.05071217566728592
6700,0.07405650615692139,0.07179951667785645
6701,0.04134705662727356,0.038109708577394485
6702,0.04720160365104675,0.030369415879249573
6703,0.05124663561582565,0.041894979774951935
6704,0.057379018515348434,0.04603016376495361
6705,0.04297845810651779,0.044743042439222336
6706,0.04519321024417877,0.04096383601427078
6707,0.06316059827804565,0.06451743096113205
6708,0.0687512755393982,0.05595441907644272
6709,0.05520305037498474,0.05035999044775963
6710,0.02944575995206833,0.03422342985868454
6711,0.0451689250767231,0.0336478129029274
6712,0.03057282418012619,0.019480448216199875
6713,0.048590853810310364,0.05608198419213295
6714,0.05342620611190796,0.03857215866446495
6715,0.0370602048933506,0.03590371459722519
6716,0.040826063603162766,0.029895031824707985
6717,0.04883788153529167,0.04568290710449219
6718,0.02563394047319889,0.014279703609645367
6719,0.01328310277312994,0.01257651299238205
6720,0.007372431457042694,-0.00905168429017067
6721,0.018741779029369354,0.025865111500024796
6722,0.027676356956362724,0.03776019066572189
6723,0.0362432599067688,0.03237858787178993
6724,0.025511961430311203,0.03219083696603775
6725,0.05117955803871155,0.059811439365148544
6726,0.06141054630279541,0.04755942150950432
6727,0.042477890849113464,0.04199240356683731
6728,0.03506677225232124,0.019381774589419365
6729,0.05518271028995514,0.05345119535923004
6730,0.03330277279019356,0.03959432244300842
6731,0.04016878455877304,0.032039519399404526
6732,0.05764240026473999,0.053925078362226486
6733,0.05926577374339104,0.05449116602540016
6734,0.04516215994954109,0.04891503229737282
6735,0.04406043514609337,0.033351972699165344
6736,0.03990441933274269,0.03763752430677414
6737,0.04618709906935692,0.037938036024570465
6738,0.04973605275154114,0.0430883951485157
6739,0.029917212203145027,0.02045120857656002
6740,0.04523104801774025,0.030282218009233475
6741,0.024049321189522743,0.012789111584424973
6742,0.02651008777320385,0.014134899713099003
6743,0.04085395112633705,0.03301756829023361
6744,0.051175445318222046,0.04646673798561096
6745,0.022192513570189476,0.006850513629615307
6746,0.022700345143675804,0.016151491552591324
6747,0.027458420023322105,0.03245742991566658
6748,0.02738787606358528,0.03152555972337723
6749,0.041459061205387115,0.03877143934369087
6750,0.03854204714298248,0.01940998248755932
6751,0.038387641310691833,0.040976785123348236
6752,0.03156132996082306,0.035172805190086365
6753,0.06309979408979416,0.0526958629488945
6754,0.05873316153883934,0.04945063963532448
6755,0.04979316517710686,0.04605652391910553
6756,0.054168153554201126,0.04385779798030853
6757,0.02574545331299305,0.015597539022564888
6758,0.023638881742954254,0.019612377509474754
6759,0.015495658852159977,0.02496051788330078
6760,0.03684944659471512,0.023171434178948402
6761,0.021399762481451035,0.012828831560909748
6762,0.01007553469389677,0.004344572778791189
6763,0.029861943796277046,0.017560865730047226
6764,0.017657635733485222,0.023039214313030243
6765,0.022459056228399277,0.022192921489477158
6766,0.028854208067059517,0.0211016945540905
6767,0.05281136929988861,0.030728574842214584
6768,0.048474811017513275,0.03649888560175896
6769,0.021813731640577316,0.01491912268102169
6770,0.05032769963145256,0.03857158124446869
6771,0.029910743236541748,0.031139660626649857
6772,0.02925732359290123,0.022345921024680138
6773,0.025498468428850174,0.017307963222265244
6774,0.041410062462091446,0.04122597351670265
6775,0.04250596836209297,0.056727807968854904
6776,0.04453321173787117,0.03597801923751831
6777,0.014919338747859001,0.005193672142922878
6778,0.018354006111621857,0.010917453095316887
6779,0.04149132966995239,0.034458767622709274
6780,0.049929048866033554,0.05540686100721359
6781,0.07320021837949753,0.059885554015636444
6782,0.055968333035707474,0.033805668354034424
6783,0.043180353939533234,0.03337883949279785
6784,0.04826316609978676,0.04232124239206314
6785,0.04839623346924782,0.04311254248023033
6786,0.04160981997847557,0.02705466002225876
6787,0.0410260446369648,0.040640875697135925
6788,0.060713835060596466,0.05884142220020294
6789,0.04787691682577133,0.049137745052576065
6790,0.04997806251049042,0.04596542567014694
6791,0.048784516751766205,0.04646296799182892
6792,0.06025291234254837,0.04541685804724693
6793,0.054447662085294724,0.04586920142173767
6794,0.06466665863990784,0.054972898215055466
6795,0.045203953981399536,0.047337111085653305
6796,0.06276378035545349,0.052084434777498245
6797,0.054794710129499435,0.05358818918466568
6798,0.07257754355669022,0.05961499363183975
6799,0.06042589247226715,0.05410214513540268
6800,0.0794016495347023,0.0686306357383728
6801,0.07561749219894409,0.06396950781345367
6802,0.08089327067136765,0.057263121008872986
6803,0.054926302284002304,0.05948703736066818
6804,0.09326498955488205,0.08196086436510086
6805,0.07688004523515701,0.07174507528543472
6806,0.07177925109863281,0.05089496076107025
6807,0.044745974242687225,0.041556864976882935
6808,0.04065234586596489,0.03598271682858467
6809,0.06177287921309471,0.055640093982219696
6810,0.08321063220500946,0.07003381103277206
6811,0.0702793076634407,0.05170702189207077
6812,0.08015089482069016,0.06824031472206116
6813,0.07770084589719772,0.06665164977312088
6814,0.05497303232550621,0.044929709285497665
6815,0.0420214980840683,0.04303590580821037
6816,0.03375197947025299,0.030606472864747047
6817,0.042560651898384094,0.032071951776742935
6818,0.035488370805978775,0.022327430546283722
6819,0.03260234370827675,0.03466732054948807
6820,0.03560996800661087,0.02709878236055374
6821,0.05300388112664223,0.05642896145582199
6822,0.062203820794820786,0.058857351541519165
6823,0.0744338110089302,0.06373722106218338
6824,0.0777759701013565,0.06764049828052521
6825,0.06481154263019562,0.052198510617017746
6826,0.04201710224151611,0.028610000386834145
6827,0.022425051778554916,0.028870416805148125
6828,0.020313505083322525,0.017249038442969322
6829,0.04864528030157089,0.044997598975896835
6830,0.047910355031490326,0.03497747331857681
6831,0.0437210351228714,0.033374372869729996
6832,0.06754538416862488,0.06094236299395561
6833,0.07072337716817856,0.04838814586400986
6834,0.060823190957307816,0.06001350283622742
6835,0.048302385956048965,0.049917660653591156
6836,0.06555426865816116,0.05525880679488182
6837,0.07090689986944199,0.050768088549375534
6838,0.03154534101486206,0.03339921683073044
6839,0.04395220801234245,0.027983928099274635
6840,0.0481240376830101,0.037145063281059265
6841,0.02937222644686699,0.04779732972383499
6842,0.054761167615652084,0.046960435807704926
6843,0.02093409188091755,0.025672022253274918
6844,0.0411069430410862,0.02222776599228382
6845,0.03477029502391815,0.023921387270092964
6846,0.049840301275253296,0.042648304253816605
6847,0.05808326229453087,0.051404036581516266
6848,0.05193641409277916,0.04508364200592041
6849,0.0458221435546875,0.01875538006424904
6850,0.021864792332053185,0.018564580008387566
6851,0.03793569281697273,0.03538436070084572
6852,0.03205457329750061,0.040639348328113556
6853,0.045574747025966644,0.03442385047674179
6854,0.03470104560256004,0.03684715926647186
6855,0.024014392867684364,0.008401419967412949
6856,0.024281492456793785,0.015046856366097927
6857,0.04725496098399162,0.04468464478850365
6858,0.06074637174606323,0.0634976401925087
6859,0.06314919143915176,0.05488866940140724
6860,0.05114435777068138,0.0393914170563221
6861,0.051515184342861176,0.035321325063705444
6862,0.058376047760248184,0.04645862430334091
6863,0.04784078896045685,0.033297352492809296
6864,0.03292544558644295,0.03771694749593735
6865,0.039078567177057266,0.021703701466321945
6866,0.025608016178011894,0.027241738513112068
6867,0.05943071469664574,0.04184035584330559
6868,0.04690611734986305,0.051178593188524246
6869,0.06705984473228455,0.0423230342566967
6870,0.020817531272768974,0.01933959685266018
6871,0.03499659523367882,0.026929207146167755
6872,0.0423123873770237,0.030708342790603638
6873,0.042098626494407654,0.0317111574113369
6874,0.03163113072514534,0.045210015028715134
6875,0.030207481235265732,0.038267236202955246
6876,0.05667822062969208,0.03896215185523033
6877,0.03533695638179779,0.03869989514350891
6878,0.053830452263355255,0.03784822300076485
6879,0.048820365220308304,0.033509813249111176
6880,0.028674641624093056,0.026556938886642456
6881,0.04438144341111183,0.04125138744711876
6882,0.042307596653699875,0.028830742463469505
6883,0.029735835269093513,0.012087684124708176
6884,0.02643556520342827,0.03792238235473633
6885,0.051849115639925,0.05920848250389099
6886,0.08171562850475311,0.06500252336263657
6887,0.05460594967007637,0.04619130864739418
6888,0.047534774988889694,0.03247196972370148
6889,0.02481473982334137,0.014278164133429527
6890,0.02831326425075531,0.02191590890288353
6891,0.05403459817171097,0.04654178395867348
6892,0.056896571069955826,0.045256130397319794
6893,0.06298796087503433,0.04907429218292236
6894,0.049901656806468964,0.05443749576807022
6895,0.05712195858359337,0.038739945739507675
6896,0.048457201570272446,0.0330602303147316
6897,0.05653288587927818,0.04516775161027908
6898,0.028226178139448166,0.0011486916337162256
6899,0.025402622297406197,0.026685532182455063
6900,0.04877326637506485,0.034949179738759995
6901,0.048983603715896606,0.03360188007354736
6902,0.043473970144987106,0.044406671077013016
6903,0.050028663128614426,0.052230216562747955
6904,0.05466409772634506,0.04677276685833931
6905,0.039936959743499756,0.02343672700226307
6906,0.018221233040094376,0.011455523781478405
6907,0.0038502446841448545,-0.003942250739783049
6908,-0.008519260212779045,-0.0038012645673006773
6909,0.003064174670726061,-0.007893359288573265
6910,0.009413688443601131,0.020114703103899956
6911,0.026493025943636894,0.03144829347729683
6912,0.05161277949810028,0.04337713122367859
6913,0.05573044717311859,0.054128095507621765
6914,0.03882165253162384,0.0389779694378376
6915,0.035121411085128784,0.02633974514901638
6916,0.03361107409000397,0.04200454428792
6917,0.057226840406656265,0.027812406420707703
6918,0.036748163402080536,0.04084547236561775
6919,0.04081232100725174,0.028321124613285065
6920,0.036697905510663986,0.03157481178641319
6921,0.05388789623975754,0.0534355454146862
6922,0.055868007242679596,0.0508882999420166
6923,0.05825835466384888,0.040858153253793716
6924,0.03994455561041832,0.026333261281251907
6925,0.01893947459757328,0.03071594424545765
6926,0.053581297397613525,0.047152984887361526
6927,0.05786620080471039,0.04207845404744148
6928,0.05214674025774002,0.049848806113004684
6929,0.0492287278175354,0.030193962156772614
6930,0.05445469170808792,0.041255883872509
6931,0.04610498994588852,0.025927074253559113
6932,0.045288193970918655,0.02304074540734291
6933,0.03296184912323952,0.012097397819161415
6934,0.026571089401841164,0.005984105169773102
6935,0.029872415587306023,0.023197263479232788
6936,0.031440816819667816,0.03672316297888756
6937,0.05235686153173447,0.06539225578308105
6938,0.06323543190956116,0.07044967263936996
6939,0.060610122978687286,0.04802617430686951
6940,0.06947562843561172,0.06043443828821182
6941,0.057255711406469345,0.045538123697042465
6942,0.06541427224874496,0.046337008476257324
6943,0.07342280447483063,0.04266054555773735
6944,0.06564996391534805,0.06474214792251587
6945,0.0743432343006134,0.07103962451219559
6946,0.06074017286300659,0.05686340108513832
6947,0.062035009264945984,0.05559621378779411
6948,0.06522856652736664,0.05284503847360611
6949,0.05846652016043663,0.022678369656205177
6950,0.013714565895497799,0.023608742281794548
6951,0.013995897024869919,0.015083684585988522
6952,0.03514237701892853,0.03172803670167923
6953,0.037973228842020035,0.03832705318927765
6954,0.030946575105190277,0.028303978964686394
6955,0.03599123656749725,0.03887678682804108
6956,0.024153513833880424,0.012033090926706791
6957,0.017919816076755524,0.008353500626981258
6958,0.0339600145816803,0.019565466791391373
6959,0.04328140988945961,0.03165518119931221
6960,0.05367754027247429,0.04155823960900307
6961,0.04688345268368721,0.029743723571300507
6962,0.04943080618977547,0.043248213827610016
6963,0.043939974159002304,0.02825568988919258
6964,0.048485998064279556,0.046887487173080444
6965,0.042781151831150055,0.03271365538239479
6966,0.04435411095619202,0.031121958047151566
6967,0.03453795984387398,0.035933516919612885
6968,0.036445923149585724,0.026447409763932228
6969,0.03618311136960983,0.023097461089491844
6970,0.021233240142464638,0.01629473827779293
6971,0.03681794926524162,0.04141771048307419
6972,0.04878835007548332,0.04862932115793228
6973,0.0518430694937706,0.03161156550049782
6974,0.04857802391052246,0.04202670231461525
6975,0.035503871738910675,0.03689972311258316
6976,0.02930113859474659,0.0265412125736475
6977,0.04714753106236458,0.048804111778736115
6978,0.04436682164669037,0.04120884835720062
6979,0.035012152045965195,0.029379475861787796
6980,0.0364825576543808,0.03346189111471176
6981,0.020728129893541336,0.025981998071074486
6982,0.038368456065654755,0.02631254680454731
6983,0.05885741114616394,0.051394592970609665
6984,0.052850883454084396,0.0427921861410141
6985,0.05600552260875702,0.043632183223962784
6986,0.06222830340266228,0.05476155877113342
6987,0.05791063234210014,0.051749035716056824
6988,0.04913584142923355,0.03730282932519913
6989,0.043151065707206726,0.02718958631157875
6990,0.027274813503026962,0.029110301285982132
6991,0.04422004520893097,0.030157409608364105
6992,0.03258417174220085,0.03607060760259628
6993,0.05135553330183029,0.03255508467555046
6994,0.028236394748091698,0.02157868817448616
6995,0.03647572174668312,0.04181235656142235
6996,0.05668233335018158,0.04931570217013359
6997,0.05368912220001221,0.05388447642326355
6998,0.05419361591339111,0.05209820345044136
6999,0.05595101788640022,0.047624919563531876
7000,0.050631895661354065,0.03593747317790985
7001,0.05487814173102379,0.056976500898599625
7002,0.0607895702123642,0.060276784002780914
7003,0.06787395477294922,0.06677719205617905
7004,0.0632748082280159,0.05418016389012337
7005,0.05552057921886444,0.05513106286525726
7006,0.06625846028327942,0.056050680577754974
7007,0.07641585171222687,0.0704948678612709
7008,0.06169207766652107,0.05791214480996132
7009,0.034322500228881836,0.03005792573094368
7010,0.03776746615767479,0.03337088227272034
7011,0.014703312888741493,0.018328120931982994
7012,0.035374417901039124,0.026453547179698944
7013,0.03615999221801758,0.01962190680205822
7014,0.046328216791152954,0.043532222509384155
7015,0.04319009929895401,0.04450813680887222
7016,0.0383642204105854,0.02686605602502823
7017,0.0457698330283165,0.04334558546543121
7018,0.05820596590638161,0.032872121781110764
7019,0.05397409945726395,0.05819415673613548
7020,0.03405370935797691,0.029168911278247833
7021,0.04097869247198105,0.0393444187939167
7022,0.05523288995027542,0.04502718523144722
7023,0.05850838124752045,0.05653659999370575
7024,0.06376142054796219,0.043505746871232986
7025,0.03086462803184986,0.0297368336468935
7026,0.04421044513583183,0.028487801551818848
7027,0.03511437028646469,0.03308989107608795
7028,0.0292356014251709,0.027862992137670517
7029,0.02760021761059761,0.03384537622332573
7030,0.06408429145812988,0.06147356703877449
7031,0.07431093603372574,0.07762371748685837
7032,0.06186898425221443,0.04247359186410904
7033,0.03480837121605873,0.04104049131274223
7034,0.056071940809488297,0.04881444200873375
7035,0.04335969313979149,0.03311830759048462
7036,0.032506756484508514,0.0482487790286541
7037,0.06070433557033539,0.05668313056230545
7038,0.042598892003297806,0.030415315181016922
7039,0.0360664464533329,0.022532671689987183
7040,0.03150058910250664,0.03687473013997078
7041,0.06072575971484184,0.057893864810466766
7042,0.057791952043771744,0.03448973223567009
7043,0.05179359018802643,0.045320067554712296
7044,0.04312121123075485,0.018200408667325974
7045,0.024221519008278847,0.016129717230796814
7046,0.01993144489824772,0.018534936010837555
7047,0.04599993675947189,0.0466325618326664
7048,0.061213549226522446,0.04762402921915054
7049,0.04593106731772423,0.041166454553604126
7050,0.04799588397145271,0.04108294099569321
7051,0.060211289674043655,0.04944203794002533
7052,0.05485312640666962,0.05297566577792168
7053,0.06856686621904373,0.05891390144824982
7054,0.057528313249349594,0.04553389921784401
7055,0.0607871413230896,0.0511329248547554
7056,0.03156541287899017,0.028159042820334435
7057,0.036041226238012314,0.05145657807588577
7058,0.06420005857944489,0.050847794860601425
7059,0.0703248381614685,0.07144097983837128
7060,0.059949614107608795,0.04700060933828354
7061,0.05010945722460747,0.026507241651415825
7062,0.05680489540100098,0.04288344457745552
7063,0.06550537049770355,0.05118369683623314
7064,0.05389166995882988,0.04492392763495445
7065,0.044502612203359604,0.044970426708459854
7066,0.04536517709493637,0.03864151984453201
7067,0.04184973984956741,0.05018051713705063
7068,0.04812657833099365,0.0364331491291523
7069,0.018721284344792366,0.02902851067483425
7070,0.021243439987301826,0.026284657418727875
7071,0.045946307480335236,0.039328683167696
7072,0.029874738305807114,0.021772468462586403
7073,0.0319683663547039,0.02271583490073681
7074,0.03592485934495926,0.036789894104003906
7075,0.04670466482639313,0.02859136275947094
7076,0.03330507501959801,0.027007121592760086
7077,0.042309556156396866,0.0357489176094532
7078,0.048647690564394,0.04585617408156395
7079,0.059150032699108124,0.053397104144096375
7080,0.0285671204328537,0.02987571433186531
7081,0.03828120231628418,0.03030490130186081
7082,0.04997709393501282,0.047968532890081406
7083,0.05069667845964432,0.0409347228705883
7084,0.04803061857819557,0.039565473794937134
7085,0.05563504621386528,0.039398375898599625
7086,0.05488298088312149,0.03946356475353241
7087,0.04562239721417427,0.04427153989672661
7088,0.06403234601020813,0.055514827370643616
7089,0.05941512808203697,0.054947447031736374
7090,0.05272792652249336,0.033757828176021576
7091,0.042986951768398285,0.02872541733086109
7092,0.031463827937841415,0.0234422218054533
7093,0.04178188741207123,0.04376515746116638
7094,0.06283977627754211,0.06362112611532211
7095,0.054229918867349625,0.04945306479930878
7096,0.05798829719424248,0.05121152102947235
7097,0.06546299904584885,0.058565761893987656
7098,0.06740767508745193,0.043010566383600235
7099,0.04551174119114876,0.03738674521446228
7100,0.046739161014556885,0.05834442749619484
7101,0.06300994753837585,0.0553278774023056
7102,0.058915384113788605,0.04434656724333763
7103,0.07132361084222794,0.06603492051362991
7104,0.05405952036380768,0.04043743014335632
7105,0.04742846265435219,0.04884767904877663
7106,0.041985686868429184,0.038512565195560455
7107,0.050833772867918015,0.03415430709719658
7108,0.04955350607633591,0.04269387945532799
7109,0.053123824298381805,0.05969824641942978
7110,0.04820011556148529,0.03976588696241379
7111,0.05273737758398056,0.044892363250255585
7112,0.060046494007110596,0.048372432589530945
7113,0.07049418240785599,0.059185706079006195
7114,0.0744597390294075,0.05976283177733421
7115,0.05277761444449425,0.041864730417728424
7116,0.06174691393971443,0.05158340558409691
7117,0.0802002027630806,0.061376363039016724
7118,0.06170656532049179,0.05272615700960159
7119,0.05582166090607643,0.060416825115680695
7120,0.04857594519853592,0.04375641793012619
7121,0.06736603379249573,0.05832413211464882
7122,0.046768080443143845,0.033695563673973083
7123,0.02936425618827343,0.028995178639888763
7124,0.03100661188364029,0.03932090476155281
7125,0.041057318449020386,0.025775393471121788
7126,0.045799896121025085,0.04179711267352104
7127,0.05601208657026291,0.039781369268894196
7128,0.05530402436852455,0.0394999124109745
7129,0.050744716078042984,0.031224912032485008
7130,0.038707781583070755,0.044893454760313034
7131,0.03892512992024422,0.016474422067403793
7132,0.03599562868475914,0.018300693482160568
7133,0.03337644040584564,0.0261981338262558
7134,0.04629646614193916,0.04303116723895073
7135,0.06228591501712799,0.05620693042874336
7136,0.04941530525684357,0.03770783171057701
7137,0.048971761018037796,0.05106144770979881
7138,0.06245683506131172,0.049056779593229294
7139,0.05700227990746498,0.044444646686315536
7140,0.05676238611340523,0.05814281851053238
7141,0.04373365640640259,0.039127662777900696
7142,0.04713325574994087,0.0315728560090065
7143,0.051941126585006714,0.04717475548386574
7144,0.04146457463502884,0.036485616117715836
7145,0.04374949634075165,0.04218388348817825
7146,0.05773395299911499,0.051497701555490494
7147,0.04053252935409546,0.034618228673934937
7148,0.046167969703674316,0.029146170243620872
7149,0.04583078995347023,0.02932228147983551
7150,0.04121696203947067,0.03704845532774925
7151,0.03640453889966011,0.02497374266386032
7152,0.0454106368124485,0.040301933884620667
7153,0.03338826820254326,0.03667082637548447
7154,0.040223706513643265,0.04220820590853691
7155,0.034230995923280716,0.0312514491379261
7156,0.02782570943236351,0.022548964247107506
7157,0.03149482235312462,0.022440139204263687
7158,0.03757328540086746,0.030677761882543564
7159,0.04085659235715866,0.022180045023560524
7160,0.02870091423392296,0.03210652992129326
7161,0.034033238887786865,0.03186948224902153
7162,0.04441919922828674,0.029174182564020157
7163,0.05196814611554146,0.03265045955777168
7164,0.03407706320285797,0.026904623955488205
7165,0.04127629101276398,0.05007385462522507
7166,0.04520140960812569,0.042780011892318726
7167,0.05196591839194298,0.03547380864620209
7168,0.05055578425526619,0.0510927252471447
7169,0.05622163414955139,0.048296429216861725
7170,0.05883374065160751,0.040200330317020416
7171,0.05222195386886597,0.0473395511507988
7172,0.042849987745285034,0.03320494666695595
7173,0.05513480305671692,0.040813446044921875
7174,0.05320167914032936,0.036120038479566574
7175,0.03048102743923664,0.01959455944597721
7176,0.02774360217154026,0.02342909388244152
7177,0.0365997813642025,0.031317636370658875
7178,0.04040411859750748,0.04674025624990463
7179,0.05524487793445587,0.036529090255498886
7180,0.04358670860528946,0.036583155393600464
7181,0.040675945580005646,0.034864455461502075
7182,0.031918518245220184,0.04162231832742691
7183,0.06983023881912231,0.06417686492204666
7184,0.05236474424600601,0.03319966048002243
7185,0.06386015564203262,0.07228081673383713
7186,0.07620871812105179,0.05267953872680664
7187,0.04988769814372063,0.04643517732620239
7188,0.046141453087329865,0.04570035636425018
7189,0.02864685282111168,0.025039494037628174
7190,0.04609870910644531,0.04612815007567406
7191,0.05483613163232803,0.05015774816274643
7192,0.04968738555908203,0.05279845744371414
7193,0.06888199597597122,0.06203267723321915
7194,0.04468472674489021,0.03858247399330139
7195,0.02195669710636139,0.01995125040411949
7196,0.04000852257013321,0.03046012856066227
7197,0.028523636981844902,0.020467348396778107
7198,0.024376798421144485,0.011755400337278843
7199,0.024530960246920586,0.022135699167847633
7200,0.0244121216237545,0.02129770815372467
7201,0.016924666240811348,0.010161695070564747
7202,0.031449127942323685,0.014939830638468266
7203,0.04604841396212578,0.04697287082672119
7204,0.062344055622816086,0.06411492079496384
7205,0.07405012100934982,0.061300575733184814
7206,0.059167299419641495,0.06436391174793243
7207,0.06601060926914215,0.06296554207801819
7208,0.05479782447218895,0.05344303697347641
7209,0.043910492211580276,0.03455660119652748
7210,0.03480388969182968,0.02963857538998127
7211,0.05101974308490753,0.05846869572997093
7212,0.07887893915176392,0.06068110466003418
7213,0.0674133151769638,0.046659789979457855
7214,0.06230050325393677,0.05395347625017166
7215,0.04499581456184387,0.047958023846149445
7216,0.05789903178811073,0.05581127479672432
7217,0.06020943447947502,0.07001282274723053
7218,0.06892416626214981,0.05917857587337494
7219,0.0692400261759758,0.06407090276479721
7220,0.04994993656873703,0.028954796493053436
7221,0.04763044789433479,0.04193909093737602
7222,0.048357512801885605,0.03953639790415764
7223,0.04903922230005264,0.03350812941789627
7224,0.051140788942575455,0.04856385290622711
7225,0.06679774820804596,0.061263859272003174
7226,0.07644319534301758,0.05666849762201309
7227,0.051652222871780396,0.04177490994334221
7228,0.06242460757493973,0.06081368401646614
7229,0.06597887724637985,0.04157533869147301
7230,0.04004980996251106,0.03704553097486496
7231,0.04951624572277069,0.04649584740400314
7232,0.052042603492736816,0.04395190253853798
7233,0.049107834696769714,0.054563961923122406
7234,0.06875108927488327,0.05714620649814606
7235,0.07175462692975998,0.060551516711711884
7236,0.07326706498861313,0.06152002140879631
7237,0.06923992931842804,0.06120489910244942
7238,0.04347345232963562,0.045717667788267136
7239,0.03542711213231087,0.00988694652915001
7240,0.037148959934711456,0.037696074694395065
7241,0.06564655154943466,0.046677589416503906
7242,0.05988271161913872,0.037688303738832474
7243,0.06303295493125916,0.04805022478103638
7244,0.05458558350801468,0.06973384320735931
7245,0.09146823734045029,0.07054674625396729
7246,0.0670960396528244,0.045407962054014206
7247,0.06294913589954376,0.050460848957300186
7248,0.05263778194785118,0.032155897468328476
7249,0.07133561372756958,0.06872402876615524
7250,0.0676996111869812,0.05758273974061012
7251,0.07750777900218964,0.06834391504526138
7252,0.06748153269290924,0.06617728620767593
7253,0.07089658081531525,0.06977087259292603
7254,0.05671550706028938,0.057439833879470825
7255,0.05498993396759033,0.04491472616791725
7256,0.0525275394320488,0.034888364374637604
7257,0.03531830385327339,0.032534223049879074
7258,0.058015793561935425,0.05769811570644379
7259,0.061503876000642776,0.06610637903213501
7260,0.06020640209317207,0.04807668924331665
7261,0.05017131194472313,0.05187547579407692
7262,0.048593804240226746,0.04823097586631775
7263,0.04156104847788811,0.04050184041261673
7264,0.03861646354198456,0.028524555265903473
7265,0.046586453914642334,0.023756610229611397
7266,0.031038017943501472,0.02965017594397068
7267,0.03773312270641327,0.04059414193034172
7268,0.05286009982228279,0.045629169791936874
7269,0.061716478317976,0.05950818583369255
7270,0.03872828185558319,0.03900371864438057
7271,0.06149132922291756,0.06177613511681557
7272,0.07373570650815964,0.061188071966171265
7273,0.05028201639652252,0.03580319508910179
7274,0.05404188111424446,0.04935827478766441
7275,0.052543506026268005,0.044834624975919724
7276,0.06353385746479034,0.057198416441679
7277,0.057619448751211166,0.053192783147096634
7278,0.06931870430707932,0.06856779754161835
7279,0.06546855717897415,0.060290273278951645
7280,0.07637392729520798,0.07091225683689117
7281,0.08234753459692001,0.07104067504405975
7282,0.05535612627863884,0.0435609370470047
7283,0.045010752975940704,0.02720312960445881
7284,0.01735266111791134,0.02774655818939209
7285,0.048071231693029404,0.0432874895632267
7286,0.062441639602184296,0.04619976505637169
7287,0.05421444773674011,0.057061854749917984
7288,0.04401757940649986,0.04426642134785652
7289,0.03837355226278305,0.04074998199939728
7290,0.05910492688417435,0.05888297036290169
7291,0.05488555505871773,0.043337028473615646
7292,0.04481753334403038,0.045344915241003036
7293,0.050903912633657455,0.045749250799417496
7294,0.052213121205568314,0.049171701073646545
7295,0.07119830697774887,0.07515519112348557
7296,0.06604496389627457,0.06927883625030518
7297,0.05547475442290306,0.04405438154935837
7298,0.05170212686061859,0.04666369780898094
7299,0.040143679827451706,0.03798499330878258
7300,0.05236110836267471,0.05488985776901245
7301,0.06010586395859718,0.05625360086560249
7302,0.05499136447906494,0.04207996651530266
7303,0.04530499503016472,0.03787165507674217
7304,0.0685456320643425,0.05897136777639389
7305,0.057735376060009,0.0458943173289299
7306,0.05773864686489105,0.03513229638338089
7307,0.04049479588866234,0.031215665861964226
7308,0.06647957861423492,0.05688602477312088
7309,0.04666530340909958,0.02721027284860611
7310,0.041369106620550156,0.028691230341792107
7311,0.04985860735177994,0.03354688733816147
7312,0.042937301099300385,0.04619225114583969
7313,0.06624195724725723,0.04841138422489166
7314,0.04023352637887001,0.040928617119789124
7315,0.04833747446537018,0.048256538808345795
7316,0.04588864743709564,0.04961558058857918
7317,0.04206125810742378,0.024665672332048416
7318,0.025659387931227684,0.016004696488380432
7319,0.041022978723049164,0.027481479570269585
7320,0.03381136804819107,0.03939993679523468
7321,0.04979035630822182,0.02803182788193226
7322,0.03582406044006348,0.024830082431435585
7323,0.03234289586544037,0.04542038217186928
7324,0.06821039319038391,0.053712185472249985
7325,0.054848723113536835,0.05057885870337486
7326,0.05724126100540161,0.04615535959601402
7327,0.05520295724272728,0.0507807582616806
7328,0.055824488401412964,0.03447970747947693
7329,0.04281315952539444,0.04586448520421982
7330,0.037630513310432434,0.02377660945057869
7331,0.034333955496549606,0.021831171587109566
7332,0.042569566518068314,0.0356474407017231
7333,0.03136197850108147,0.029898036271333694
7334,0.027688058093190193,0.03563585504889488
7335,0.046139296144247055,0.041107192635536194
7336,0.059738703072071075,0.054331276565790176
7337,0.049641650170087814,0.0409923791885376
7338,0.04710406810045242,0.03549768030643463
7339,0.053238797932863235,0.04837961122393608
7340,0.026601623743772507,0.03545532748103142
7341,0.027275238186120987,0.019027993083000183
7342,0.027574241161346436,0.028991514816880226
7343,0.057298120111227036,0.0551241897046566
7344,0.04187659174203873,0.033973079174757004
7345,0.02874079905450344,0.02950858883559704
7346,0.05551125109195709,0.03599168732762337
7347,0.06065703555941582,0.03336384892463684
7348,0.05542677640914917,0.04831702262163162
7349,0.051427096128463745,0.03780917450785637
7350,0.04023504629731178,0.038460489362478256
7351,0.059673961251974106,0.05753636732697487
7352,0.05220774561166763,0.031318191438913345
7353,0.037921734154224396,0.030606430023908615
7354,0.028670044615864754,0.025450073182582855
7355,0.02027399279177189,0.011132773943245411
7356,0.02072526514530182,0.00811640452593565
7357,0.018663762137293816,0.01638319157063961
7358,0.017807958647608757,0.02516855299472809
7359,0.04500367119908333,0.060383204370737076
7360,0.08328627794981003,0.06528344005346298
7361,0.07656817138195038,0.05156317725777626
7362,0.06882243603467941,0.06908588856458664
7363,0.07364208251237869,0.049658238887786865
7364,0.04861898347735405,0.046637389808893204
7365,0.05745729058980942,0.05236000567674637
7366,0.05325064808130264,0.050256773829460144
7367,0.07298258692026138,0.07367910444736481
7368,0.06944537907838821,0.06412629038095474
7369,0.07352572679519653,0.06494718044996262
7370,0.05541113018989563,0.05665815249085426
7371,0.06769450008869171,0.04609954357147217
7372,0.07319451123476028,0.05759696289896965
7373,0.0629289448261261,0.06843490898609161
7374,0.03780630975961685,0.034123171120882034
7375,0.03618554770946503,0.050743114203214645
7376,0.044306375086307526,0.021075759083032608
7377,0.04213453084230423,0.03860817477107048
7378,0.03877975791692734,0.032516174018383026
7379,0.03811872750520706,0.048524659126996994
7380,0.02433684654533863,0.020907625555992126
7381,0.026288216933608055,0.020115993916988373
7382,0.03604241833090782,0.03372376412153244
7383,0.02722562663257122,0.010679971426725388
7384,0.004951531067490578,-0.007368254475295544
7385,-0.006734492257237434,-0.012932593002915382
7386,0.0058355131186544895,0.008739004842936993
7387,0.04162982106208801,0.0375305637717247
7388,0.037085048854351044,0.037243861705064774
7389,0.06619364023208618,0.06266731768846512
7390,0.05448659509420395,0.03316580504179001
7391,0.026361117139458656,0.028258206322789192
7392,0.05128227546811104,0.03823050484061241
7393,0.035053551197052,0.025636451318860054
7394,0.031657688319683075,0.023548176512122154
7395,0.01977747306227684,0.022668937221169472
7396,0.04906117171049118,0.04386964440345764
7397,0.041132330894470215,0.030322762206196785
7398,0.04138671234250069,0.044362347573041916
7399,0.0601804293692112,0.04746492579579353
7400,0.0503586009144783,0.037730202078819275
7401,0.02983436919748783,0.032312650233507156
7402,0.044802870601415634,0.02661880850791931
7403,0.02518797107040882,0.01396015752106905
7404,0.02800358086824417,0.027204075828194618
7405,0.050684649497270584,0.046248819679021835
7406,0.053606241941452026,0.05554956570267677
7407,0.058642275631427765,0.058180682361125946
7408,0.05950731784105301,0.0509842149913311
7409,0.06040307506918907,0.0637841671705246
7410,0.08416616916656494,0.06167321279644966
7411,0.05950707569718361,0.04899248853325844
7412,0.034363001585006714,0.03495641052722931
7413,0.0431765578687191,0.034626420587301254
7414,0.039927251636981964,0.018538277596235275
7415,0.03046901896595955,0.02502739615738392
7416,0.04393252730369568,0.0380682647228241
7417,0.03457414731383324,0.031063059344887733
7418,0.03608707711100578,0.02839580364525318
7419,0.041818100959062576,0.03127549961209297
7420,0.0583459697663784,0.05920911952853203
7421,0.06876908987760544,0.06056580692529678
7422,0.048230014741420746,0.04156683757901192
7423,0.03831262141466141,0.030647028237581253
7424,0.025107713416218758,0.02331470511853695
7425,0.02628304250538349,0.01107617374509573
7426,0.032995425164699554,0.04377341642975807
7427,0.039018549025058746,0.030143728479743004
7428,0.047215305268764496,0.03845171630382538
7429,0.027416756376624107,0.02289138361811638
7430,0.04141223058104515,0.03813100978732109
7431,0.04215073212981224,0.039751362055540085
7432,0.04385998845100403,0.03371848165988922
7433,0.0463327020406723,0.030285663902759552
7434,0.04720611497759819,0.03025093860924244
7435,0.043566830456256866,0.04046683385968208
7436,0.05975600332021713,0.059345126152038574
7437,0.07062671333551407,0.06369893997907639
7438,0.04711924120783806,0.03851483017206192
7439,0.06678572297096252,0.0647977814078331
7440,0.059010811150074005,0.05305848643183708
7441,0.04090017080307007,0.05244795233011246
7442,0.029439663514494896,0.025275198742747307
7443,0.04546285420656204,0.0378078892827034
7444,0.03044372983276844,0.024571355432271957
7445,0.03553365543484688,0.03306660056114197
7446,0.05261875316500664,0.03310417756438255
7447,0.03266250342130661,0.02767094224691391
7448,0.005596708040684462,0.012727933004498482
7449,0.02630978636443615,0.015232364647090435
7450,0.03259827196598053,0.034863635897636414
7451,0.04943416267633438,0.042578138411045074
7452,0.05404878780245781,0.04835080727934837
7453,0.05044722929596901,0.04022771120071411
7454,0.06186941638588905,0.04519979655742645
7455,0.049724023789167404,0.044875770807266235
7456,0.06275887042284012,0.039530228823423386
7457,0.047784797847270966,0.0366143174469471
7458,0.05429839342832565,0.04702654108405113
7459,0.04820406064391136,0.05261465162038803
7460,0.05162886157631874,0.05292839929461479
7461,0.07540208101272583,0.05344267562031746
7462,0.049733616411685944,0.04052526876330376
7463,0.06551425904035568,0.05961942300200462
7464,0.06833154708147049,0.057613056153059006
7465,0.039223700761795044,0.04783531278371811
7466,0.05751347914338112,0.04812289774417877
7467,0.04000997915863991,0.03450547531247139
7468,0.02810468152165413,0.024559665471315384
7469,0.035719241946935654,0.029865549877285957
7470,0.031561028212308884,0.04169364646077156
7471,0.06475303322076797,0.07201807200908661
7472,0.05488787963986397,0.04340380057692528
7473,0.04570087417960167,0.028418054804205894
7474,0.04320305585861206,0.03640607371926308
7475,0.046076372265815735,0.026866236701607704
7476,0.016814246773719788,0.026362460106611252
7477,0.019942183047533035,0.0203713309019804
7478,0.035258278250694275,0.02862928993999958
7479,0.05060014873743057,0.03918122872710228
7480,0.032223332673311234,0.03619992733001709
7481,0.046878378838300705,0.04492151737213135
7482,0.06285835057497025,0.050971005111932755
7483,0.06921990215778351,0.07067417353391647
7484,0.06367966532707214,0.05969686433672905
7485,0.07917923480272293,0.05224183574318886
7486,0.06988901644945145,0.06467387080192566
7487,0.0705728679895401,0.060980044305324554
7488,0.07324330508708954,0.06619669497013092
7489,0.06938309967517853,0.06209108605980873
7490,0.05684147775173187,0.03930756449699402
7491,0.05480571463704109,0.04278850927948952
7492,0.04075673222541809,0.03839658573269844
7493,0.03789885342121124,0.032721806317567825
7494,0.03373539075255394,0.024644754827022552
7495,0.03932172432541847,0.039182666689157486
7496,0.0475672148168087,0.04442436248064041
7497,0.04621288180351257,0.030836664140224457
7498,0.05393076688051224,0.04775247722864151
7499,0.07083192467689514,0.06890106201171875
7500,0.06345188617706299,0.05988474562764168
7501,0.05068283528089523,0.0375843308866024
7502,0.04897819086909294,0.04244842752814293
7503,0.05655474588274956,0.058786652982234955
7504,0.04367982596158981,0.01757318153977394
7505,0.03187597543001175,0.022845078259706497
7506,0.009774724021553993,0.01912241242825985
7507,0.04553673043847084,0.04316925257444382
7508,0.05458156764507294,0.042799610644578934
7509,0.045621562749147415,0.044621217995882034
7510,0.0597054697573185,0.04674098640680313
7511,0.05621735006570816,0.055754464119672775
7512,0.05049337074160576,0.03852102532982826
7513,0.04219205677509308,0.0340285450220108
7514,0.04955066367983818,0.04410184174776077
7515,0.04310831055045128,0.05479568615555763
7516,0.07513704895973206,0.049838993698358536
7517,0.06891284137964249,0.05931119993329048
7518,0.04410934075713158,0.04908926412463188
7519,0.07575095444917679,0.05420060455799103
7520,0.07395195215940475,0.049237918108701706
7521,0.04735405370593071,0.029352566227316856
7522,0.027599960565567017,0.01850675791501999
7523,0.03353377431631088,0.04148659110069275
7524,0.041189759969711304,0.04825969785451889
7525,0.04094242304563522,0.02493368834257126
7526,0.049056343734264374,0.03122895024716854
7527,0.021426726132631302,0.019252756610512733
7528,0.008212288841605186,0.010009488090872765
7529,0.03866834193468094,0.03323595970869064
7530,0.04489562287926674,0.047752365469932556
7531,0.051990702748298645,0.04772115498781204
7532,0.06223607063293457,0.04074791073799133
7533,0.04018697515130043,0.04512648284435272
7534,0.051055751740932465,0.033509984612464905
7535,0.01862706057727337,0.027536602690815926
7536,0.04437872767448425,0.04989677295088768
7537,0.03708590194582939,0.03741464391350746
7538,0.0504840686917305,0.05099101364612579
7539,0.06230616942048073,0.057481370866298676
7540,0.06116243079304695,0.05466488003730774
7541,0.05628705769777298,0.03367535024881363
7542,0.05100341513752937,0.045981377363204956
7543,0.06414961069822311,0.05462268739938736
7544,0.04966399446129799,0.035170767456293106
7545,0.037490472197532654,0.04766484349966049
7546,0.057674944400787354,0.05692557990550995
7547,0.04756432771682739,0.03345532342791557
7548,0.025801576673984528,0.028666988015174866
7549,0.0273323655128479,0.013692617416381836
7550,0.01356654055416584,0.0068049062974750996
7551,0.02474627085030079,0.008747978135943413
7552,0.015416887588799,0.0008806672994978726
7553,0.03661653399467468,0.04073882848024368
7554,0.06000281870365143,0.045051444321870804
7555,0.05520075559616089,0.041203126311302185
7556,0.0496080107986927,0.044164322316646576
7557,0.038707464933395386,0.03521201014518738
7558,0.027276206761598587,0.014666167087852955
7559,0.02395879663527012,0.023156706243753433
7560,0.023205114528536797,0.020137503743171692
7561,0.032792795449495316,0.01883384957909584
7562,0.0537564679980278,0.040388792753219604
7563,0.0593825988471508,0.04951273649930954
7564,0.04738568514585495,0.028962071985006332
7565,0.04020306468009949,0.029739461839199066
7566,0.04463578760623932,0.04661599174141884
7567,0.054064035415649414,0.05419240891933441
7568,0.05379191040992737,0.04294298216700554
7569,0.05069664120674133,0.045759137719869614
7570,0.05460429936647415,0.04631848260760307
7571,0.050608471035957336,0.04200141504406929
7572,0.0766829177737236,0.05886882543563843
7573,0.07353654503822327,0.06378461420536041
7574,0.0560058169066906,0.03910403698682785
7575,0.03041180409491062,0.020335644483566284
7576,0.014051496982574463,0.014662187546491623
7577,0.028470011427998543,0.0313728041946888
7578,0.04605687037110329,0.041824549436569214
7579,0.04323595389723778,0.03607667237520218
7580,0.03856995701789856,0.02494487352669239
7581,0.04839390143752098,0.03522919863462448
7582,0.04190158471465111,0.03249738737940788
7583,0.04599758982658386,0.037130847573280334
7584,0.04511192440986633,0.03360142186284065
7585,0.02789241448044777,0.027551550418138504
7586,0.04476633667945862,0.036077551543712616
7587,0.04731714725494385,0.04226461425423622
7588,0.04498347267508507,0.03948132321238518
7589,0.06199350208044052,0.06605295091867447
7590,0.05129936710000038,0.04345247149467468
7591,0.057967256754636765,0.043376851826906204
7592,0.047574520111083984,0.03995523229241371
7593,0.04629678651690483,0.04954046010971069
7594,0.059695854783058167,0.05986375734210014
7595,0.04660072177648544,0.032074250280857086
7596,0.035206444561481476,0.030759431421756744
7597,0.05476805567741394,0.03931652754545212
7598,0.04698862135410309,0.03664239123463631
7599,0.03936764970421791,0.010041233152151108
7600,0.007882650010287762,0.006680982653051615
7601,0.011402642354369164,0.020660508424043655
7602,0.03254876285791397,0.03215864673256874
7603,0.036195918917655945,0.028182771056890488
7604,0.051219724118709564,0.0439695380628109
7605,0.07031451910734177,0.062056876718997955
7606,0.06755945831537247,0.05946599319577217
7607,0.053109873086214066,0.05192287266254425
7608,0.05480315536260605,0.043093495070934296
7609,0.04919172450900078,0.02642226777970791
7610,0.03500715270638466,0.017117565497756004
7611,0.04711870849132538,0.04335154592990875
7612,0.042964305728673935,0.031604450196027756
7613,0.04280918091535568,0.03627200052142143
7614,0.02101885713636875,0.012347882613539696
7615,0.017676372081041336,0.016094457358121872
7616,0.01489248126745224,0.02527444437146187
7617,0.019995836541056633,0.01928778924047947
7618,0.02618408016860485,0.038819391280412674
7619,0.033168163150548935,0.025791049003601074
7620,0.046138063073158264,0.018807224929332733
7621,0.015694523230195045,0.020316652953624725
7622,0.021260950714349747,0.025013986974954605
7623,0.05428837612271309,0.048942361027002335
7624,0.04621356725692749,0.0483195036649704
7625,0.06046697124838829,0.05446245148777962
7626,0.06058908998966217,0.051654282957315445
7627,0.041326768696308136,0.03398476913571358
7628,0.03894735127687454,0.029751833528280258
7629,0.043861933052539825,0.02636607363820076
7630,0.04481896013021469,0.03403622657060623
7631,0.0625746101140976,0.05632965266704559
7632,0.06106427311897278,0.043203458189964294
7633,0.04793601483106613,0.034346405416727066
7634,0.06349116563796997,0.05137725919485092
7635,0.05435711145401001,0.04644298925995827
7636,0.046558838337659836,0.04637651890516281
7637,0.047782156616449356,0.029168257489800453
7638,0.03688129782676697,0.029877368360757828
7639,0.034148573875427246,0.024433307349681854
7640,0.03141285106539726,0.016551343724131584
7641,0.021038690581917763,0.017690198495984077
7642,0.03556712716817856,0.05020782724022865
7643,0.0622190497815609,0.07027269899845123
7644,0.05050970986485481,0.026298245415091515
7645,0.025270594283938408,0.018334951251745224
7646,0.03738250583410263,0.026626281440258026
7647,0.028035789728164673,0.031939130276441574
7648,0.03549893945455551,0.03143387660384178
7649,0.05073016881942749,0.031978923827409744
7650,0.02589477226138115,0.018424004316329956
7651,0.03526405990123749,0.03787877783179283
7652,0.05218488723039627,0.03333286941051483
7653,0.041567638516426086,0.0287017822265625
7654,0.042308975011110306,0.043898459523916245
7655,0.03226950392127037,0.04384257271885872
7656,0.07144439220428467,0.054386213421821594
7657,0.07919076085090637,0.06287172436714172
7658,0.07574965804815292,0.08196108043193817
7659,0.06949771195650101,0.047958195209503174
7660,0.05459478870034218,0.05066226050257683
7661,0.058071721345186234,0.05147708207368851
7662,0.059870313853025436,0.048424236476421356
7663,0.05253419280052185,0.043861646205186844
7664,0.037477944046258926,0.02272200398147106
7665,0.05595441907644272,0.05890146270394325
7666,0.08499668538570404,0.06504914164543152
7667,0.0635422021150589,0.04853770136833191
7668,0.05248316377401352,0.03841781243681908
7669,0.03826432675123215,0.03323156386613846
7670,0.04288172721862793,0.04023732244968414
7671,0.03719102591276169,0.030803045257925987
7672,0.05525980144739151,0.05159503594040871
7673,0.08609028905630112,0.07215389609336853
7674,0.068905770778656,0.03979400172829628
7675,0.0641738697886467,0.060859110206365585
7676,0.055930376052856445,0.045918744057416916
7677,0.05582563206553459,0.04579581692814827
7678,0.0278184711933136,0.010255449451506138
7679,0.018751410767436028,0.012687317095696926
7680,0.008404150605201721,0.0051310500130057335
7681,0.017081616446375847,0.01617603749036789
7682,0.02296166494488716,0.021753227338194847
7683,0.04589172452688217,0.040025241672992706
7684,0.04773366451263428,0.039296574890613556
7685,0.03624924644827843,0.027645155787467957
7686,0.059301555156707764,0.06128105893731117
7687,0.0431920625269413,0.032372355461120605
7688,0.051431529223918915,0.03473619744181633
7689,0.03487337753176689,0.03851870074868202
7690,0.059191666543483734,0.050740450620651245
7691,0.046997200697660446,0.053847119212150574
7692,0.03573797270655632,0.017501773312687874
7693,0.049819692969322205,0.049018483608961105
7694,0.04295932501554489,0.039527080953121185
7695,0.03817767649888992,0.03892618790268898
7696,0.05917154625058174,0.04854774847626686
7697,0.05455317348241806,0.03920481726527214
7698,0.038843605667352676,0.037210863083601
7699,0.05695361644029617,0.0584942027926445
7700,0.06560764461755753,0.05576628819108009
7701,0.05640702322125435,0.0622006319463253
7702,0.05528124421834946,0.04401974380016327
7703,0.04118087515234947,0.034753795713186264
7704,0.041285768151283264,0.04009769856929779
7705,0.030219893902540207,0.04532633349299431
7706,0.04931281507015228,0.04451463744044304
7707,0.05334004387259483,0.04450909420847893
7708,0.047037523239851,0.0446975976228714
7709,0.05296925827860832,0.038424134254455566
7710,0.03193450719118118,0.03461230546236038
7711,0.07454239577054977,0.06417226046323776
7712,0.07417351007461548,0.06553258746862411
7713,0.05353744700551033,0.031232036650180817
7714,0.03312943875789642,0.028952868655323982
7715,0.031471285969018936,0.042236968874931335
7716,0.05507330223917961,0.050662290304899216
7717,0.07713328301906586,0.07088533788919449
7718,0.05856655165553093,0.07394088804721832
7719,0.0647115558385849,0.04577489569783211
7720,0.037047792226076126,0.026127608492970467
7721,0.03774416819214821,0.022548329085111618
7722,0.05355260148644447,0.05032585188746452
7723,0.04225727543234825,0.028004316613078117
7724,0.03908253461122513,0.05312269926071167
7725,0.052351322025060654,0.04139462113380432
7726,0.05670981481671333,0.0546337328851223
7727,0.0550910085439682,0.04651205241680145
7728,0.053231917321681976,0.04806703329086304
7729,0.05007648095488548,0.03675712272524834
7730,0.029676299542188644,0.03315243124961853
7731,0.037579115480184555,0.02739916369318962
7732,0.05123089998960495,0.03958398476243019
7733,0.04839661344885826,0.0507054440677166
7734,0.04965795949101448,0.04952245578169823
7735,0.046042490750551224,0.03822164610028267
7736,0.03260556235909462,0.029611265286803246
7737,0.048787038773298264,0.05611443147063255
7738,0.047901004552841187,0.047097429633140564
7739,0.03700533136725426,0.022647308185696602
7740,0.023951781913638115,0.01948034204542637
7741,0.035899173468351364,0.02951822057366371
7742,0.0449325367808342,0.03927880525588989
7743,0.048525162041187286,0.04587997496128082
7744,0.05179286748170853,0.04180535301566124
7745,0.017362220212817192,0.028839008882641792
7746,0.027458246797323227,0.027072887867689133
7747,0.031746942549943924,0.034691330045461655
7748,0.030683299526572227,0.03197932243347168
7749,0.03688424453139305,0.025836536660790443
7750,0.016687046736478806,0.013653385452926159
7751,0.02780349925160408,0.0171918086707592
7752,0.03548363968729973,0.010029412806034088
7753,0.02431335113942623,0.018982717767357826
7754,0.04174365848302841,0.034211672842502594
7755,0.04226639121770859,0.046405941247940063
7756,0.04244890436530113,0.04628343507647514
7757,0.06245823949575424,0.052045226097106934
7758,0.05408545956015587,0.04752065986394882
7759,0.04182863608002663,0.029820671305060387
7760,0.05222879722714424,0.04715757071971893
7761,0.05477973073720932,0.06382936239242554
7762,0.07711686193943024,0.06741461157798767
7763,0.057806648313999176,0.055671099573373795
7764,0.06067085266113281,0.05540626496076584
7765,0.05333058908581734,0.05025297775864601
7766,0.049279335886240005,0.03269714117050171
7767,0.04367055371403694,0.03921356797218323
7768,0.050122227519750595,0.04532363638281822
7769,0.052210286259651184,0.045858170837163925
7770,0.04392457380890846,0.046407364308834076
7771,0.03270399942994118,0.020276274532079697
7772,0.03447851911187172,0.013042128644883633
7773,0.023291798308491707,0.01429413165897131
7774,0.0162361953407526,0.0038735168054699898
7775,0.01753447763621807,0.017998680472373962
7776,0.041295651346445084,0.038553155958652496
7777,0.04303267225623131,0.04071781784296036
7778,0.03945409134030342,0.03330421447753906
7779,0.04586562514305115,0.045997027307748795
7780,0.05171658843755722,0.04717066138982773
7781,0.054021306335926056,0.047986287623643875
7782,0.048770587891340256,0.05534122884273529
7783,0.06010448932647705,0.05974316969513893
7784,0.06784957647323608,0.06255939602851868
7785,0.052915047854185104,0.05017659813165665
7786,0.051448285579681396,0.05228600651025772
7787,0.054919060319662094,0.044088300317525864
7788,0.05805386230349541,0.03215685114264488
7789,0.04741239547729492,0.04801730439066887
7790,0.054846420884132385,0.057432081550359726
7791,0.07361309975385666,0.05665212497115135
7792,0.0728866308927536,0.08407828211784363
7793,0.0702986940741539,0.05985892936587334
7794,0.07165089249610901,0.0735749825835228
7795,0.07440206408500671,0.05980129539966583
7796,0.06136350333690643,0.0447910912334919
7797,0.04541966691613197,0.05756358802318573
7798,0.055011581629514694,0.043524593114852905
7799,0.058988798409700394,0.042595453560352325
7800,0.046677861362695694,0.031405720859766006
7801,0.047051407396793365,0.05028185248374939
7802,0.04979649558663368,0.06032546982169151
7803,0.05211637169122696,0.03999479115009308
7804,0.04479450359940529,0.04001079127192497
7805,0.049870651215314865,0.04399591684341431
7806,0.06658565998077393,0.06235823035240173
7807,0.059790682047605515,0.046022266149520874
7808,0.07057888805866241,0.0651141032576561
7809,0.04579693078994751,0.0354253351688385
7810,0.06188037991523743,0.056330859661102295
7811,0.06488208472728729,0.058383114635944366
7812,0.053494133055210114,0.05594192445278168
7813,0.05686601996421814,0.052814558148384094
7814,0.045893292874097824,0.04922066628932953
7815,0.038714922964572906,0.02521490305662155
7816,0.028902487829327583,0.03346719965338707
7817,0.036441631615161896,0.04004177078604698
7818,0.06410455703735352,0.05649486184120178
7819,0.05729749798774719,0.03902602195739746
7820,0.0692567452788353,0.06288411468267441
7821,0.061580535024404526,0.05507311224937439
7822,0.05778668075799942,0.054065532982349396
7823,0.05580740422010422,0.05470193549990654
7824,0.04291877895593643,0.0320010706782341
7825,0.028879718855023384,0.016071725636720657
7826,0.01759563945233822,0.0026020980440080166
7827,0.0006933514378033578,0.0031734067015349865
7828,0.0032463516108691692,0.009002978913486004
7829,0.0411832332611084,0.040037110447883606
7830,0.04003022238612175,0.025268105790019035
7831,0.03763490915298462,0.018759645521640778
7832,0.053410835564136505,0.03952619805932045
7833,0.027807915583252907,0.02839779667556286
7834,0.028856955468654633,0.02373260073363781
7835,0.04127927124500275,0.023739883676171303
7836,0.015318128280341625,0.010937702842056751
7837,0.025505300611257553,0.009159361943602562
7838,0.03911568224430084,0.04458341374993324
7839,0.049591854214668274,0.029352188110351562
7840,0.04798955097794533,0.06444966793060303
7841,0.08239423483610153,0.08408603817224503
7842,0.08346275985240936,0.07158835232257843
7843,0.06496646255254745,0.05975005403161049
7844,0.05203878879547119,0.040446288883686066
7845,0.038154371082782745,0.031768132001161575
7846,0.03936008736491203,0.043814726173877716
7847,0.049795400351285934,0.039285868406295776
7848,0.036178264766931534,0.036544982343912125
7849,0.04448974132537842,0.033371005207300186
7850,0.04223380982875824,0.040858808904886246
7851,0.03933175653219223,0.038254108279943466
7852,0.0401955284178257,0.031828150153160095
7853,0.03681458160281181,0.03620477765798569
7854,0.035850223153829575,0.03247281163930893
7855,0.029059845954179764,0.030242376029491425
7856,0.02415420301258564,0.021938340738415718
7857,0.0350928008556366,0.022370319813489914
7858,0.03227224573493004,0.03010396473109722
7859,0.05669914558529854,0.044626180082559586
7860,0.05482263118028641,0.04857976734638214
7861,0.060113489627838135,0.053526170551776886
7862,0.05667104572057724,0.05612621456384659
7863,0.05779929459095001,0.053197938948869705
7864,0.05918801575899124,0.06825648993253708
7865,0.06784293055534363,0.0586092472076416
7866,0.059706032276153564,0.035608574748039246
7867,0.05072803795337677,0.04454463720321655
7868,0.03606550768017769,0.041769128292798996
7869,0.05356968194246292,0.0482957549393177
7870,0.07734279334545135,0.0628567785024643
7871,0.06874637305736542,0.05425869673490524
7872,0.06567133963108063,0.04228131100535393
7873,0.053803056478500366,0.05524652451276779
7874,0.0653497576713562,0.051818691194057465
7875,0.040104031562805176,0.04659859091043472
7876,0.04444057494401932,0.053625352680683136
7877,0.07138044387102127,0.0523063950240612
7878,0.04610203206539154,0.04331403225660324
7879,0.043863266706466675,0.040002379566431046
7880,0.05535271391272545,0.04042038694024086
7881,0.04458364471793175,0.03455764800310135
7882,0.04492893069982529,0.05151687189936638
7883,0.05770732834935188,0.048469673842191696
7884,0.0499083586037159,0.030780108645558357
7885,0.036627862602472305,0.02672874741256237
7886,0.03871171176433563,0.04072359949350357
7887,0.04791838303208351,0.04112120345234871
7888,0.031052205711603165,0.03432617336511612
7889,0.04333331435918808,0.03540978580713272
7890,0.039663735777139664,0.04643038287758827
7891,0.051835909485816956,0.056339796632528305
7892,0.07093766331672668,0.06826896965503693
7893,0.07576415687799454,0.07365468144416809
7894,0.08380254358053207,0.07521996647119522
7895,0.07273033261299133,0.05619746446609497
7896,0.06817926466464996,0.06297801434993744
7897,0.0716567263007164,0.05693337693810463
7898,0.07407893985509872,0.06903151422739029
7899,0.07572244852781296,0.06683444231748581
7900,0.07351911813020706,0.05381053313612938
7901,0.053874511271715164,0.06273330003023148
7902,0.04923199117183685,0.05173930898308754
7903,0.06449374556541443,0.05414562299847603
7904,0.03851555287837982,0.025422589853405952
7905,0.01611134223639965,4.782739051734097e-05
7906,0.021113554015755653,0.01653566211462021
7907,0.03901785984635353,0.030662506818771362
7908,0.04364516958594322,0.04770055040717125
7909,0.04554208740592003,0.034854017198085785
7910,0.038733288645744324,0.027155335992574692
7911,0.05389013886451721,0.04402589052915573
7912,0.056637682020664215,0.05405239388346672
7913,0.07301036268472672,0.05955996736884117
7914,0.06286577135324478,0.060052014887332916
7915,0.06508137285709381,0.05865959823131561
7916,0.05426684767007828,0.045263562351465225
7917,0.028498930856585503,0.030184246599674225
7918,0.048536092042922974,0.04955878481268883
7919,0.04923032596707344,0.032982904464006424
7920,0.05348023772239685,0.04270394891500473
7921,0.07160945236682892,0.04610560089349747
7922,0.06399300694465637,0.05648674815893173
7923,0.06016845256090164,0.0484495609998703
7924,0.06694722920656204,0.056599415838718414
7925,0.06735626608133316,0.0663566067814827
7926,0.057889845222234726,0.04867986589670181
7927,0.04910507798194885,0.04094747453927994
7928,0.046777110546827316,0.048013702034950256
7929,0.05278107896447182,0.05016975849866867
7930,0.05723319947719574,0.054220572113990784
7931,0.060062337666749954,0.03993704542517662
7932,0.04226505011320114,0.0357922725379467
7933,0.05395285785198212,0.03525223955512047
7934,0.03500502556562424,0.020499279722571373
7935,0.05083492398262024,0.03832123801112175
7936,0.02999136969447136,0.028283530846238136
7937,0.02337183617055416,0.021286819130182266
7938,0.04332157224416733,0.025658663362264633
7939,0.046610910445451736,0.035683054476976395
7940,0.05428982898592949,0.04240882396697998
7941,0.0586126372218132,0.05153287202119827
7942,0.042067039757966995,0.02852162905037403
7943,0.045678045600652695,0.0403481125831604
7944,0.06166607514023781,0.0464249923825264
7945,0.03957991302013397,0.027161601930856705
7946,0.051040712743997574,0.05035635456442833
7947,0.03637290000915527,0.04057018458843231
7948,0.05401773005723953,0.048155348747968674
7949,0.06667471677064896,0.05371236428618431
7950,0.03861197829246521,0.019825110211968422
7951,0.01960841752588749,0.01647578552365303
7952,0.04290429502725601,0.040372420102357864
7953,0.053980980068445206,0.05480968952178955
7954,0.045074500143527985,0.04111858084797859
7955,0.046499475836753845,0.05028177425265312
7956,0.03372489660978317,0.014140632003545761
7957,0.02071494050323963,0.01128287985920906
7958,0.02444516122341156,0.01172495074570179
7959,0.010526243597269058,0.01605960913002491
7960,0.019050510600209236,0.02896951697766781
7961,0.04100462794303894,0.047235194593667984
7962,0.049867723137140274,0.04322100058197975
7963,0.054297514259815216,0.04141465201973915
7964,0.04333159700036049,0.03398584574460983
7965,0.054786525666713715,0.04515713080763817
7966,0.04282845929265022,0.03268490731716156
7967,0.036671560257673264,0.008947450667619705
7968,0.00877870712429285,0.0018700440414249897
7969,0.03142126277089119,0.01280128862708807
7970,0.011323656886816025,-0.010963859967887402
7971,0.006847239565104246,-0.001424972084350884
7972,0.03837552294135094,0.019578659906983376
7973,0.019810974597930908,0.011754211969673634
7974,0.022303782403469086,0.01968105509877205
7975,0.02997390180826187,0.01686086133122444
7976,0.021411186084151268,0.024487359449267387
7977,0.050991155207157135,0.03898050636053085
7978,0.04048539325594902,0.04354468360543251
7979,0.06704343110322952,0.05905913561582565
7980,0.06001701578497887,0.050921421498060226
7981,0.05738338083028793,0.05413583666086197
7982,0.047170240432024,0.03023071028292179
7983,0.03144398704171181,0.0299194548279047
7984,0.03507346659898758,0.02049916982650757
7985,0.025677723810076714,0.018419699743390083
7986,0.027970261871814728,0.017724839970469475
7987,0.028264058753848076,0.01324466709047556
7988,0.01534359622746706,0.00781425554305315
7989,0.022079529240727425,0.01815970055758953
7990,0.02228306047618389,0.010028628632426262
7991,0.02599172666668892,0.020772768184542656
7992,0.029452040791511536,0.029556840658187866
7993,0.04481875151395798,0.037112846970558167
7994,0.05990103259682655,0.05919906124472618
7995,0.06614653766155243,0.052775148302316666
7996,0.03377174586057663,0.03831254690885544
7997,0.033125873655080795,0.033302851021289825
7998,0.07329432666301727,0.05272925645112991
7999,0.08271605521440506,0.08572933822870255
8000,0.07386386394500732,0.0673801526427269
8001,0.06889686733484268,0.06293914467096329
8002,0.05964700132608414,0.04782000556588173
8003,0.07127516716718674,0.053614091128110886
8004,0.05074020102620125,0.03832007944583893
8005,0.027767464518547058,0.021630169823765755
8006,0.0597558431327343,0.05256697162985802
8007,0.06540217995643616,0.06276418268680573
8008,0.06892158091068268,0.06224098429083824
8009,0.0730380117893219,0.07146154344081879
8010,0.06815794110298157,0.054834913462400436
8011,0.05834716185927391,0.034087203443050385
8012,0.05486706644296646,0.051858194172382355
8013,0.05492303520441055,0.04415610805153847
8014,0.053314562886953354,0.047669462859630585
8015,0.05322768911719322,0.04370742291212082
8016,0.06655628979206085,0.05666917562484741
8017,0.0588618740439415,0.051111847162246704
8018,0.057404614984989166,0.04828082397580147
8019,0.06497324258089066,0.05678349733352661
8020,0.05660954490303993,0.04359760135412216
8021,0.058992207050323486,0.05397557094693184
8022,0.050621066242456436,0.05374955013394356
8023,0.06064745411276817,0.04495154693722725
8024,0.03241415694355965,0.03670068457722664
8025,0.04070635885000229,0.02833467908203602
8026,0.02629629336297512,0.031652845442295074
8027,0.05084623396396637,0.06026751920580864
8028,0.06793098151683807,0.06326862424612045
8029,0.08024413883686066,0.06900588423013687
8030,0.07580113410949707,0.06532236188650131
8031,0.04481886327266693,0.04394146427512169
8032,0.059112247079610825,0.057341136038303375
8033,0.05638939514756203,0.04651394858956337
8034,0.03616492077708244,0.029564108699560165
8035,0.042145997285842896,0.036180440336465836
8036,0.043663639575242996,0.0343390591442585
8037,0.046602942049503326,0.037613365799188614
8038,0.058433033525943756,0.0695318728685379
8039,0.05412069335579872,0.045225728303194046
8040,0.03316307067871094,0.034764353185892105
8041,0.06324425339698792,0.05457733944058418
8042,0.04632217064499855,0.04252472147345543
8043,0.0420408770442009,0.025657324120402336
8044,0.03215295076370239,0.02441147342324257
8045,0.03247009962797165,0.013632289133965969
8046,0.0058706155978143215,0.008251787163317204
8047,0.017339129000902176,0.01535723265260458
8048,0.052595753222703934,0.04119786620140076
8049,0.04776930436491966,0.048448726534843445
8050,0.05168822407722473,0.05138256773352623
8051,0.04293021187186241,0.033864181488752365
8052,0.06473872065544128,0.054465897381305695
8053,0.05828431248664856,0.03823511302471161
8054,0.03903496265411377,0.03139849007129669
8055,0.04671955853700638,0.04255518689751625
8056,0.07292281836271286,0.046230070292949677
8057,0.05334433168172836,0.044595878571271896
8058,0.047994215041399,0.05272582545876503
8059,0.05588488653302193,0.03246437385678291
8060,0.04936554282903671,0.04191954433917999
8061,0.04436447098851204,0.028315450996160507
8062,0.04855974018573761,0.05121256411075592
8063,0.06073504313826561,0.0448308028280735
8064,0.05215968191623688,0.044110022485256195
8065,0.05147640034556389,0.044218022376298904
8066,0.040524475276470184,0.040703244507312775
8067,0.048415716737508774,0.029233155772089958
8068,0.041217587888240814,0.03543615713715553
8069,0.03940470516681671,0.037431392818689346
8070,0.05238182097673416,0.06404120475053787
8071,0.04359145835042,0.04084550216794014
8072,0.0519840344786644,0.03572186827659607
8073,0.04318602383136749,0.055564116686582565
8074,0.061205632984638214,0.05658925697207451
8075,0.052503060549497604,0.05112215876579285
8076,0.059838686138391495,0.05903097614645958
8077,0.044226061552762985,0.04622923582792282
8078,0.04193414747714996,0.03137977793812752
8079,0.04071144759654999,0.022764215245842934
8080,0.03277120739221573,0.032624367624521255
8081,0.05561215430498123,0.04090806841850281
8082,0.03482964262366295,0.022636711597442627
8083,0.031515102833509445,0.01255989633500576
8084,0.023208320140838623,0.03665553405880928
8085,0.04248729720711708,0.03770923241972923
8086,0.029124686494469643,0.017853302881121635
8087,0.03416299819946289,0.009767282754182816
8088,0.029436804354190826,0.03415288031101227
8089,0.043102510273456573,0.030431998893618584
8090,0.04468977823853493,0.039482440799474716
8091,0.03901100158691406,0.03085896000266075
8092,0.04887406527996063,0.04583464562892914
8093,0.05914025753736496,0.06711960583925247
8094,0.07717704772949219,0.07084973156452179
8095,0.05755835026502609,0.051349133253097534
8096,0.05501541122794151,0.046679068356752396
8097,0.052234288305044174,0.03454037010669708
8098,0.06444282829761505,0.05332508683204651
8099,0.046769075095653534,0.04172040522098541
8100,0.055252064019441605,0.03909542039036751
8101,0.06526298820972443,0.05155671387910843
8102,0.04755007475614548,0.04485822096467018
8103,0.06841878592967987,0.06355727463960648
8104,0.04358142614364624,0.04785420373082161
8105,0.0547916553914547,0.05211322009563446
8106,0.04416501894593239,0.0307945366948843
8107,0.04950619116425514,0.0357993058860302
8108,0.053068872541189194,0.0525045208632946
8109,0.05381656810641289,0.04198279231786728
8110,0.049072541296482086,0.04044643044471741
8111,0.04700431600213051,0.048534080386161804
8112,0.06483840197324753,0.05145293101668358
8113,0.05905846133828163,0.05536683648824692
8114,0.05893949419260025,0.05295214056968689
8115,0.05792069807648659,0.042914073914289474
8116,0.028102871030569077,0.02104049362242222
8117,0.01921198144555092,0.00979321077466011
8118,0.03844312205910683,0.033197835087776184
8119,0.04252022132277489,0.05093095824122429
8120,0.04774371162056923,0.04220671206712723
8121,0.07274186611175537,0.07015085220336914
8122,0.06249544024467468,0.061110969632864
8123,0.081325002014637,0.05643365904688835
8124,0.06801138073205948,0.05869976058602333
8125,0.05514691770076752,0.05490266531705856
8126,0.05455086752772331,0.04671269655227661
8127,0.05206627398729324,0.06182246282696724
8128,0.0912420004606247,0.06308693438768387
8129,0.060585182160139084,0.05397459864616394
8130,0.043292973190546036,0.028549641370773315
8131,0.020015768706798553,0.018548892810940742
8132,0.028175415471196175,0.024318505078554153
8133,0.03527421876788139,0.016952987760305405
8134,0.038289874792099,0.024665601551532745
8135,0.026386987417936325,-0.0022884260397404432
8136,0.02824026718735695,0.016054954379796982
8137,0.0016089255223050714,-0.0034754881635308266
8138,0.029250260442495346,0.037488389760255814
8139,0.03384053334593773,0.03199238330125809
8140,0.021868614479899406,0.009556694887578487
8141,0.037772685289382935,0.01672978512942791
8142,0.044820621609687805,0.04415171965956688
8143,0.03253442421555519,0.011954844929277897
8144,0.027920030057430267,0.02928926981985569
8145,0.034402456134557724,0.024536041542887688
8146,0.034811392426490784,0.008526681922376156
8147,0.024515895172953606,0.023460788652300835
8148,0.03819402679800987,0.0562165230512619
8149,0.0656106173992157,0.0882892832159996
8150,0.09011651575565338,0.08215954154729843
8151,0.07019469887018204,0.06149739772081375
8152,0.06375990808010101,0.05188409984111786
8153,0.0695553719997406,0.06234323978424072
8154,0.07123754918575287,0.05565217509865761
8155,0.05154693126678467,0.04477465897798538
8156,0.04171636328101158,0.03272354230284691
8157,0.040932442992925644,0.040307629853487015
8158,0.03727089613676071,0.03734537959098816
8159,0.046201564371585846,0.04065091535449028
8160,0.045569390058517456,0.026232978329062462
8161,0.029255365952849388,0.02355806715786457
8162,0.0322260856628418,0.02776498533785343
8163,0.03904857859015465,0.024992339313030243
8164,0.027184782549738884,0.024674933403730392
8165,0.04810625687241554,0.04269275814294815
8166,0.05242825672030449,0.045651648193597794
8167,0.0668702945113182,0.07098938524723053
8168,0.07750871032476425,0.06991944462060928
8169,0.06333338469266891,0.03855549544095993
8170,0.040163636207580566,0.03305934742093086
8171,0.055857617408037186,0.046332258731126785
8172,0.06127876788377762,0.05131988972425461
8173,0.06433441489934921,0.04797431826591492
8174,0.05871621146798134,0.04798067733645439
8175,0.04603445902466774,0.0315416157245636
8176,0.021158462390303612,0.023131076246500015
8177,0.03747153654694557,0.03145661950111389
8178,0.058672551065683365,0.061657726764678955
8179,0.05583510175347328,0.04467057064175606
8180,0.04825383797287941,0.03157483786344528
8181,0.04563967511057854,0.03793904557824135
8182,0.03594711422920227,0.036909319460392
8183,0.05405537784099579,0.03698698803782463
8184,0.048854127526283264,0.04456917569041252
8185,0.046142131090164185,0.03802139312028885
8186,0.03749347850680351,0.01601482182741165
8187,0.05192499980330467,0.04597568139433861
8188,0.065532386302948,0.05409545823931694
8189,0.05934954434633255,0.04101627692580223
8190,0.04230615869164467,0.03700696676969528
8191,0.05483024939894676,0.05431973934173584
8192,0.05620348080992699,0.05414532870054245
8193,0.05215757340192795,0.05019330605864525
8194,0.055011965334415436,0.055212050676345825
8195,0.03897225484251976,0.01936715841293335
8196,0.03895818442106247,0.03526138886809349
8197,0.033101439476013184,0.026155581697821617
8198,0.04268789291381836,0.04428965225815773
8199,0.04959334805607796,0.0415346585214138
8200,0.05113727226853371,0.0383605919778347
8201,0.05841183662414551,0.05233524739742279
8202,0.06549159437417984,0.06562992930412292
8203,0.07148966938257217,0.054338425397872925
8204,0.06309172511100769,0.0565023198723793
8205,0.06683114171028137,0.058399900794029236
8206,0.05187413841485977,0.0450308658182621
8207,0.05401143059134483,0.03450663387775421
8208,0.03666967898607254,0.0396222285926342
8209,0.06221264973282814,0.04343288391828537
8210,0.07153069972991943,0.0626368373632431
8211,0.07868005335330963,0.058887071907520294
8212,0.0748455822467804,0.058734044432640076
8213,0.061606910079717636,0.05346902459859848
8214,0.04828787222504616,0.03847108781337738
8215,0.0435941107571125,0.035903703421354294
8216,0.039032187312841415,0.03958507254719734
8217,0.04381795600056648,0.017665309831500053
8218,0.03410841524600983,0.0307172778993845
8219,0.056902069598436356,0.05168282985687256
8220,0.07857498526573181,0.06195172294974327
8221,0.061141639947891235,0.058051541447639465
8222,0.07182364165782928,0.06664280593395233
8223,0.06194634735584259,0.056188177317380905
8224,0.04604358971118927,0.04497138783335686
8225,0.06792820990085602,0.056331485509872437
8226,0.05614350736141205,0.06169603392481804
8227,0.06841855496168137,0.052515510469675064
8228,0.05792255327105522,0.043408844619989395
8229,0.06297527253627777,0.05853743851184845
8230,0.05040527880191803,0.041966523975133896
8231,0.0503377690911293,0.047973282635211945
8232,0.04992789775133133,0.04484570026397705
8233,0.04180220887064934,0.035478439182043076
8234,0.03702535480260849,0.026304053142666817
8235,0.03020593896508217,0.028816934674978256
8236,0.03785187751054764,0.04611720144748688
8237,0.05960327386856079,0.04404568672180176
8238,0.05195557698607445,0.04424292966723442
8239,0.046790458261966705,0.051071006804704666
8240,0.06036432832479477,0.05494476109743118
8241,0.05862027779221535,0.05399056151509285
8242,0.05291488394141197,0.06289862841367722
8243,0.0810731053352356,0.07703902572393417
8244,0.08703203499317169,0.07420410960912704
8245,0.06542498618364334,0.05478590354323387
8246,0.03687146678566933,0.02593185193836689
8247,0.04161161556839943,0.03734029084444046
8248,0.0544334314763546,0.03824483975768089
8249,0.03903438523411751,0.021128034219145775
8250,0.04720913618803024,0.03697102144360542
8251,0.04081784188747406,0.02242077700793743
8252,0.03881372511386871,0.027905769646167755
8253,0.028501929715275764,0.02232787385582924
8254,0.059352654963731766,0.05233990401029587
8255,0.06738225370645523,0.055566467344760895
8256,0.04813429340720177,0.03769949823617935
8257,0.04859582707285881,0.030975667759776115
8258,0.04891633614897728,0.03678029403090477
8259,0.0490451380610466,0.04496932774782181
8260,0.01033349521458149,0.002385284285992384
8261,0.014418094418942928,0.007835965603590012
8262,0.05029904097318649,0.02185796946287155
8263,0.03531912341713905,0.04031798243522644
8264,0.033874403685331345,0.01631062664091587
8265,0.05449831485748291,0.06279253214597702
8266,0.05102759972214699,0.041680023074150085
8267,0.04780668392777443,0.051481667906045914
8268,0.04801824688911438,0.04438229650259018
8269,0.04368414357304573,0.033853448927402496
8270,0.04090315103530884,0.03755468502640724
8271,0.04477619752287865,0.034408364444971085
8272,0.06151169538497925,0.05593162402510643
8273,0.0557311549782753,0.04696048051118851
8274,0.06550641357898712,0.05547727644443512
8275,0.06964223086833954,0.06375434994697571
8276,0.06030580773949623,0.062371935695409775
8277,0.08912970870733261,0.06382772326469421
8278,0.06479296088218689,0.052977465093135834
8279,0.04416119307279587,0.04632912948727608
8280,0.05470014363527298,0.053207848221063614
8281,0.03927145525813103,0.043634310364723206
8282,0.04494772478938103,0.029391033574938774
8283,0.030555395409464836,0.0267691221088171
8284,0.06514668464660645,0.042956314980983734
8285,0.04349026083946228,0.03049386478960514
8286,0.045090340077877045,0.04039355739951134
8287,0.034880682826042175,0.028622206300497055
8288,0.03446894511580467,0.0307936929166317
8289,0.04111836478114128,0.02940329909324646
8290,0.039352208375930786,0.047515835613012314
8291,0.04236160218715668,0.03640136495232582
8292,0.04751155897974968,0.053048573434352875
8293,0.05713716894388199,0.05129891261458397
8294,0.03963863104581833,0.021197587251663208
8295,0.03256794810295105,0.03149212524294853
8296,0.026410577818751335,0.027179298922419548
8297,0.04062190651893616,0.05171815678477287
8298,0.052738744765520096,0.053053874522447586
8299,0.05779557302594185,0.04043852165341377
8300,0.0666424036026001,0.048191580921411514
8301,0.05152227357029915,0.03986174613237381
8302,0.04584723711013794,0.042428597807884216
8303,0.06373877823352814,0.046012043952941895
8304,0.03724781796336174,0.03696189448237419
8305,0.04844212159514427,0.03550220653414726
8306,0.037180837243795395,0.03439663350582123
8307,0.03727287799119949,0.021636348217725754
8308,0.01422485988587141,0.019760726019740105
8309,0.02565157040953636,0.020557137206196785
8310,0.015243669040501118,0.011284464038908482
8311,0.024303745478391647,0.010744948871433735
8312,0.012079396285116673,0.0015032554510980844
8313,0.023571891710162163,0.016428591683506966
8314,0.03289084881544113,0.027533026412129402
8315,0.02031436190009117,0.010632705874741077
8316,0.022434115409851074,0.03548692539334297
8317,0.05937127768993378,0.05104735493659973
8318,0.04124720022082329,0.03192298486828804
8319,0.016852885484695435,0.023951955139636993
8320,0.012584025971591473,0.0073105343617498875
8321,0.03998451679944992,0.04318581521511078
8322,0.06227794662117958,0.06828619539737701
8323,0.05781887471675873,0.06638433784246445
8324,0.06141338869929314,0.05091479420661926
8325,0.04727986082434654,0.038247790187597275
8326,0.03711548447608948,0.018047768622636795
8327,0.01647842675447464,0.01526577863842249
8328,0.038214728236198425,0.0352015383541584
8329,0.04579661414027214,0.04748854041099548
8330,0.04787924885749817,0.04838244616985321
8331,0.05932831019163132,0.03914577513933182
8332,0.036640796810388565,0.041306618601083755
8333,0.048323214054107666,0.03851303085684776
8334,0.05464967340230942,0.04148133471608162
8335,0.027301019057631493,0.035680774599313736
8336,0.02139829471707344,0.001338637201115489
8337,0.035129982978105545,0.024905789643526077
8338,0.047181230038404465,0.03970609977841377
8339,0.059905245900154114,0.06482034921646118
8340,0.08148504793643951,0.07362165302038193
8341,0.08549903333187103,0.06833873689174652
8342,0.06536609679460526,0.06812340766191483
8343,0.06264647096395493,0.039258088916540146
8344,0.03625406324863434,0.018951697275042534
8345,0.01801222562789917,0.018114613369107246
8346,0.024432804435491562,0.019375719130039215
8347,0.012341327965259552,0.018171116709709167
8348,0.02971700206398964,0.014240745455026627
8349,0.03901932016015053,0.033402323722839355
8350,0.030814284458756447,0.02834346704185009
8351,0.02772417664527893,0.024043479934334755
8352,0.02630157582461834,0.02885444276034832
8353,0.053087275475263596,0.03894782066345215
8354,0.048371683806180954,0.034406621009111404
8355,0.04212553799152374,0.035331759601831436
8356,0.026957595720887184,0.017366526648402214
8357,0.02463841252028942,0.017598286271095276
8358,0.01354787964373827,0.01913783885538578
8359,0.02282300777733326,0.03215518966317177
8360,0.031264208257198334,0.024431344121694565
8361,0.03910909220576286,0.0386660061776638
8362,0.042385850101709366,0.04830201342701912
8363,0.03742929548025131,0.03413579240441322
8364,0.03756960108876228,0.03014209493994713
8365,0.034459188580513,0.02640056237578392
8366,0.044585950672626495,0.026779137551784515
8367,0.05574566870927811,0.0536409467458725
8368,0.04518023133277893,0.05757958069443703
8369,0.07131936401128769,0.06286195665597916
8370,0.05119827762246132,0.02384132333099842
8371,0.02930849976837635,0.026357654482126236
8372,0.040652256458997726,0.03763064369559288
8373,0.06584825366735458,0.05708476901054382
8374,0.05076732486486435,0.04143445938825607
8375,0.01968616060912609,0.011653115041553974
8376,0.015794746577739716,0.0010087352711707354
8377,0.017148446291685104,0.006051115691661835
8378,0.0292928759008646,0.0300642941147089
8379,0.05124208703637123,0.03960332274436951
8380,0.055394016206264496,0.04513775184750557
8381,0.04111022129654884,0.03588183596730232
8382,0.02905569225549698,0.023081064224243164
8383,0.05211639404296875,0.050346314907073975
8384,0.06280219554901123,0.049005817621946335
8385,0.06102157011628151,0.054822660982608795
8386,0.06858403980731964,0.06411337107419968
8387,0.07966269552707672,0.06215263158082962
8388,0.03742919862270355,0.034382328391075134
8389,0.03083828091621399,0.03243168443441391
8390,0.041030820459127426,0.02920388989150524
8391,0.031710729002952576,0.03016766719520092
8392,0.04357466101646423,0.04648229479789734
8393,0.04987795278429985,0.02199866808950901
8394,0.026779241859912872,0.028168728575110435
8395,0.027578899636864662,0.007969444617629051
8396,0.016328636556863785,0.01590518094599247
8397,0.03304217755794525,0.029755666851997375
8398,0.03225971758365631,0.023199237883090973
8399,0.019907383248209953,0.02608499675989151
8400,0.03905036300420761,0.023644713684916496
8401,0.04181673377752304,0.0393604077398777
8402,0.05387303605675697,0.04856105148792267
8403,0.06135306879878044,0.046795353293418884
8404,0.0625137910246849,0.06597389280796051
8405,0.049527134746313095,0.039411116391420364
8406,0.05546659231185913,0.05560583621263504
8407,0.06735460460186005,0.04692824184894562
8408,0.040871281176805496,0.027436453849077225
8409,0.04202401638031006,0.04838486760854721
8410,0.053505752235651016,0.04750194400548935
8411,0.04869116097688675,0.04538663104176521
8412,0.045001376420259476,0.025433970615267754
8413,0.04985733702778816,0.029196569696068764
8414,0.039267849177122116,0.04865631088614464
8415,0.07745736092329025,0.06639757752418518
8416,0.0717645138502121,0.06188148260116577
8417,0.06353079527616501,0.04959936812520027
8418,0.03292960673570633,0.027305155992507935
8419,0.0319877564907074,0.022037502378225327
8420,0.01689761132001877,0.013869085349142551
8421,0.01960313692688942,0.03110949695110321
8422,0.03907415270805359,0.031017988920211792
8423,0.03253134712576866,0.03295253589749336
8424,0.044943563640117645,0.0373716838657856
8425,0.053189799189567566,0.052965328097343445
8426,0.04510381445288658,0.044401198625564575
8427,0.04498472809791565,0.05050857737660408
8428,0.04663541913032532,0.05613208934664726
8429,0.054903339594602585,0.039106663316488266
8430,0.0412764698266983,0.035527702420949936
8431,0.0437077134847641,0.028062300756573677
8432,0.02367781475186348,0.019657770171761513
8433,0.027819784358143806,0.023479873314499855
8434,0.02952599711716175,0.023043623194098473
8435,0.05135916545987129,0.04402526840567589
8436,0.05234002321958542,0.03818748518824577
8437,0.041304655373096466,0.037981390953063965
8438,0.03307899460196495,0.028299476951360703
8439,0.034462448209524155,0.03429329767823219
8440,0.043098196387290955,0.04381834343075752
8441,0.050248511135578156,0.05439633131027222
8442,0.05580034852027893,0.040896281599998474
8443,0.049954745918512344,0.05593981593847275
8444,0.06408999115228653,0.049418576061725616
8445,0.04963592067360878,0.050929099321365356
8446,0.03720086067914963,0.03675422444939613
8447,0.04231279715895653,0.04411816596984863
8448,0.053656112402677536,0.05729585140943527
8449,0.04782577231526375,0.05540689453482628
8450,0.05510203540325165,0.047236062586307526
8451,0.05167214944958687,0.041507650166749954
8452,0.04219185933470726,0.03923080116510391
8453,0.06457144767045975,0.04470019042491913
8454,0.06116705760359764,0.059852827340364456
8455,0.05508863180875778,0.043256647884845734
8456,0.06264877319335938,0.060887645930051804
8457,0.044205740094184875,0.03273211419582367
8458,0.03261731192469597,0.017557306215167046
8459,0.030881870537996292,0.03112245723605156
8460,0.027526864781975746,0.027507543563842773
8461,0.047479767352342606,0.038155604153871536
8462,0.03467155247926712,-0.00027629625401459634
8463,0.01821974851191044,0.007427822332829237
8464,0.028686966747045517,0.01710471138358116
8465,0.029207471758127213,0.029429225251078606
8466,0.01697707735002041,0.012526930309832096
8467,0.02376001514494419,0.020516857504844666
8468,0.03369946777820587,0.03334657475352287
8469,0.04723387956619263,0.04492120444774628
8470,0.052476149052381516,0.047518592327833176
8471,0.055039916187524796,0.043797608464956284
8472,0.054291848093271255,0.0472661517560482
8473,0.04780839383602142,0.04312092438340187
8474,0.061730023473501205,0.04845011606812477
8475,0.05500940978527069,0.04098113626241684
8476,0.043318990617990494,0.035479266196489334
8477,0.04724101722240448,0.05798307806253433
8478,0.04745423048734665,0.038754940032958984
8479,0.04916185885667801,0.04420536383986473
8480,0.06034029275178909,0.04689453914761543
8481,0.0728018507361412,0.07530713081359863
8482,0.05264497175812721,0.049247656017541885
8483,0.06049296632409096,0.05491301044821739
8484,0.062035202980041504,0.05639582499861717
8485,0.051136087626218796,0.04788868874311447
8486,0.05588405579328537,0.042188722640275955
8487,0.02562568709254265,0.004272886086255312
8488,0.01233996544033289,0.014004572294652462
8489,0.022029703482985497,0.008392564952373505
8490,0.01681477203965187,0.012607451528310776
8491,0.02474832348525524,0.03697706758975983
8492,0.04680665209889412,0.03181035816669464
8493,0.04012557119131088,0.041804924607276917
8494,0.03383611887693405,0.037802040576934814
8495,0.054167523980140686,0.04751130938529968
8496,0.059413645416498184,0.05735224112868309
8497,0.04920484125614166,0.026465393602848053
8498,0.03151293471455574,0.019691335037350655
8499,0.02582434006035328,0.012424744665622711
8500,0.02040056698024273,0.03073820099234581
8501,0.03659966588020325,0.03298575431108475
8502,0.04747748374938965,0.04200784116983414
8503,0.04625164717435837,0.038347065448760986
8504,0.05017171427607536,0.030999481678009033
8505,0.066111259162426,0.051119063049554825
8506,0.029156815260648727,0.021211795508861542
8507,0.042396288365125656,0.03484063223004341
8508,0.03839576989412308,0.027621539309620857
8509,0.061690423637628555,0.060115717351436615
8510,0.07001803815364838,0.06595737487077713
8511,0.06289873272180557,0.06105118617415428
8512,0.04914966598153114,0.03354562446475029
8513,0.04038942605257034,0.035004545003175735
8514,0.05360668897628784,0.04898025467991829
8515,0.049435146152973175,0.04655810073018074
8516,0.04439961165189743,0.04200940951704979
8517,0.040180008858442307,0.026770373806357384
8518,0.03363753855228424,0.01958061382174492
8519,0.04178314283490181,0.021607590839266777
8520,0.04423275217413902,0.03795023635029793
8521,0.056562189012765884,0.07509995251893997
8522,0.05881883203983307,0.04898964986205101
8523,0.05937071144580841,0.05701106786727905
8524,0.07047279924154282,0.064162977039814
8525,0.06974396854639053,0.06298534572124481
8526,0.07527322322130203,0.06329892575740814
8527,0.07382842898368835,0.06086565554141998
8528,0.05778897553682327,0.05147141218185425
8529,0.06612333655357361,0.05785886570811272
8530,0.04813098907470703,0.04630671441555023
8531,0.0231905747205019,0.021384628489613533
8532,0.053077444434165955,0.03536076098680496
8533,0.03923337534070015,0.028222523629665375
8534,0.051862530410289764,0.06003648787736893
8535,0.06228301301598549,0.05382157862186432
8536,0.061367932707071304,0.046607743948698044
8537,0.052662964910268784,0.05688897892832756
8538,0.05399169400334358,0.04465536028146744
8539,0.047399405390024185,0.036941926926374435
8540,0.03356024995446205,0.012720725499093533
8541,0.03107701614499092,0.021765004843473434
8542,0.006082531064748764,0.014150809496641159
8543,0.03137639909982681,0.007931354455649853
8544,0.014857233501970768,0.01422119140625
8545,0.011443535797297955,0.007952340878546238
8546,0.016662830486893654,0.006862347479909658
8547,0.041385434567928314,0.025473859161138535
8548,0.032766472548246384,0.0487915575504303
8549,0.03895590081810951,0.030253944918513298
8550,0.03760503977537155,0.01837761141359806
8551,0.038176700472831726,0.036684583872556686
8552,0.049936987459659576,0.038587890565395355
8553,0.03171218931674957,0.019719120115041733
8554,0.032312266528606415,0.015621840953826904
8555,0.035226497799158096,0.027118952944874763
8556,0.03520707041025162,0.032777268439531326
8557,0.048940882086753845,0.02996762841939926
8558,0.03133334964513779,0.01655672863125801
8559,0.033866334706544876,0.038254715502262115
8560,0.03148236125707626,0.023420164361596107
8561,0.03452290967106819,0.02774251066148281
8562,0.04710306599736214,0.04576579108834267
8563,0.05878567695617676,0.052059005945920944
8564,0.06403525918722153,0.06959636509418488
8565,0.06107117608189583,0.06668137013912201
8566,0.06534673273563385,0.04416968300938606
8567,0.03758780285716057,0.024514678865671158
8568,0.03181421384215355,0.028554338961839676
8569,0.06441567838191986,0.04315713047981262
8570,0.022851793095469475,0.022685354575514793
8571,0.04127601161599159,0.03474246338009834
8572,0.022697752341628075,0.007787324953824282
8573,0.02278301864862442,0.026192709803581238
8574,0.019218241795897484,0.01503821276128292
8575,0.03696003183722496,0.03455530107021332
8576,0.04598087817430496,0.044052980840206146
8577,0.056589704006910324,0.042172133922576904
8578,0.04954884946346283,0.044221553951501846
8579,0.026728976517915726,0.022852333262562752
8580,0.04502002149820328,0.02931341901421547
8581,0.024749618023633957,0.012225628830492496
8582,0.033373765647411346,0.026670021936297417
8583,0.0301791001111269,0.024588024243712425
8584,0.028618836775422096,0.01851564645767212
8585,0.031228110194206238,0.007716604042798281
8586,0.038518570363521576,0.024318872019648552
8587,0.030811160802841187,0.022789116948843002
8588,0.02546505630016327,0.036258384585380554
8589,0.040698032826185226,0.02675775997340679
8590,0.04065895453095436,0.04776756092905998
8591,0.05774402990937233,0.03984086960554123
8592,0.02661462500691414,0.029825953766703606
8593,0.04969458281993866,0.04334826022386551
8594,0.04704977571964264,0.024548659101128578
8595,0.030634846538305283,0.017271630465984344
8596,0.025338277220726013,0.024276260286569595
8597,0.039234086871147156,0.03810073435306549
8598,0.05056338384747505,0.044614288955926895
8599,0.04925588518381119,0.042164430022239685
8600,0.05608797073364258,0.046458322554826736
8601,0.04534458741545677,0.05119872838258743
8602,0.07679148018360138,0.07274037599563599
8603,0.06997255235910416,0.05590353533625603
8604,0.044119156897068024,0.04378940910100937
8605,0.04894433543086052,0.03994511812925339
8606,0.04749024659395218,0.0229811891913414
8607,0.017733054235577583,0.005855203606188297
8608,0.00536747882142663,0.0005178091232664883
8609,0.009749356657266617,0.026881134137511253
8610,0.03700021654367447,0.04162575304508209
8611,0.04878496378660202,0.05424458906054497
8612,0.056505389511585236,0.04619073495268822
8613,0.0310262031853199,0.03178931772708893
8614,0.02666255459189415,0.025813080370426178
8615,0.05662260949611664,0.04391321539878845
8616,0.06664061546325684,0.06848213076591492
8617,0.053165655583143234,0.046385087072849274
8618,0.05021851137280464,0.045523785054683685
8619,0.047881171107292175,0.04066978394985199
8620,0.03943898528814316,0.031477540731430054
8621,0.0529809445142746,0.05062134191393852
8622,0.05483139306306839,0.051019031554460526
8623,0.047006312757730484,0.044233135879039764
8624,0.03859255462884903,0.03677371144294739
8625,0.042625997215509415,0.043707460165023804
8626,0.04775901883840561,0.0445219911634922
8627,0.08178269863128662,0.07187363505363464
8628,0.06396166235208511,0.03870940953493118
8629,0.06085566058754921,0.052335046231746674
8630,0.05334411561489105,0.02847316674888134
8631,0.042708925902843475,0.03274353966116905
8632,0.04896700754761696,0.04007946327328682
8633,0.03615066781640053,0.026585794985294342
8634,0.0351162925362587,0.02595333755016327
8635,0.054288119077682495,0.0343019962310791
8636,0.051314935088157654,0.0463932640850544
8637,0.06655193120241165,0.061241090297698975
8638,0.06164320558309555,0.05254467949271202
8639,0.06658335030078888,0.06718762218952179
8640,0.06616267561912537,0.06259393692016602
8641,0.07902882993221283,0.06946805119514465
8642,0.08532071858644485,0.0667148008942604
8643,0.05700143054127693,0.0480613112449646
8644,0.055637177079916,0.04633336141705513
8645,0.057803839445114136,0.052625615149736404
8646,0.0632118284702301,0.06238147243857384
8647,0.06845078617334366,0.06524328142404556
8648,0.0658721849322319,0.04726162925362587
8649,0.03899989277124405,0.036537423729896545
8650,0.04178236052393913,0.031288452446460724
8651,0.07932519912719727,0.06390850245952606
8652,0.040357496589422226,0.03349751979112625
8653,0.0534142442047596,0.03685763478279114
8654,0.04337752237915993,0.034395940601825714
8655,0.05037620663642883,0.03908436745405197
8656,0.037065181881189346,0.03719928860664368
8657,0.03509073331952095,0.03113410621881485
8658,0.026803776621818542,0.02247186005115509
8659,0.01689409278333187,0.011235161684453487
8660,0.000613640935625881,-0.0005786317051388323
8661,0.006836801301687956,-0.003393712220713496
8662,0.02569643408060074,0.027472734451293945
8663,0.03860306739807129,0.038660019636154175
8664,0.056696001440286636,0.049412280321121216
8665,0.055080611258745193,0.05101265758275986
8666,0.07057756930589676,0.060513559728860855
8667,0.06693180650472641,0.06213466450572014
8668,0.08898832648992538,0.08417964726686478
8669,0.08183130621910095,0.0709877535700798
8670,0.07308045774698257,0.0704500749707222
8671,0.057265788316726685,0.06067070737481117
8672,0.06369652599096298,0.05692514404654503
8673,0.03694361448287964,0.03516028821468353
8674,0.05197088047862053,0.051020585000514984
8675,0.05587083101272583,0.03873820602893829
8676,0.050512656569480896,0.04849070683121681
8677,0.051296234130859375,0.056745681911706924
8678,0.044024210423231125,0.05075204372406006
8679,0.055256087332963943,0.0495377853512764
8680,0.03820003941655159,0.041371311992406845
8681,0.05550988018512726,0.05525447428226471
8682,0.052622538059949875,0.04468197375535965
8683,0.0590815395116806,0.04337913170456886
8684,0.049026355147361755,0.029781430959701538
8685,0.03188131004571915,0.017389418557286263
8686,0.020059579983353615,0.019627172499895096
8687,0.029560094699263573,0.025116823613643646
8688,0.02517825923860073,0.025658881291747093
8689,0.057574037462472916,0.04796767234802246
8690,0.06793291121721268,0.06421499699354172
8691,0.059556279331445694,0.0541231706738472
8692,0.04741926118731499,0.046216223388910294
8693,0.03170328587293625,0.03746114671230316
8694,0.040573228150606155,0.03286140412092209
8695,0.03643466532230377,0.027311794459819794
8696,0.04115745797753334,0.04334818944334984
8697,0.05090095102787018,0.050731360912323
8698,0.03720693662762642,0.02211165428161621
8699,0.04790860414505005,0.04228612780570984
8700,0.04548763856291771,0.04068795591592789
8701,0.04715567082166672,0.04264003783464432
8702,0.03463653847575188,0.026399705559015274
8703,0.04116446524858475,0.030449718236923218
8704,0.03904059901833534,0.0352749265730381
8705,0.04855278134346008,0.032421112060546875
8706,0.04350876063108444,0.03437540680170059
8707,0.05056387931108475,0.030952278524637222
8708,0.03203214704990387,0.007475034799426794
8709,0.012445601634681225,-0.0030757940839976072
8710,0.008838514797389507,0.012323849834501743
8711,0.02196262590587139,0.01616079732775688
8712,0.02142207883298397,0.03555327653884888
8713,0.033379219472408295,0.03333944082260132
8714,0.03473351150751114,0.03266431391239166
8715,0.05280476063489914,0.057163022458553314
8716,0.0504748597741127,0.040041834115982056
8717,0.04102659597992897,0.031904399394989014
8718,0.03031434305012226,0.026413071900606155
8719,0.037153106182813644,0.03226345404982567
8720,0.03471475839614868,0.037267688661813736
8721,0.037506453692913055,0.03566180169582367
8722,0.032762687653303146,0.014482768252491951
8723,0.048272181302309036,0.041759248822927475
8724,0.06421724706888199,0.058608606457710266
8725,0.05430227145552635,0.045347243547439575
8726,0.060543011873960495,0.0711798295378685
8727,0.06676540523767471,0.06670080125331879
8728,0.04859045147895813,0.04153638705611229
8729,0.06359431147575378,0.060383401811122894
8730,0.07479850202798843,0.06405849009752274
8731,0.070036381483078,0.04977034404873848
8732,0.052558429539203644,0.045324284583330154
8733,0.050136860460042953,0.050321076065301895
8734,0.05092382803559303,0.03631033003330231
8735,0.04749191924929619,0.032810989767313004
8736,0.050274092704057693,0.05772861838340759
8737,0.06254054605960846,0.05314739793539047
8738,0.044971246272325516,0.04513987898826599
8739,0.05525536462664604,0.04920926317572594
8740,0.05483723059296608,0.0553593747317791
8741,0.06985683739185333,0.050148747861385345
8742,0.04984929785132408,0.05012359097599983
8743,0.06442583352327347,0.05918683111667633
8744,0.057444002479314804,0.04451434314250946
8745,0.049066100269556046,0.05442018061876297
8746,0.04790348932147026,0.038664884865283966
8747,0.022760465741157532,0.02939794585108757
8748,0.0407274030148983,0.032043732702732086
8749,0.0576426237821579,0.05189143121242523
8750,0.0667853131890297,0.04859255999326706
8751,0.04579954966902733,0.04596497491002083
8752,0.04601747915148735,0.03966936096549034
8753,0.04507449269294739,0.05316600576043129
8754,0.04112638160586357,0.03567294776439667
8755,0.05221955478191376,0.04610510170459747
8756,0.07085201889276505,0.06581966578960419
8757,0.06767653673887253,0.05758998915553093
8758,0.06333867460489273,0.04920181632041931
8759,0.049276359379291534,0.03251201659440994
8760,0.05091581493616104,0.04734722152352333
8761,0.05666003003716469,0.055330704897642136
8762,0.06015905365347862,0.0539439432322979
8763,0.05920436978340149,0.05035197362303734
8764,0.0498189814388752,0.0606037862598896
8765,0.046414509415626526,0.03879877179861069
8766,0.04676610603928566,0.0434604175388813
8767,0.051457878202199936,0.031276024878025055
8768,0.02535918541252613,0.022569995373487473
8769,0.02179965004324913,0.026385189965367317
8770,0.030334362760186195,0.00945676863193512
8771,0.0336080826818943,0.031351733952760696
8772,0.044103410094976425,0.03389480710029602
8773,0.03353317081928253,0.024738799780607224
8774,0.04270113259553909,0.03433917462825775
8775,0.04643480107188225,0.040141619741916656
8776,0.05136789381504059,0.03969930112361908
8777,0.04794695973396301,0.03612794354557991
8778,0.03619973361492157,0.030306996777653694
8779,0.022904498502612114,0.02287820354104042
8780,0.027880366891622543,0.02972118742763996
8781,0.027229174971580505,0.022490741685032845
8782,0.02789696492254734,0.024921422824263573
8783,0.019625570625066757,0.016236502677202225
8784,0.04275473952293396,0.034277211874723434
8785,0.05532959848642349,0.04162619635462761
8786,0.05488337203860283,0.04054046794772148
8787,0.05036294087767601,0.046131305396556854
8788,0.055317480117082596,0.05292530357837677
8789,0.060835111886262894,0.04929078370332718
8790,0.04077626019716263,0.034353576600551605
8791,0.030348390340805054,0.028211146593093872
8792,0.03570341318845749,0.036180220544338226
8793,0.02816418744623661,0.0250694677233696
8794,0.04546947777271271,0.039100002497434616
8795,0.03738091513514519,0.03990909829735756
8796,0.03533491492271423,0.0354289636015892
8797,0.03676022216677666,0.04296594858169556
8798,0.038211893290281296,0.02927781641483307
8799,0.03533407673239708,0.030474340543150902
8800,0.03988423943519592,0.033189818263053894
8801,0.045411571860313416,0.03968692943453789
8802,0.03870384395122528,0.0402798131108284
8803,0.033647991716861725,0.028785396367311478
8804,0.02867608703672886,0.01940082013607025
8805,0.0361245796084404,0.027041910216212273
8806,0.027020493522286415,0.02639090269804001
8807,0.033828336745500565,0.029861174523830414
8808,0.06040764972567558,0.05019700899720192
8809,0.053065236657857895,0.044120024889707565
8810,0.04697893187403679,0.029158208519220352
8811,0.04873364046216011,0.03685741871595383
8812,0.041164468973875046,0.022142577916383743
8813,0.03379379212856293,0.02729855664074421
8814,0.03914672136306763,0.03757522627711296
8815,0.03642923757433891,0.025276625528931618
8816,0.026255901902914047,0.03569932281970978
8817,0.043495360761880875,0.04291741922497749
8818,0.044122643768787384,0.028546225279569626
8819,0.0535741001367569,0.044258810579776764
8820,0.04548725113272667,0.034328099340200424
8821,0.04049775004386902,0.03549698740243912
8822,0.006198209244757891,0.0031094751320779324
8823,0.03318816423416138,0.02548440918326378
8824,0.028197819367051125,0.02462390810251236
8825,0.03546474874019623,0.03419284150004387
8826,0.05165599659085274,0.04026686027646065
8827,0.04290394112467766,0.032214947044849396
8828,0.03219718486070633,0.007933063432574272
8829,0.02319486066699028,0.017257489264011383
8830,0.024375196546316147,0.027226367965340614
8831,0.03547144681215286,0.019056271761655807
8832,0.015544778667390347,0.01642039604485035
8833,0.034251272678375244,0.017032401636242867
8834,0.017613932490348816,0.02591414377093315
8835,0.02676202543079853,0.01740022748708725
8836,0.03729898855090141,0.038897376507520676
8837,0.04629933089017868,0.053621117025613785
8838,0.060530759394168854,0.057495709508657455
8839,0.05612337961792946,0.054610464721918106
8840,0.06661765277385712,0.0607420839369297
8841,0.07542373985052109,0.06215363368391991
8842,0.07310768961906433,0.04627107456326485
8843,0.06627584248781204,0.056329526007175446
8844,0.06542164832353592,0.06273899227380753
8845,0.07406002283096313,0.05572681874036789
8846,0.0709749162197113,0.06476781517267227
8847,0.051851119846105576,0.05586821213364601
8848,0.0579889677464962,0.06093858927488327
8849,0.07348062843084335,0.07234429568052292
8850,0.04809427261352539,0.03856305405497551
8851,0.04208146035671234,0.03797547519207001
8852,0.024196628481149673,0.0031162090599536896
8853,0.01994221657514572,0.028085729107260704
8854,0.03853756934404373,0.047741714864969254
8855,0.049846552312374115,0.03662444278597832
8856,0.04183787852525711,0.03943192958831787
8857,0.04008648544549942,0.03502916544675827
8858,0.0505196675658226,0.048739999532699585
8859,0.048777204006910324,0.05463258922100067
8860,0.0588473379611969,0.060421548783779144
8861,0.043150682002305984,0.030237192288041115
8862,0.04463808611035347,0.043230075389146805
8863,0.05184810236096382,0.054499611258506775
8864,0.06857436150312424,0.05850474163889885
8865,0.062392476946115494,0.04221015051007271
8866,0.04571683704853058,0.040087684988975525
8867,0.0424368642270565,0.02156085893511772
8868,0.039770856499671936,0.029961535707116127
8869,0.05682669207453728,0.034886766225099564
8870,0.02362503670156002,0.017045212909579277
8871,0.026720309630036354,0.02493976056575775
8872,0.02433427795767784,0.02450513280928135
8873,0.029254190623760223,0.015508950687944889
8874,0.017573175951838493,0.0027807974256575108
8875,0.04911315068602562,0.046443335711956024
8876,0.05321880802512169,0.051042135804891586
8877,0.04991939291357994,0.048093609511852264
8878,0.0394342802464962,0.026748456060886383
8879,0.037589188665151596,0.04384366795420647
8880,0.031990621238946915,0.03090943582355976
8881,0.054409172385931015,0.039381496608257294
8882,0.03937678411602974,0.037157561630010605
8883,0.06377474963665009,0.05682173743844032
8884,0.056765295565128326,0.051429856568574905
8885,0.06883242726325989,0.04948674514889717
8886,0.04625348001718521,0.037646833807229996
8887,0.0435926578938961,0.03147394582629204
8888,0.042816389352083206,0.030434051528573036
8889,0.04079750180244446,0.03613770753145218
8890,0.04779106378555298,0.05556809902191162
8891,0.049698639661073685,0.03944777697324753
8892,0.04358091577887535,0.028134018182754517
8893,0.052784837782382965,0.0554153174161911
8894,0.06520602852106094,0.06112431734800339
8895,0.059065770357847214,0.046662624925374985
8896,0.04222735017538071,0.046911053359508514
8897,0.05578972026705742,0.044624049216508865
8898,0.06383714079856873,0.06934595853090286
8899,0.06428443640470505,0.06664412468671799
8900,0.08879256993532181,0.07968831807374954
8901,0.0741138905286789,0.059391215443611145
8902,0.05424748361110687,0.04041469097137451
8903,0.030184030532836914,0.015848062932491302
8904,0.022682659327983856,0.01561123039573431
8905,0.03407718613743782,0.0197975542396307
8906,0.03670566901564598,0.03760943189263344
8907,0.054404858499765396,0.051479216665029526
8908,0.044491175562143326,0.037527263164520264
8909,0.043035537004470825,0.04131535440683365
8910,0.04545166715979576,0.02936910092830658
8911,0.05241084843873978,0.0470380000770092
8912,0.02967745065689087,0.04226711764931679
8913,0.03437364101409912,0.026480020955204964
8914,0.03674125298857689,0.04013770446181297
8915,0.04638671875,0.05976785719394684
8916,0.04629483073949814,0.040855929255485535
8917,0.04952308535575867,0.039860889315605164
8918,0.028774384409189224,0.015671802684664726
8919,0.016215549781918526,0.01742737554013729
8920,0.024683130905032158,0.014476352371275425
8921,0.027794769033789635,0.028386233374476433
8922,0.02318437024950981,0.024161458015441895
8923,0.04860496148467064,0.05343636870384216
8924,0.06458799540996552,0.05312821641564369
8925,0.05111747980117798,0.03976830467581749
8926,0.04665280878543854,0.03714928403496742
8927,0.06718889623880386,0.06343794614076614
8928,0.07574281096458435,0.07574911415576935
8929,0.05504907667636871,0.06379428505897522
8930,0.04334281384944916,0.0412711501121521
8931,0.04322998225688934,0.045880258083343506
8932,0.059008583426475525,0.0448887012898922
8933,0.032080091536045074,0.0171879380941391
8934,0.0252483319491148,0.03400035575032234
8935,0.044922828674316406,0.04439733549952507
8936,0.04540525749325752,0.033751193434000015
8937,0.04526454955339432,0.04179045557975769
8938,0.04731864109635353,0.0494723916053772
8939,0.0468001514673233,0.01852237619459629
8940,0.04280613362789154,0.0417257696390152
8941,0.059942759573459625,0.07216125726699829
8942,0.06127346307039261,0.045978397130966187
8943,0.05876186490058899,0.05497671663761139
8944,0.03529667854309082,0.017788399010896683
8945,0.04584956914186478,0.035656291991472244
8946,0.04629065841436386,0.02934221737086773
8947,0.04041832312941551,0.03782596439123154
8948,0.0537257045507431,0.05520711839199066
8949,0.05071856454014778,0.05815230309963226
8950,0.0806623175740242,0.06619591265916824
8951,0.06836669147014618,0.061922334134578705
8952,0.07559573650360107,0.058296386152505875
8953,0.06439975649118423,0.04289310425519943
8954,0.027317898347973824,0.030105693265795708
8955,0.026674974709749222,0.031690359115600586
8956,0.043691642582416534,0.036407943814992905
8957,0.03925124928355217,0.041868314146995544
8958,0.029316473752260208,0.016600526869297028
8959,0.03106251358985901,0.03510765731334686
8960,0.04332086816430092,0.03332582861185074
8961,0.06864672154188156,0.05669473484158516
8962,0.06334852427244186,0.059445206075906754
8963,0.06485092639923096,0.0475899800658226
8964,0.04991510510444641,0.044828299432992935
8965,0.059103693813085556,0.05565781518816948
8966,0.0716557726264,0.043167512863874435
8967,0.050481922924518585,0.04495467245578766
8968,0.03253065422177315,0.03213689476251602
8969,0.019701410084962845,0.027864845469594002
8970,0.03988751769065857,0.034303031861782074
8971,0.057955946773290634,0.06125488504767418
8972,0.0712217465043068,0.06030375137925148
8973,0.08383914083242416,0.06289366632699966
8974,0.04591212794184685,0.04611658677458763
8975,0.04254017025232315,0.0212243739515543
8976,0.0593910776078701,0.04381522536277771
8977,0.0474301353096962,0.025578461587429047
8978,0.04228702932596207,0.0366036482155323
8979,0.04916759580373764,0.04744214564561844
8980,0.046821240335702896,0.039157748222351074
8981,0.03990897908806801,0.04404658079147339
8982,0.04908847063779831,0.03957204893231392
8983,0.0195511095225811,0.014677714556455612
8984,0.020550686866044998,0.02482675015926361
8985,0.059279102832078934,0.039323337376117706
8986,0.041957587003707886,0.031225260347127914
8987,0.04039974883198738,0.04213757812976837
8988,0.054614435881376266,0.0566243976354599
8989,0.061692483723163605,0.04727150499820709
8990,0.03689869865775108,0.02800663188099861
8991,0.03597376495599747,0.030351245775818825
8992,0.020060863345861435,0.012464066967368126
8993,0.043642185628414154,0.04025173932313919
8994,0.04403895512223244,0.05247347056865692
8995,0.04321982339024544,0.02544919215142727
8996,0.020622706040740013,0.010248617269098759
8997,0.03070441074669361,0.020038185641169548
8998,0.054547522217035294,0.04128078743815422
8999,0.04765983298420906,0.029200024902820587
9000,0.050702277570962906,0.047379981726408005
9001,0.061241548508405685,0.05457228049635887
9002,0.042630959302186966,0.030844110995531082
9003,0.03396005183458328,0.024312160909175873
9004,0.06256379932165146,0.05434313416481018
9005,0.05498053506016731,0.04273240268230438
9006,0.04239128530025482,0.039529040455818176
9007,0.0661410391330719,0.05779465660452843
9008,0.06806906312704086,0.05559975281357765
9009,0.07494503259658813,0.05625610798597336
9010,0.06682195514440536,0.0531732514500618
9011,0.06871531903743744,0.04153459146618843
9012,0.04853241890668869,0.0427541509270668
9013,0.0464799739420414,0.03209086135029793
9014,0.02592485584318638,0.015223032794892788
9015,0.03222981467843056,0.022707441821694374
9016,0.03878093883395195,0.0398217998445034
9017,0.03798260539770126,0.037679173052310944
9018,0.04670637473464012,0.04606795310974121
9019,0.04438307136297226,0.0560285821557045
9020,0.043712642043828964,0.050322722643613815
9021,0.052939243614673615,0.06443765014410019
9022,0.04037487134337425,0.048729076981544495
9023,0.05737762898206711,0.06493651121854782
9024,0.05535842478275299,0.04871785268187523
9025,0.032542139291763306,0.012848181650042534
9026,0.01730566844344139,0.022789882495999336
9027,0.040097810328006744,0.03241534158587456
9028,0.04132679104804993,0.03715076670050621
9029,0.04201136901974678,0.035925425589084625
9030,0.045173436403274536,0.030612073838710785
9031,0.049671851098537445,0.03973393887281418
9032,0.03978539630770683,0.021539323031902313
9033,0.04590554162859917,0.04370233044028282
9034,0.0487251840531826,0.03217792138457298
9035,0.04912818223237991,0.037409260869026184
9036,0.02724859118461609,0.020951004698872566
9037,0.02153722383081913,0.025793910026550293
9038,0.03227323666214943,0.03494752570986748
9039,0.04585384950041771,0.0417603999376297
9040,0.05849391967058182,0.04799371957778931
9041,0.06550959497690201,0.046739816665649414
9042,0.04727337509393692,0.047667134553194046
9043,0.046059779822826385,0.040873244404792786
9044,0.03529287874698639,0.03701288253068924
9045,0.03592512756586075,0.0311109721660614
9046,0.029211662709712982,0.03131222724914551
9047,0.028875621035695076,0.028130702674388885
9048,0.0240844264626503,0.021849555894732475
9049,0.014682646840810776,0.020944077521562576
9050,0.01694915071129799,0.009625202976167202
9051,0.02392985299229622,0.023580774664878845
9052,0.025613969191908836,0.035205673426389694
9053,0.03324226662516594,0.03929917886853218
9054,0.03954688087105751,0.036066412925720215
9055,0.07307218015193939,0.06736592948436737
9056,0.058119505643844604,0.06276009231805801
9057,0.05396239086985588,0.048506349325180054
9058,0.05910877138376236,0.04226521775126457
9059,0.024305803701281548,0.021295517683029175
9060,0.04234439507126808,0.039263829588890076
9061,0.04493723809719086,0.04952143505215645
9062,0.07766471058130264,0.07608838379383087
9063,0.07864539325237274,0.041114963591098785
9064,0.04785881191492081,0.04291212931275368
9065,0.041339144110679626,0.05306781083345413
9066,0.058397725224494934,0.051455091685056686
9067,0.05891350284218788,0.04273432865738869
9068,0.05700412392616272,0.0562017560005188
9069,0.04269371181726456,0.0388922356069088
9070,0.04327290132641792,0.03853800520300865
9071,0.04475201666355133,0.05525994300842285
9072,0.08380212634801865,0.07790667563676834
9073,0.07217080891132355,0.05783359706401825
9074,0.059511054307222366,0.05551348254084587
9075,0.0548340305685997,0.05147974193096161
9076,0.05324656516313553,0.06067683920264244
9077,0.05176796391606331,0.04717414453625679
9078,0.052686870098114014,0.05266350507736206
9079,0.04821301996707916,0.04016810283064842
9080,0.029968464747071266,0.048889029771089554
9081,0.046573955565690994,0.042715489864349365
9082,0.06448955833911896,0.046167705208063126
9083,0.05664370208978653,0.05876043438911438
9084,0.04980439692735672,0.04390712082386017
9085,0.04807190224528313,0.02620934695005417
9086,0.03587900474667549,0.03276001289486885
9087,0.034468747675418854,0.03131449595093727
9088,0.048268429934978485,0.04388323426246643
9089,0.07336357980966568,0.05162303149700165
9090,0.052392974495887756,0.03760330379009247
9091,0.06489921361207962,0.05220072343945503
9092,0.05376315861940384,0.0420399084687233
9093,0.053435370326042175,0.05448867380619049
9094,0.05026276782155037,0.04564704746007919
9095,0.04959433153271675,0.04892252758145332
9096,0.04651443660259247,0.04342634230852127
9097,0.048812370747327805,0.03968411684036255
9098,0.0543067529797554,0.04001970216631889
9099,0.04120064899325371,0.036710698157548904
9100,0.04479217529296875,0.028111115097999573
9101,0.03958002105355263,0.03294970095157623
9102,0.0324292853474617,0.03136362507939339
9103,0.04376263543963432,0.036666542291641235
9104,0.0520264208316803,0.05252768099308014
9105,0.08172085881233215,0.06918076425790787
9106,0.0532209575176239,0.04125109687447548
9107,0.0509127676486969,0.04901294782757759
9108,0.08618178218603134,0.08325473964214325
9109,0.06738205254077911,0.06970066577196121
9110,0.05103311315178871,0.03507146239280701
9111,0.04808025062084198,0.04708711802959442
9112,0.043901458382606506,0.037225812673568726
9113,0.05235213786363602,0.04690374806523323
9114,0.06029025465250015,0.050192464143037796
9115,0.03966264799237251,0.025748681277036667
9116,0.0031702073756605387,0.008615171536803246
9117,0.025406818836927414,0.014665687456727028
9118,0.024566173553466797,0.025087513029575348
9119,0.03407653793692589,0.03173211216926575
9120,0.05284351855516434,0.032996393740177155
9121,0.04710421338677406,0.02896139957010746
9122,0.04682484641671181,0.041784606873989105
9123,0.03251926600933075,0.028583452105522156
9124,0.04482480138540268,0.044002845883369446
9125,0.047853983938694,0.0359700471162796
9126,0.044783469289541245,0.02624582126736641
9127,0.020572027191519737,0.013686471618711948
9128,0.032742690294981,0.03002983331680298
9129,0.03275851532816887,0.03358716517686844
9130,0.04030099883675575,0.027031680569052696
9131,0.030621899291872978,0.033553656190633774
9132,0.03211037069559097,0.01813647150993347
9133,0.05302805081009865,0.05041103810071945
9134,0.04286943003535271,0.0339788980782032
9135,0.040036462247371674,0.04508139193058014
9136,0.040886975824832916,0.012171288020908833
9137,0.030559303238987923,0.01308701653033495
9138,0.028459370136260986,0.017726300284266472
9139,0.03246248513460159,0.029698094353079796
9140,0.04163585603237152,0.03547809273004532
9141,0.03511227294802666,0.03759882226586342
9142,0.038622837513685226,0.02529018186032772
9143,0.029780788347125053,0.01391347125172615
9144,0.024714894592761993,0.018430832773447037
9145,0.029071936383843422,0.028393540531396866
9146,0.012142174877226353,0.005821583792567253
9147,0.03561890497803688,0.03512810915708542
9148,0.053159091621637344,0.04931668937206268
9149,0.03991001471877098,0.03196495398879051
9150,0.04628181830048561,0.033426810055971146
9151,0.04133101552724838,0.046805139631032944
9152,0.0339040607213974,0.029208265244960785
9153,0.048095133155584335,0.030527109280228615
9154,0.0510038323700428,0.05564667284488678
9155,0.03594135493040085,0.044929228723049164
9156,0.056945133954286575,0.04467359930276871
9157,0.07229449599981308,0.05909374728798866
9158,0.0445207804441452,0.03995460644364357
9159,0.03930804133415222,0.029143746942281723
9160,0.041567739099264145,0.0468604601919651
9161,0.03771515190601349,0.0364665724337101
9162,0.043266478925943375,0.04610069841146469
9163,0.043113794177770615,0.02983800880610943
9164,0.04498947784304619,0.04543910548090935
9165,0.03050304763019085,0.03720929101109505
9166,0.05832577124238014,0.04438122734427452
9167,0.044976841658353806,0.05373305827379227
9168,0.05187283828854561,0.04591566324234009
9169,0.05416790768504143,0.03871886432170868
9170,0.021328654140233994,0.025167420506477356
9171,0.026978733018040657,0.00991765782237053
9172,0.0241041611880064,0.016118552535772324
9173,0.034678686410188675,0.03540029004216194
9174,0.059411149471998215,0.0595850795507431
9175,0.054980359971523285,0.03358225151896477
9176,0.04917367175221443,0.04104630649089813
9177,0.04037366434931755,0.028261056169867516
9178,0.031746912747621536,0.01858505606651306
9179,0.029712572693824768,0.016526201739907265
9180,0.026399122551083565,0.010794867761433125
9181,0.0316893644630909,0.019185155630111694
9182,0.031247831881046295,0.028719451278448105
9183,0.04426205903291702,0.03712785616517067
9184,0.062408026307821274,0.059105511754751205
9185,0.057662371546030045,0.04266346991062164
9186,0.03476472198963165,0.035829879343509674
9187,0.03078421577811241,0.04006287455558777
9188,0.025841832160949707,0.008422572165727615
9189,0.025770755484700203,0.020672695711255074
9190,0.01814388297498226,0.008115710690617561
9191,-0.00013457426393870264,-0.004622286651283503
9192,0.016833242028951645,0.014417099766433239
9193,0.03373054787516594,0.03273438662290573
9194,0.03948960080742836,0.020357931032776833
9195,0.025267574936151505,0.024121884256601334
9196,0.02628459967672825,0.02353886514902115
9197,0.03694653511047363,0.03822821006178856
9198,0.052007175981998444,0.03978772833943367
9199,0.054927948862314224,0.040888506919145584
9200,0.05889437347650528,0.06830344349145889
9201,0.0717703253030777,0.05152079835534096
9202,0.0548553541302681,0.046908535063266754
9203,0.06104854494333267,0.05322299897670746
9204,0.05037488788366318,0.05966969206929207
9205,0.057942118495702744,0.030994821339845657
9206,0.04287180304527283,0.0269775353372097
9207,0.039155688136816025,0.04154821112751961
9208,0.03127434849739075,0.02106107585132122
9209,0.05103472247719765,0.044376716017723083
9210,0.06334871053695679,0.06275642663240433
9211,0.08107960969209671,0.04650162532925606
9212,0.04761001840233803,0.04434157535433769
9213,0.06763424724340439,0.05866074562072754
9214,0.053807809948921204,0.042872942984104156
9215,0.061043862253427505,0.05499371886253357
9216,0.04732554778456688,0.04648618400096893
9217,0.03441544994711876,0.010555913671851158
9218,0.011652303859591484,0.0173137579113245
9219,0.04146021977066994,0.030017782002687454
9220,0.044196054339408875,0.0303062591701746
9221,0.0611499659717083,0.055926933884620667
9222,0.04303387179970741,0.03845236077904701
9223,0.03150869905948639,0.0362626276910305
9224,0.05331399664282799,0.04820733889937401
9225,0.04927780479192734,0.04530695453286171
9226,0.06112489476799965,0.04517696052789688
9227,0.04722483828663826,0.03852834552526474
9228,0.05346989631652832,0.044916726648807526
9229,0.037348031997680664,0.03806135430932045
9230,0.04508758708834648,0.0346168577671051
9231,0.03432341292500496,0.0282619446516037
9232,0.044496119022369385,0.041013218462467194
9233,0.03681706264615059,0.024814803153276443
9234,0.0342988446354866,0.028009334579110146
9235,0.027945784851908684,0.0204924289137125
9236,0.04276658222079277,0.0399179682135582
9237,0.03324364125728607,0.0348193533718586
9238,0.05300462245941162,0.062029995024204254
9239,0.0742301419377327,0.06286606192588806
9240,0.045637454837560654,0.04166655242443085
9241,0.046234674751758575,0.035103488713502884
9242,0.02390177547931671,0.026129772886633873
9243,0.03365720808506012,0.020588034763932228
9244,0.025698916986584663,0.02300901710987091
9245,0.01983991265296936,0.015134447254240513
9246,0.015186110511422157,0.001759155886247754
9247,0.022427372634410858,0.03275979310274124
9248,0.05394590273499489,0.03785523399710655
9249,0.04000282287597656,0.028805460780858994
9250,0.05514128878712654,0.04124971479177475
9251,0.03838728740811348,0.038968976587057114
9252,0.0510791651904583,0.04936019331216812
9253,0.05379857122898102,0.053187333047389984
9254,0.07945727556943893,0.06519200652837753
9255,0.050454553216695786,0.041737351566553116
9256,0.07034284621477127,0.06565426290035248
9257,0.0950419083237648,0.07500089704990387
9258,0.08600600808858871,0.08581239730119705
9259,0.0854182243347168,0.08031171560287476
9260,0.06947840750217438,0.06392217427492142
9261,0.06426253914833069,0.06755739450454712
9262,0.056313931941986084,0.05146520584821701
9263,0.05961336940526962,0.048963114619255066
9264,0.060181960463523865,0.029063720256090164
9265,0.053071990609169006,0.028584782034158707
9266,0.04746336117386818,0.044944535940885544
9267,0.06010639667510986,0.0447111502289772
9268,0.04658854007720947,0.053116731345653534
9269,0.06209618225693703,0.04845122992992401
9270,0.06687704473733902,0.049219761043787
9271,0.034025873988866806,0.013398020528256893
9272,0.03837968036532402,0.04132571071386337
9273,0.04072133079171181,0.03288111835718155
9274,0.03663795068860054,0.030677923932671547
9275,0.021281566470861435,0.011771389283239841
9276,0.022325929254293442,0.018292581662535667
9277,0.02953716740012169,0.034946031868457794
9278,0.04596003144979477,0.0350993275642395
9279,0.05711638927459717,0.04900925233960152
9280,0.055699173361063004,0.05313599109649658
9281,0.08178979158401489,0.06858523190021515
9282,0.06639216095209122,0.04883496090769768
9283,0.0643116682767868,0.04643643647432327
9284,0.07230191677808762,0.053287703543901443
9285,0.058284979313611984,0.0515364371240139
9286,0.044080059975385666,0.03862960264086723
9287,0.033457349985837936,0.029635649174451828
9288,0.060958292335271835,0.06694573163986206
9289,0.08238587528467178,0.05792483687400818
9290,0.07498269528150558,0.056804537773132324
9291,0.038782019168138504,0.020608598366379738
9292,0.054802652448415756,0.04089035466313362
9293,0.057659003883600235,0.04504268243908882
9294,0.07517144083976746,0.05778772383928299
9295,0.05897102504968643,0.05795969069004059
9296,0.054477352648973465,0.05101024731993675
9297,0.0702674463391304,0.05334647372364998
9298,0.05875790864229202,0.04213109612464905
9299,0.05552692711353302,0.036481257528066635
9300,0.04038488119840622,0.030415594577789307
9301,0.04111884906888008,0.022655166685581207
9302,0.03647131845355034,0.04216833412647247
9303,0.039163749665021896,0.052074696868658066
9304,0.03436403349041939,0.024907872080802917
9305,0.024752086028456688,0.024397175759077072
9306,0.032876063138246536,0.019702821969985962
9307,0.02938704378902912,0.019413478672504425
9308,0.034441735595464706,0.03016631305217743
9309,0.022500794380903244,0.017098726704716682
9310,0.04188878461718559,0.03325853869318962
9311,0.024110618978738785,0.02288076840341091
9312,0.0314657986164093,0.03264748677611351
9313,0.05521276220679283,0.05172581970691681
9314,0.055812448263168335,0.046262018382549286
9315,0.05855404585599899,0.05655074119567871
9316,0.05549800023436546,0.041524142026901245
9317,0.057840704917907715,0.04044082388281822
9318,0.05449879169464111,0.04778992012143135
9319,0.06004105880856514,0.05672162398695946
9320,0.07222446799278259,0.06751839816570282
9321,0.0659954696893692,0.05843876674771309
9322,0.060463324189186096,0.06059478968381882
9323,0.04489166662096977,0.03376306965947151
9324,0.03690933808684349,0.03721572458744049
9325,0.04417446255683899,0.03034803457558155
9326,0.0441681370139122,0.038867510855197906
9327,0.054189346730709076,0.0492139533162117
9328,0.0689745843410492,0.0630202665925026
9329,0.039118602871894836,0.0358956977725029
9330,0.052997805178165436,0.05126052722334862
9331,0.02589314617216587,0.02201363816857338
9332,0.04437127336859703,0.04019099846482277
9333,0.04999745637178421,0.025374559685587883
9334,0.045375123620033264,0.039855942130088806
9335,0.057455163449048996,0.059627268463373184
9336,0.051999352872371674,0.035425279289484024
9337,0.05600528046488762,0.04942231625318527
9338,0.06525829434394836,0.0678265318274498
9339,0.07739148288965225,0.04907440394163132
9340,0.05039878934621811,0.041925281286239624
9341,0.054558634757995605,0.04056170582771301
9342,0.054101720452308655,0.0491451695561409
9343,0.06456030160188675,0.03857696056365967
9344,0.07684895396232605,0.06795655936002731
9345,0.06540451943874359,0.04478104040026665
9346,0.041112884879112244,0.047854263335466385
9347,0.04679509997367859,0.014017571695148945
9348,0.040123678743839264,0.022278958931565285
9349,0.011007140390574932,0.015372710302472115
9350,0.028479455038905144,0.030294833704829216
9351,0.03771204873919487,0.036401983350515366
9352,0.04457021504640579,0.05071147158741951
9353,0.04441693052649498,0.05004822462797165
9354,0.07572811841964722,0.057320158928632736
9355,0.05901838839054108,0.04401826858520508
9356,0.03120606392621994,0.03811420872807503
9357,0.059820160269737244,0.0423157773911953
9358,0.06137847155332565,0.06350243091583252
9359,0.056353386491537094,0.055891674011945724
9360,0.06394132971763611,0.059364136308431625
9361,0.0692676231265068,0.0590381994843483
9362,0.06454991549253464,0.05265745520591736
9363,0.05336322635412216,0.046939898282289505
9364,0.05382997915148735,0.05775001645088196
9365,0.048775557428598404,0.04982419312000275
9366,0.05034911632537842,0.04110898822546005
9367,0.05041729286313057,0.04514112323522568
9368,0.06972470134496689,0.04685746878385544
9369,0.0763256698846817,0.0718047022819519
9370,0.09139060974121094,0.07061142474412918
9371,0.05960328131914139,0.0499698631465435
9372,0.05460512638092041,0.049835871905088425
9373,0.028462504968047142,0.023392314091324806
9374,0.029868146404623985,0.029957877472043037
9375,0.043356623500585556,0.06105775013566017
9376,0.05692058429121971,0.05130058526992798
9377,0.05626368522644043,0.050857651978731155
9378,0.033328089863061905,0.03209671378135681
9379,0.032527606934309006,0.032612066715955734
9380,0.06296028941869736,0.07423485815525055
9381,0.0741051435470581,0.0665254145860672
9382,0.055459145456552505,0.047785960137844086
9383,0.05288304388523102,0.03514345362782478
9384,0.01668870821595192,0.006695121061056852
9385,0.04184006154537201,0.03544596955180168
9386,0.06273707747459412,0.05118224769830704
9387,0.06939056515693665,0.062252748757600784
9388,0.05125943571329117,0.03360088914632797
9389,0.036753710359334946,0.030451130121946335
9390,0.04107765480875969,0.02156766876578331
9391,0.016452180221676826,0.00807764008641243
9392,0.01957254856824875,0.020817531272768974
9393,0.04086514562368393,0.03345219045877457
9394,0.04370814561843872,0.034713149070739746
9395,0.02401580475270748,0.01818714663386345
9396,0.04063914343714714,0.03477899357676506
9397,0.032884225249290466,0.024833060801029205
9398,0.027983078733086586,0.02829792909324169
9399,0.021338965743780136,0.008519420400261879
9400,0.028109217062592506,0.021490290760993958
9401,0.03154873847961426,0.036453861743211746
9402,0.03265541419386864,0.0360124371945858
9403,0.05095566809177399,0.04279077798128128
9404,0.037836503237485886,0.04527673497796059
9405,0.04542963206768036,0.04714338108897209
9406,0.052241601049900055,0.04214058443903923
9407,0.05906281620264053,0.04604452848434448
9408,0.06408868730068207,0.04891040921211243
9409,0.0597497932612896,0.0550982840359211
9410,0.06774044036865234,0.05586707964539528
9411,0.04654586687684059,0.035361699759960175
9412,0.03423326835036278,0.02270054817199707
9413,0.05967032164335251,0.05169680714607239
9414,0.044427406042814255,0.04859499633312225
9415,0.0402253158390522,0.03380858898162842
9416,0.045312415808439255,0.04363669455051422
9417,0.0637560784816742,0.04481390863656998
9418,0.039268944412469864,0.03903051093220711
9419,0.024669073522090912,0.02512776106595993
9420,0.0345015786588192,0.03519276902079582
9421,0.04068781062960625,0.022728418931365013
9422,0.04300965741276741,0.03718714416027069
9423,0.04934757947921753,0.05050289258360863
9424,0.052448153495788574,0.04484599083662033
9425,0.037964656949043274,0.04097310081124306
9426,0.027016164734959602,0.02494526468217373
9427,0.0354977548122406,0.02080010622739792
9428,0.019672106951475143,0.021600788459181786
9429,0.02440870925784111,0.003817848628386855
9430,0.0033119535073637962,0.004677428863942623
9431,0.02404501661658287,0.013323447667062283
9432,0.02138953097164631,0.020865531638264656
9433,0.04557296261191368,0.037180107086896896
9434,0.034654103219509125,0.04007710516452789
9435,0.053790103644132614,0.03165552020072937
9436,0.02368280291557312,0.015261402353644371
9437,0.013719038106501102,0.015591956675052643
9438,0.027124160900712013,0.019315768033266068
9439,0.026049863547086716,0.020488401874899864
9440,0.01358757633715868,0.005061375442892313
9441,0.010942104272544384,-0.01272305566817522
9442,0.030332092195749283,0.015874968841671944
9443,0.04800651967525482,0.02413107641041279
9444,0.0342627614736557,0.015147475525736809
9445,0.012491865083575249,0.01671460084617138
9446,0.04907779023051262,0.04242348298430443
9447,0.03488384932279587,0.016528649255633354
9448,0.021623995155096054,0.025540653616189957
9449,0.022913800552487373,0.02864743210375309
9450,0.05026094615459442,0.044135238975286484
9451,0.04012461379170418,0.04280434176325798
9452,0.0544457770884037,0.060531482100486755
9453,0.05847931653261185,0.051543354988098145
9454,0.03602856025099754,0.030430765822529793
9455,0.04956798255443573,0.0467735193669796
9456,0.05735478550195694,0.05866163223981857
9457,0.0682443231344223,0.055711813271045685
9458,0.05390140414237976,0.04551437497138977
9459,0.05046456307172775,0.05391813814640045
9460,0.06963732838630676,0.042399294674396515
9461,0.034068960696458817,0.023809265345335007
9462,0.03631123900413513,0.030557995662093163
9463,0.043726976960897446,0.0403260700404644
9464,0.05876737833023071,0.040385834872722626
9465,0.032756220549345016,0.021507853642106056
9466,0.035783927887678146,0.038311466574668884
9467,0.04179156571626663,0.02385617420077324
9468,0.03749071806669235,0.03700433671474457
9469,0.04132724180817604,0.04360496252775192
9470,0.047150868922472,0.03680355101823807
9471,0.03603309020400047,0.027808938175439835
9472,0.024629918858408928,0.0029702370520681143
9473,-0.006851642392575741,-0.010217435657978058
9474,-0.008192025125026703,0.0019852789118885994
9475,0.015709124505519867,0.01823108270764351
9476,0.021025564521551132,0.016432050615549088
9477,0.02004609815776348,0.016351602971553802
9478,-0.006818219553679228,-0.004209378268569708
9479,0.016501452773809433,0.01246835570782423
9480,0.021882489323616028,0.02959507517516613
9481,0.031237445771694183,0.03232428804039955
9482,0.026318026706576347,0.022165320813655853
9483,0.0416761189699173,0.04119532182812691
9484,0.03372621536254883,0.02008250541985035
9485,0.02597101964056492,0.031781356781721115
9486,0.06958648562431335,0.056643784046173096
9487,0.05909033864736557,0.05407777056097984
9488,0.055581506341695786,0.04738044738769531
9489,0.037045933306217194,0.03019881434738636
9490,0.02640811912715435,0.020064176991581917
9491,0.042226653546094894,0.028894271701574326
9492,0.0486421212553978,0.03216130658984184
9493,0.05064809322357178,0.04194736108183861
9494,0.05351409688591957,0.04879184812307358
9495,0.07089099287986755,0.0570380762219429
9496,0.057873550802469254,0.05221354216337204
9497,0.057449694722890854,0.0476527139544487
9498,0.047431427985429764,0.03425043076276779
9499,0.0506461039185524,0.04338017851114273
9500,0.036282990127801895,0.012968678958714008
9501,0.042361773550510406,0.04917335510253906
9502,0.047168582677841187,0.03998016193509102
9503,0.03206714242696762,0.03134588524699211
9504,0.060999054461717606,0.030836325138807297
9505,0.03140046074986458,0.028142346069216728
9506,0.05861277133226395,0.06077611818909645
9507,0.07958068698644638,0.06042112037539482
9508,0.05874624848365784,0.05533247068524361
9509,0.03131518140435219,0.024395430460572243
9510,0.03217262402176857,0.015388766303658485
9511,0.041834961622953415,0.04357997328042984
9512,0.04898682236671448,0.04426514729857445
9513,0.03407011926174164,0.02365824580192566
9514,0.04089895635843277,0.02444404363632202
9515,0.031451594084501266,0.03865543007850647
9516,0.05163811892271042,0.04465040564537048
9517,0.05944500118494034,0.05411693453788757
9518,0.07084645330905914,0.0577525869011879
9519,0.052478522062301636,0.06400245428085327
9520,0.0628497302532196,0.059834226965904236
9521,0.07016854733228683,0.057834092527627945
9522,0.03866852819919586,0.0450291745364666
9523,0.062490466982126236,0.051360540091991425
9524,0.06274163722991943,0.0469941608607769
9525,0.05188000202178955,0.04686475917696953
9526,0.06634692847728729,0.0728895291686058
9527,0.06914778053760529,0.06777706742286682
9528,0.056629255414009094,0.05303213372826576
9529,0.05276630446314812,0.052485447376966476
9530,0.04596618190407753,0.03525219112634659
9531,0.031099848449230194,0.028269082307815552
9532,0.019051123410463333,0.019741130992770195
9533,0.034229591488838196,0.030355749651789665
9534,0.04265379533171654,0.046977948397397995
9535,0.055369991809129715,0.03663649410009384
9536,0.049866970628499985,0.04150880500674248
9537,0.044931426644325256,0.035844460129737854
9538,0.017190806567668915,0.0236225426197052
9539,0.017129933461546898,0.037475213408470154
9540,0.0328998900949955,0.02038002200424671
9541,0.023750225082039833,0.019969133660197258
9542,0.029461009427905083,0.018125250935554504
9543,0.024651767686009407,0.02587619051337242
9544,0.032085809856653214,0.02477813884615898
9545,0.02179809659719467,0.026151031255722046
9546,0.025941181927919388,0.022869765758514404
9547,0.0358254499733448,0.0381823405623436
9548,0.03918205946683884,0.042839471250772476
9549,0.06491810828447342,0.04876502603292465
9550,0.04466613009572029,0.038475554436445236
9551,0.04645073041319847,0.04237819463014603
9552,0.06369080394506454,0.05807042494416237
9553,0.06142278015613556,0.04837054759263992
9554,0.030881792306900024,0.025794023647904396
9555,0.036369044333696365,0.05640537291765213
9556,0.05913592129945755,0.05395848676562309
9557,0.05504607781767845,0.05291139334440231
9558,0.05003012716770172,0.03401387855410576
9559,0.037923168390989304,0.020822370424866676
9560,0.03540843725204468,0.034749239683151245
9561,0.026821432635188103,0.023956311866641045
9562,0.028971713036298752,0.03179328516125679
9563,0.029033105820417404,0.031175173819065094
9564,0.04508817940950394,0.042107969522476196
9565,0.03771408274769783,0.03350894898176193
9566,0.0386912040412426,0.03730868920683861
9567,0.04175057262182236,0.04315502196550369
9568,0.05638520047068596,0.038094788789749146
9569,0.04985393211245537,0.05047332122921944
9570,0.042975712567567825,0.027712974697351456
9571,0.0390809141099453,0.03823474794626236
9572,0.055270131677389145,0.04385267198085785
9573,0.055761802941560745,0.04560321196913719
9574,0.052313726395368576,0.03220471367239952
9575,0.04574989527463913,0.037399984896183014
9576,0.051406748592853546,0.03595690429210663
9577,0.03273927792906761,0.04299955442547798
9578,0.053360387682914734,0.028122873976826668
9579,0.05129347741603851,0.05458012968301773
9580,0.05356442928314209,0.05079437792301178
9581,0.05605488643050194,0.04312121868133545
9582,0.04257392883300781,0.03757447376847267
9583,0.040647052228450775,0.03334212675690651
9584,0.048056699335575104,0.04282885044813156
9585,0.058412689715623856,0.06393197923898697
9586,0.0700739175081253,0.05718820542097092
9587,0.03324021399021149,0.03703973814845085
9588,0.03716740012168884,0.04354613274335861
9589,0.05091465264558792,0.05322922766208649
9590,0.03898094221949577,0.029712047427892685
9591,0.04656694084405899,0.030361976474523544
9592,0.02985742874443531,0.018510727211833
9593,0.04600745067000389,0.0547102615237236
9594,0.06159621849656105,0.04819968715310097
9595,0.04597923159599304,0.038045063614845276
9596,0.06031609699130058,0.045348718762397766
9597,0.03820062056183815,0.03435184061527252
9598,0.05154753476381302,0.04300539568066597
9599,0.03997509181499481,0.028381766751408577
9600,0.03396367281675339,0.02061145380139351
9601,0.04574403911828995,0.05318877846002579
9602,0.062198225408792496,0.04603233560919762
9603,0.05149875953793526,0.040779221802949905
9604,0.05622038245201111,0.053365010768175125
9605,0.047527581453323364,0.04929395765066147
9606,0.046333540230989456,0.05292819067835808
9607,0.0677313581109047,0.044526148587465286
9608,0.04109320417046547,0.030413873493671417
9609,0.047312285751104355,0.04844191297888756
9610,0.050783686339855194,0.03368561714887619
9611,0.04888920858502388,0.03774164244532585
9612,0.06467561423778534,0.06100647523999214
9613,0.05066954344511032,0.05201071873307228
9614,0.08069958537817001,0.04982224479317665
9615,0.07472025603055954,0.056488558650016785
9616,0.05370727926492691,0.049336839467287064
9617,0.03966802731156349,0.02610652521252632
9618,0.03321879357099533,0.024030301719903946
9619,0.03583603352308273,0.02779409848153591
9620,0.021795202046632767,0.018808819353580475
9621,0.036328159272670746,0.020445935428142548
9622,0.03574840724468231,0.03896484524011612
9623,0.03325659781694412,0.014288891106843948
9624,0.017398275434970856,0.005317663308233023
9625,0.02588600106537342,0.02874022163450718
9626,0.039845727384090424,0.013080082833766937
9627,0.03574343025684357,0.02288115583360195
9628,0.01595168001949787,0.010739782825112343
9629,0.017657630145549774,0.005986100994050503
9630,0.015323534607887268,-0.005659980699419975
9631,0.01725408248603344,0.02279064990580082
9632,0.04078983515501022,0.04697655886411667
9633,0.05538726970553398,0.048903048038482666
9634,0.04293295368552208,0.03547259420156479
9635,0.047298770397901535,0.05351554974913597
9636,0.05000331625342369,0.054921917617321014
9637,0.026913350448012352,0.02261527255177498
9638,0.037009481340646744,0.028072215616703033
9639,0.03191950544714928,0.023464640602469444
9640,0.04340340569615364,0.0408216267824173
9641,0.04953867197036743,0.03106135129928589
9642,0.036536719650030136,0.0365835577249527
9643,0.04919823631644249,0.04913276061415672
9644,0.052225399762392044,0.03478982672095299
9645,0.038760583847761154,0.03849673643708229
9646,0.043508950620889664,0.032249633222818375
9647,0.05258248373866081,0.04629042372107506
9648,0.04991740733385086,0.049292776733636856
9649,0.06342589110136032,0.05907834693789482
9650,0.04157642647624016,0.028139110654592514
9651,0.032211560755968094,0.033468518406152725
9652,0.04417430981993675,0.0475105382502079
9653,0.060581550002098083,0.04893576353788376
9654,0.06011449545621872,0.0644439235329628
9655,0.05667087063193321,0.05641384422779083
9656,0.06790471076965332,0.06206561252474785
9657,0.05890882760286331,0.043024592101573944
9658,0.03607475757598877,0.0309477336704731
9659,0.02880752831697464,0.0136891333386302
9660,0.043719980865716934,0.03693006932735443
9661,0.052216678857803345,0.05765948072075844
9662,0.054989900439977646,0.043633438646793365
9663,0.03944657742977142,0.02097143791615963
9664,0.037433475255966187,0.024755699560046196
9665,0.05200457572937012,0.03720500320196152
9666,0.03574176877737045,0.03107660822570324
9667,0.02889723889529705,0.01821371354162693
9668,0.053090378642082214,0.052007757127285004
9669,0.04896800220012665,0.046749748289585114
9670,0.0632525160908699,0.04906235262751579
9671,0.0673314705491066,0.06837895512580872
9672,0.05703460052609444,0.04815198853611946
9673,0.037557244300842285,0.0245157890021801
9674,0.037414249032735825,0.03405187651515007
9675,0.038376953452825546,0.04835605248808861
9676,0.054186731576919556,0.040635038167238235
9677,0.03503907099366188,0.01601007580757141
9678,0.03909962251782417,0.024588050320744514
9679,0.02161286771297455,0.02841518446803093
9680,0.044921357184648514,0.032423727214336395
9681,0.04403349757194519,0.037665341049432755
9682,0.054960884153842926,0.04680497944355011
9683,0.054211247712373734,0.03980815038084984
9684,0.05678633973002434,0.06046726182103157
9685,0.07518172264099121,0.0635201632976532
9686,0.05677594989538193,0.047669995576143265
9687,0.05059162154793739,0.05030303820967674
9688,0.04981127008795738,0.04156811907887459
9689,0.051474861800670624,0.047643665224313736
9690,0.05798136442899704,0.045675769448280334
9691,0.048065412789583206,0.051560916006565094
9692,0.06879180669784546,0.061709050089120865
9693,0.04955490678548813,0.03975650668144226
9694,0.03677620366215706,0.023805174976587296
9695,0.043510552495718,0.05314645171165466
9696,0.04467173293232918,0.035127829760313034
9697,0.05150453746318817,0.04627072066068649
9698,0.04735160619020462,0.044962894171476364
9699,0.05731494352221489,0.03586384654045105
9700,0.038777463138103485,0.02858782187104225
9701,0.03631693497300148,0.04271570220589638
9702,0.06450465321540833,0.06128423660993576
9703,0.06585521250963211,0.05577635020017624
9704,0.050847891718149185,0.043456003069877625
9705,0.038241662085056305,0.030964422971010208
9706,0.02649550698697567,0.0148685397580266
9707,0.029171166941523552,0.018452880904078484
9708,0.02057025395333767,-0.00553294038400054
9709,-0.008383190259337425,-0.0003584022051654756
9710,0.014646532945334911,0.017461206763982773
9711,0.03556058928370476,0.036332663148641586
9712,0.03183097019791603,0.022867685183882713
9713,0.0364314466714859,0.03643617033958435
9714,0.055991631001234055,0.06547436118125916
9715,0.06043785437941551,0.05877663567662239
9716,0.05302315950393677,0.027459075674414635
9717,0.031939465552568436,0.03248216211795807
9718,0.04070499166846275,0.04436486214399338
9719,0.040693920105695724,0.040312279015779495
9720,0.044327154755592346,0.03925500810146332
9721,0.05334199219942093,0.04085493087768555
9722,0.040599603205919266,0.025888416916131973
9723,0.044250719249248505,0.046739596873521805
9724,0.026562204584479332,0.017160579562187195
9725,0.0325329452753067,0.036009810864925385
9726,0.04458524286746979,0.03198488801717758
9727,0.03219631314277649,0.0240798182785511
9728,0.052437830716371536,0.06643861532211304
9729,0.06788467615842819,0.06675497442483902
9730,0.05982255935668945,0.05557417497038841
9731,0.07576755434274673,0.06107163056731224
9732,0.06529960036277771,0.04426412656903267
9733,0.049671683460474014,0.041171781718730927
9734,0.04550571367144585,0.03288482874631882
9735,0.04733218252658844,0.04424579441547394
9736,0.06650985032320023,0.05611632019281387
9737,0.048437509685754776,0.03308048099279404
9738,0.0473768375813961,0.03459570184350014
9739,0.06317306309938431,0.04273127391934395
9740,0.06591425836086273,0.057600513100624084
9741,0.06208091229200363,0.057005513459444046
9742,0.05494805797934532,0.04650968685746193
9743,0.04173656180500984,0.03177835792303085
9744,0.05350840836763382,0.048249367624521255
9745,0.06663734465837479,0.0531625896692276
9746,0.0631190687417984,0.050305988639593124
9747,0.045828577131032944,0.030102958902716637
9748,0.04470265656709671,0.03192147612571716
9749,0.036713022738695145,0.01798071153461933
9750,0.02828751504421234,0.014350652694702148
9751,0.045017682015895844,0.04362862929701805
9752,0.04510358348488808,0.04090603068470955
9753,0.05634022131562233,0.043827179819345474
9754,0.057921312749385834,0.03184971585869789
9755,0.027622729539871216,0.01321435533463955
9756,0.019011039286851883,0.016372445970773697
9757,0.022291019558906555,0.01359381340444088
9758,0.021057676523923874,0.02757127769291401
9759,0.033978160470724106,0.02150360308587551
9760,0.04220573604106903,0.03500480204820633
9761,0.032774388790130615,0.03730054572224617
9762,0.028399990871548653,0.02448018081486225
9763,0.029686100780963898,0.031993236392736435
9764,0.02557489275932312,0.010011037811636925
9765,0.03260146453976631,0.0228838212788105
9766,0.023095721378922462,0.0062493737787008286
9767,0.03150717541575432,0.02475862205028534
9768,0.030349068343639374,0.026056673377752304
9769,0.030802298337221146,0.03597944974899292
9770,0.027744030579924583,0.024918515235185623
9771,0.03503828123211861,0.040628135204315186
9772,0.046657685190439224,0.028441771864891052
9773,0.03685792535543442,0.02997273951768875
9774,0.03281819447875023,0.045121803879737854
9775,0.0563766285777092,0.05318557843565941
9776,0.05385075509548187,0.05885612964630127
9777,0.04635299742221832,0.04701046273112297
9778,0.06687597185373306,0.04669388756155968
9779,0.06402930617332458,0.04488055408000946
9780,0.027170855551958084,0.03406054899096489
9781,0.06167680025100708,0.0570058636367321
9782,0.050236739218235016,0.04036290571093559
9783,0.04861166328191757,0.044538453221321106
9784,0.023372681811451912,0.006818048655986786
9785,0.02015320025384426,0.009152515791356564
9786,0.02985011227428913,0.016239656135439873
9787,0.04370204359292984,0.013720058836042881
9788,0.024060379713773727,0.020420962944626808
9789,0.018423326313495636,0.016617102548480034
9790,0.01750987209379673,0.015429753810167313
9791,0.059580184519290924,0.03793799877166748
9792,0.03886497765779495,0.021776728332042694
9793,0.04020420089364052,0.033274587243795395
9794,0.035473067313432693,0.0323377400636673
9795,0.040291499346494675,0.05136435851454735
9796,0.04089006036520004,0.027800140902400017
9797,0.047300174832344055,0.039010513573884964
9798,0.038195692002773285,0.01794028840959072
9799,0.04992926865816116,0.027785075828433037
9800,0.04724876210093498,0.03256812319159508
9801,0.03710317239165306,0.03485475108027458
9802,0.057070113718509674,0.060114987194538116
9803,0.08622512221336365,0.06309084594249725
9804,0.06822726875543594,0.05749534070491791
9805,0.04943304881453514,0.046478498727083206
9806,0.058702342212200165,0.05632882937788963
9807,0.07000420987606049,0.06637625396251678
9808,0.07080349326133728,0.06459376215934753
9809,0.06932691484689713,0.05959395691752434
9810,0.04826477915048599,0.036868371069431305
9811,0.057490576058626175,0.0507780984044075
9812,0.03128533437848091,0.01918073371052742
9813,0.02968139573931694,0.02343980222940445
9814,0.039714425802230835,0.041052836924791336
9815,0.05933775380253792,0.045242790132761
9816,0.05742032825946808,0.04966617375612259
9817,0.043174341320991516,0.03435707464814186
9818,0.033951327204704285,0.03194097802042961
9819,0.045272234827280045,0.04111289232969284
9820,0.03856699541211128,0.03418636694550514
9821,0.02684258483350277,0.020253118127584457
9822,0.05888280272483826,0.04860036447644234
9823,0.045958805829286575,0.03602674603462219
9824,0.03489542379975319,0.027657525613904
9825,0.03917107731103897,0.022924907505512238
9826,0.026387441903352737,0.02923228032886982
9827,0.05555602163076401,0.049064043909311295
9828,0.04087218642234802,0.03678326681256294
9829,0.04607328027486801,0.05268733203411102
9830,0.061633605509996414,0.07269077748060226
9831,0.07295533269643784,0.0707390084862709
9832,0.050036244094371796,0.052095796912908554
9833,0.036955270916223526,0.04464666172862053
9834,0.05243120715022087,0.03989488258957863
9835,0.047669246792793274,0.04052361100912094
9836,0.04810832813382149,0.04598662629723549
9837,0.057034119963645935,0.038034021854400635
9838,0.035290371626615524,0.03546156734228134
9839,0.043431490659713745,0.04920719936490059
9840,0.0401952899992466,0.035951878875494
9841,0.04187002405524254,0.03171947970986366
9842,0.04517486318945885,0.028124457225203514
9843,0.035433363169431686,0.03683790937066078
9844,0.047386281192302704,0.04229963198304176
9845,0.03563877195119858,0.026291627436876297
9846,0.03863098844885826,0.03836485743522644
9847,0.03577421233057976,0.042740222066640854
9848,0.040844615548849106,0.026770882308483124
9849,0.0353972353041172,0.03520497307181358
9850,0.05853189900517464,0.05195903778076172
9851,0.06067400425672531,0.06586912274360657
9852,0.05513590946793556,0.03364694491028786
9853,0.057892389595508575,0.05566408112645149
9854,0.043159209191799164,0.04436904191970825
9855,0.0635015144944191,0.0651831403374672
9856,0.08280978351831436,0.057553187012672424
9857,0.055320654064416885,0.05835723876953125
9858,0.04802976921200752,0.03466019406914711
9859,0.04657730460166931,0.02921251580119133
9860,0.016215486451983452,0.019037598744034767
9861,0.025514760985970497,0.017480364069342613
9862,0.05359823629260063,0.06069345027208328
9863,0.03864113986492157,0.029413389042019844
9864,0.04847544804215431,0.045450359582901
9865,0.05484257638454437,0.05703563615679741
9866,0.05763193964958191,0.04680679738521576
9867,0.054921410977840424,0.04670245572924614
9868,0.05558352917432785,0.04446371644735336
9869,0.0661524087190628,0.054239943623542786
9870,0.06237369030714035,0.05884737893939018
9871,0.06078459322452545,0.056299567222595215
9872,0.06619876623153687,0.06495855003595352
9873,0.056452274322509766,0.04704097658395767
9874,0.03578336164355278,0.02747628279030323
9875,0.046416234225034714,0.03884126618504524
9876,0.05974169448018074,0.05526431277394295
9877,0.05762927606701851,0.041869815438985825
9878,0.034097667783498764,0.031674984842538834
9879,0.03627811372280121,0.032981570810079575
9880,0.02626228705048561,0.027378873899579048
9881,0.03348558023571968,0.0384732224047184
9882,0.04518011957406998,0.03515329211950302
9883,0.04514630511403084,0.043316081166267395
9884,0.050235576927661896,0.05470115318894386
9885,0.06660271435976028,0.07543618232011795
9886,0.057348571717739105,0.05219458416104317
9887,0.04773565009236336,0.03525305166840553
9888,0.05175444856286049,0.03909501060843468
9889,0.05204787850379944,0.04634824022650719
9890,0.051531754434108734,0.050541024655103683
9891,0.052964843809604645,0.05989447608590126
9892,0.06509625166654587,0.0565420538187027
9893,0.058282557874917984,0.03585164621472359
9894,0.045736730098724365,0.034712206572294235
9895,0.052692756056785583,0.04272136464715004
9896,0.04352056235074997,0.03706581890583038
9897,0.057787664234638214,0.05294107645750046
9898,0.06742369383573532,0.06080274283885956
9899,0.05240173265337944,0.060596976429224014
9900,0.08900579065084457,0.08649064600467682
9901,0.05591403320431709,0.052306223660707474
9902,0.06785193085670471,0.06343430280685425
9903,0.06869775801897049,0.06643248349428177
9904,0.06753935664892197,0.07764388620853424
9905,0.05804736912250519,0.04894369840621948
9906,0.055726733058691025,0.0556914396584034
9907,0.04866465553641319,0.03729582950472832
9908,0.0458434596657753,0.05195170268416405
9909,0.06973311305046082,0.055574700236320496
9910,0.055335626006126404,0.04487227275967598
9911,0.06992261856794357,0.07248737663030624
9912,0.07039438933134079,0.06429606676101685
9913,0.08614817261695862,0.0765528604388237
9914,0.05683710798621178,0.03447216376662254
9915,0.03353332728147507,0.02434128150343895
9916,0.03646666556596756,0.03688877448439598
9917,0.03790336474776268,0.022783977910876274
9918,0.02685626782476902,0.020571906119585037
9919,0.022892845794558525,0.02600793167948723
9920,0.04369914531707764,0.03297525644302368
9921,0.04709246754646301,0.0368841178715229
9922,0.04761914908885956,0.042245812714099884
9923,0.03636932373046875,0.040199413895606995
9924,0.06923151016235352,0.06766092777252197
9925,0.05806051567196846,0.05503406375646591
9926,0.06538447737693787,0.0641319677233696
9927,0.0408196784555912,0.03081422485411167
9928,0.03541948273777962,0.030013982206583023
9929,0.045735228806734085,0.03854702040553093
9930,0.03916909173130989,0.026208866387605667
9931,0.02192172408103943,0.021319180727005005
9932,0.03349903225898743,0.03051863983273506
9933,0.04686255380511284,0.042117681354284286
9934,0.04079457372426987,0.016212718561291695
9935,0.009152288548648357,0.017728203907608986
9936,0.0296634454280138,0.029285041615366936
9937,0.0427611842751503,0.022085538133978844
9938,0.040022313594818115,0.03674836829304695
9939,0.02837320603430271,0.023949598893523216
9940,0.03119429014623165,0.028104374185204506
9941,0.05249520763754845,0.042800962924957275
9942,0.055689532309770584,0.05172616243362427
9943,0.06312356144189835,0.04881299287080765
9944,0.07339194416999817,0.06944005191326141
9945,0.06830732524394989,0.06686180830001831
9946,0.06288012117147446,0.055973947048187256
9947,0.034126248210668564,0.02267024852335453
9948,0.04212631657719612,0.02823297120630741
9949,0.03697137534618378,0.043922968208789825
9950,0.0611155740916729,0.054220229387283325
9951,0.04534229636192322,0.060584571212530136
9952,0.06393467634916306,0.04126938804984093
9953,0.05203279107809067,0.04873884469270706
9954,0.059626899659633636,0.04578021168708801
9955,0.0654149204492569,0.058710746467113495
9956,0.06611976027488708,0.06529045850038528
9957,0.07734618335962296,0.06892690062522888
9958,0.07160953432321548,0.0671943798661232
9959,0.059784241020679474,0.056004785001277924
9960,0.04870137572288513,0.04614756256341934
9961,0.03230338916182518,0.021602923050522804
9962,0.048830244690179825,0.03902348130941391
9963,0.032785892486572266,0.031286027282476425
9964,0.017323477193713188,0.022584185004234314
9965,0.027212945744395256,0.015469172038137913
9966,0.011100615374743938,0.01248127780854702
9967,0.03883909806609154,0.02246549353003502
9968,0.0319000706076622,0.02445433847606182
9969,0.0387437678873539,0.021923504769802094
9970,0.04062950238585472,0.03617801144719124
9971,0.04139140620827675,0.036594193428754807
9972,0.045607469975948334,0.04991864785552025
9973,0.06397012621164322,0.04356800764799118
9974,0.04438537731766701,0.040214844048023224
9975,0.044913750141859055,0.027304934337735176
9976,0.03354516997933388,0.019880501553416252
9977,0.046291764825582504,0.040790580213069916
9978,0.05403904989361763,0.04985353723168373
9979,0.054161008447408676,0.05841689556837082
9980,0.06683233380317688,0.05605504289269447
9981,0.09007354080677032,0.09203977137804031
9982,0.10663635283708572,0.08405878394842148
9983,0.0702722892165184,0.04370782524347305
9984,0.042670417577028275,0.03274001553654671
9985,0.04493311792612076,0.05166586488485336
9986,0.05615054443478584,0.03798108547925949
9987,0.04934549331665039,0.049119867384433746
9988,0.0581354945898056,0.04400768503546715
9989,0.05842241644859314,0.046123020350933075
9990,0.043147701770067215,0.039811380207538605
9991,0.044834304600954056,0.032181087881326675
9992,0.05282832682132721,0.04153769835829735
9993,0.05299720540642738,0.044168490916490555
9994,0.04346948117017746,0.043228816241025925
9995,0.05877818912267685,0.04506796598434448
9996,0.04142555594444275,0.032400719821453094
9997,0.053159695118665695,0.0530957356095314
9998,0.05780741199851036,0.04118001461029053
9999,0.048795074224472046,0.026505758985877037
10000,0.02654782496392727,0.02557230368256569
10001,0.052716683596372604,0.05611402168869972
10002,0.04727618396282196,0.044368427246809006
10003,0.02270122431218624,0.01910681091248989
10004,0.021525414660573006,0.00505339540541172
10005,0.00704572070389986,0.0038253189995884895
10006,0.0063834716565907,0.013858292251825333
10007,0.030413294211030006,0.03752654045820236
10008,0.04144986718893051,0.03588102385401726
10009,0.04380428418517113,0.03899169713258743
10010,0.059227146208286285,0.036482613533735275
10011,0.04865728318691254,0.04364717751741409
10012,0.0654783621430397,0.05968795344233513
10013,0.07981039583683014,0.05724465847015381
10014,0.07275105267763138,0.0673660933971405
10015,0.06247137486934662,0.034975726157426834
10016,0.04088626056909561,0.03335950896143913
10017,0.025396976619958878,0.015851104632019997
10018,0.030193643644452095,0.030798373743891716
10019,0.031640566885471344,0.019498351961374283
10020,0.02938874252140522,0.018648089841008186
10021,0.023118076846003532,0.01979539915919304
10022,0.05813086777925491,0.05257907882332802
10023,0.05234432965517044,0.041947536170482635
10024,0.03937589377164841,0.034760184586048126
10025,0.044467952102422714,0.04858926311135292
10026,0.05932868644595146,0.057891976088285446
10027,0.05279027298092842,0.040811169892549515
10028,0.05531948059797287,0.0434274785220623
10029,0.0366428941488266,0.030282286927103996
10030,0.054957952350378036,0.05805094167590141
10031,0.047313153743743896,0.04948529228568077
10032,0.03845667839050293,0.04363466426730156
10033,0.030045224353671074,0.02010691910982132
10034,0.025499725714325905,0.02356170304119587
10035,0.03664376214146614,0.03855666518211365
10036,0.05115535855293274,0.04290206357836723
10037,0.06338786333799362,0.04944803565740585
10038,0.044226620346307755,0.043415460735559464
10039,0.03777081146836281,0.030836142599582672
10040,0.033048804849386215,0.028100311756134033
10041,0.016776839271187782,0.02776503562927246
10042,0.02408876270055771,0.028031932190060616
10043,0.014988439157605171,0.005363028962165117
10044,0.04485898092389107,0.04566642642021179
10045,0.027767788618803024,0.027028875425457954
10046,0.04378744587302208,0.039788868278265
10047,0.049797531217336655,0.05678318440914154
10048,0.07741719484329224,0.0682731494307518
10049,0.07795976847410202,0.06752075254917145
10050,0.06598494946956635,0.06080622598528862
10051,0.054903801530599594,0.039728857576847076
10052,0.03133108466863632,0.029528040438890457
10053,0.048809345811605453,0.04326848313212395
10054,0.047702252864837646,0.03402658551931381
10055,0.029093530029058456,0.02288181520998478
10056,0.0352829247713089,0.033611539751291275
10057,0.035352688282728195,0.029952427372336388
10058,0.03569299355149269,0.030093567445874214
10059,0.029208805412054062,0.013887550681829453
10060,0.011073791421949863,-0.0014428225113078952
10061,0.0054924669675529,0.013256469741463661
10062,0.028548898175358772,0.016719529405236244
10063,0.04032445698976517,0.03832341730594635
10064,0.03717324510216713,0.04101082682609558
10065,0.04331711307168007,0.03189593181014061
10066,0.04831678047776222,0.039995208382606506
10067,0.053322482854127884,0.03579714149236679
10068,0.050951890647411346,0.040823567658662796
10069,0.04847458750009537,0.042873792350292206
10070,0.061102621257305145,0.05671489238739014
10071,0.08309131860733032,0.06825175136327744
10072,0.06872600317001343,0.07134819775819778
10073,0.05404790863394737,0.04627715051174164
10074,0.043531082570552826,0.026057342067360878
10075,0.02717268280684948,0.035499125719070435
10076,0.03435280919075012,0.029395990073680878
10077,0.06279633939266205,0.05837186053395271
10078,0.06784243881702423,0.06418251246213913
10079,0.07653063535690308,0.07025506347417831
10080,0.08004914224147797,0.0723143219947815
10081,0.053756024688482285,0.056526292115449905
10082,0.055404435843229294,0.038961295038461685
10083,0.0107709476724267,0.010224455036222935
10084,0.034705791622400284,0.025497984141111374
10085,0.034204207360744476,0.03324931859970093
10086,0.04718049615621567,0.0626559853553772
10087,0.06452419608831406,0.061326004564762115
10088,0.08717899024486542,0.06713024526834488
10089,0.052769988775253296,0.039675042033195496
10090,0.0414033904671669,0.025823188945651054
10091,0.032751165330410004,0.024442745372653008
10092,0.032039713114500046,0.035458482801914215
10093,0.04455627128481865,0.02751714363694191
10094,0.047639694064855576,0.04449419304728508
10095,0.04611366614699364,0.03759820759296417
10096,0.05196906253695488,0.04383450374007225
10097,0.056485552340745926,0.044778525829315186
10098,0.04630422592163086,0.04264667630195618
10099,0.03559783473610878,0.03073718026280403
10100,0.0315282829105854,0.01900806464254856
10101,0.022486276924610138,0.014196477830410004
10102,0.03319447860121727,0.03155212476849556
10103,0.02901121787726879,0.018319644033908844
10104,0.02807311899960041,0.03968529403209686
10105,0.05119732394814491,0.05331629514694214
10106,0.060721736401319504,0.05796309933066368
10107,0.061126865446567535,0.04854197800159454
10108,0.0625271275639534,0.04967521131038666
10109,0.05201609805226326,0.03792649134993553
10110,0.05816282704472542,0.04834694787859917
10111,0.05920335277915001,0.045422378927469254
10112,0.05718730017542839,0.0611872598528862
10113,0.04758893698453903,0.04259100183844566
10114,0.054592255502939224,0.04125224053859711
10115,0.05261346697807312,0.0470268577337265
10116,0.052022650837898254,0.039113305509090424
10117,0.049723949283361435,0.04315246269106865
10118,0.02597334049642086,0.016991809010505676
10119,0.04869038611650467,0.0431799590587616
10120,0.07510934770107269,0.0585503987967968
10121,0.07651499658823013,0.0629364401102066
10122,0.0926080271601677,0.07868532836437225
10123,0.06774123758077621,0.06417343765497208
10124,0.04869258403778076,0.03566846251487732
10125,0.041843537241220474,0.03444705531001091
10126,0.03322190046310425,0.021006548777222633
10127,0.04066424071788788,0.02750297077000141
10128,0.039541687816381454,0.02994854375720024
10129,0.04829280078411102,0.042105719447135925
10130,0.06307391077280045,0.057921361178159714
10131,0.0536276139318943,0.05045747011899948
10132,0.058100178837776184,0.040691688656806946
10133,0.05039419233798981,0.04525819420814514
10134,0.054660942405462265,0.05888695642352104
10135,0.0622081533074379,0.04151494801044464
10136,0.049415480345487595,0.04738447815179825
10137,0.06425658613443375,0.0592544749379158
10138,0.05010135844349861,0.036403682082891464
10139,0.04295545816421509,0.02948714606463909
10140,0.02292225882411003,0.01970631815493107
10141,0.016806669533252716,0.018126072362065315
10142,0.029967281967401505,0.01564180850982666
10143,0.052206166088581085,0.04906152933835983
10144,0.06666159629821777,0.06524655222892761
10145,0.05189909785985947,0.03570467606186867
10146,0.028489496558904648,0.02699892781674862
10147,0.035092007368803024,0.036441620439291
10148,0.03001328930258751,0.027730019763112068
10149,0.03806842118501663,0.04044976085424423
10150,0.02567603439092636,0.036452796310186386
10151,0.04532968997955322,0.03784167021512985
10152,0.083724744617939,0.07496890425682068
10153,0.07175698131322861,0.050907354801893234
10154,0.05323265492916107,0.0334123894572258
10155,0.03559517115354538,0.02643299475312233
10156,0.023851705715060234,0.021747589111328125
10157,0.04111357033252716,0.03743429854512215
10158,0.055645812302827835,0.03746657446026802
10159,0.03820541873574257,0.03388182818889618
10160,0.04910833761096001,0.04167116433382034
10161,0.050675973296165466,0.03435961902141571
10162,0.029216019436717033,0.023548364639282227
10163,0.030241742730140686,0.032565727829933167
10164,0.03662346675992012,0.0405365452170372
10165,0.057724304497241974,0.040071405470371246
10166,0.037917330861091614,0.02448662929236889
10167,0.04223949462175369,0.04395854100584984
10168,0.052037063986063004,0.04379163309931755
10169,0.050930771976709366,0.05841458961367607
10170,0.06709373742341995,0.06118978187441826
10171,0.05178074911236763,0.04773334786295891
10172,0.03304874897003174,0.033495109528303146
10173,0.04217176139354706,0.04673133045434952
10174,0.05987009406089783,0.05973401293158531
10175,0.056907977908849716,0.039738647639751434
10176,0.04443589597940445,0.03002554178237915
10177,0.05628548935055733,0.036793265491724014
10178,0.03475075215101242,0.04104594513773918
10179,0.05465675890445709,0.02831963635981083
10180,0.050445787608623505,0.03698637709021568
10181,0.040212955325841904,0.03623850271105766
10182,0.05620952323079109,0.037133269011974335
10183,0.04193779453635216,0.042546115815639496
10184,0.05030055716633797,0.03663491830229759
10185,0.0544917955994606,0.029823729768395424
10186,0.025563756003975868,0.01265227235853672
10187,0.04183485358953476,0.019700568169355392
10188,0.03827092796564102,0.02800162322819233
10189,0.03084244765341282,0.02933684177696705
10190,0.056262511759996414,0.038110408931970596
10191,0.03059680573642254,0.011603969149291515
10192,0.025868045166134834,0.02040337212383747
10193,0.019988182932138443,0.0025202217511832714
10194,0.013980873860418797,0.00623285723850131
10195,0.01594953052699566,0.014033797197043896
10196,0.01429485809057951,0.00798355508595705
10197,0.024919191375374794,-0.0017056718934327364
10198,0.014655997976660728,0.002129076514393091
10199,0.017486976459622383,-0.0026157048996537924
10200,0.019436366856098175,0.03210267424583435
10201,0.05079539492726326,0.04291364178061485
10202,0.05898163467645645,0.04497760534286499
10203,0.03205469250679016,0.026471871882677078
10204,0.023091930896043777,0.015544252470135689
10205,0.02923494018614292,0.02658412605524063
10206,0.039033737033605576,0.02975662425160408
10207,0.04571089521050453,0.037295758724212646
10208,0.04156900569796562,0.030124956741929054
10209,0.04322502389550209,0.0471113845705986
10210,0.043499741703271866,0.04449322819709778
10211,0.03564881160855293,0.035059940069913864
10212,0.04951992630958557,0.04663047194480896
10213,0.048234015703201294,0.0504256933927536
10214,0.062310293316841125,0.05092327296733856
10215,0.06459774821996689,0.051469091325998306
10216,0.05269821733236313,0.05263601616024971
10217,0.0632481500506401,0.06367818266153336
10218,0.07472076267004013,0.06739677488803864
10219,0.05801105499267578,0.046953070908784866
10220,0.06353364139795303,0.05160363018512726
10221,0.07776665687561035,0.04084119573235512
10222,0.045180369168519974,0.0478542186319828
10223,0.07735966891050339,0.06010594964027405
10224,0.04897848516702652,0.04685267433524132
10225,0.05462581664323807,0.03915128856897354
10226,0.05073059722781181,0.03248715028166771
10227,0.061732735484838486,0.05247603729367256
10228,0.04029368236660957,0.031980808824300766
10229,0.0483931265771389,0.03835108503699303
10230,0.04810387268662453,0.04299420863389969
10231,0.05665910243988037,0.04273516312241554
10232,0.03907286375761032,0.03930196538567543
10233,0.0446026436984539,0.03692599758505821
10234,0.05169476196169853,0.04941703751683235
10235,0.05044543743133545,0.04028312489390373
10236,0.0522288903594017,0.043415989726781845
10237,0.05843035876750946,0.05212567001581192
10238,0.056736040860414505,0.035489849746227264
10239,0.048480961471796036,0.04725978150963783
10240,0.07157842814922333,0.04852902516722679
10241,0.07851572334766388,0.05559758469462395
10242,0.0447959341108799,0.02974892407655716
10243,0.05273090675473213,0.05066901817917824
10244,0.057614851742982864,0.04500478506088257
10245,0.03632481023669243,0.014243760146200657
10246,0.02930494397878647,0.02515154704451561
10247,0.031120868399739265,0.02572496607899666
10248,0.04482094943523407,0.04378920793533325
10249,0.040631890296936035,0.03723617270588875
10250,0.04319021850824356,0.03813590109348297
10251,0.06677154451608658,0.0595628060400486
10252,0.06544148176908493,0.056933194398880005
10253,0.05775393918156624,0.05084668844938278
10254,0.051923830062150955,0.038934413343667984
10255,0.03378309682011604,0.03979448974132538
10256,0.037240929901599884,0.035308074206113815
10257,0.06936651468276978,0.05805971100926399
10258,0.0637083575129509,0.058825984597206116
10259,0.06830883026123047,0.045587580651044846
10260,0.058347392827272415,0.060093529522418976
10261,0.0593721941113472,0.03978237137198448
10262,0.06173788011074066,0.05686742439866066
10263,0.05744346231222153,0.06261686980724335
10264,0.045582037419080734,0.03068995475769043
10265,0.024682635441422462,0.023249441757798195
10266,0.031091365963220596,0.03505803272128105
10267,0.02640337124466896,0.02236091159284115
10268,0.03159835934638977,0.016481472179293633
10269,0.016343751922249794,0.01647813990712166
10270,0.026869088411331177,0.023876769468188286
10271,0.02992107905447483,0.026753878220915794
10272,0.04175105318427086,0.03829781711101532
10273,0.02907981351017952,0.025977114215493202
10274,0.0445530079305172,0.0370742566883564
10275,0.024883747100830078,0.02152983285486698
10276,0.04847345128655434,0.042035479098558426
10277,0.05372036248445511,0.03646164387464523
10278,0.051461610943078995,0.036447640508413315
10279,0.03390932083129883,0.02243689075112343
10280,0.02968926727771759,0.03234783932566643
10281,0.03519221767783165,0.022689789533615112
10282,0.05301787331700325,0.031493883579969406
10283,0.04614974185824394,0.051990754902362823
10284,0.05769338458776474,0.04703124985098839
10285,0.05320262908935547,0.04214323312044144
10286,0.042628563940525055,0.03991119936108589
10287,0.041037417948246,0.04195912554860115
10288,0.0483306385576725,0.03142562508583069
10289,0.04269199073314667,0.035219449549913406
10290,0.05264242738485336,0.03003944456577301
10291,0.033733777701854706,0.028021853417158127
10292,0.03994758799672127,0.033708781003952026
10293,0.038117486983537674,0.03481901064515114
10294,0.04096169024705887,0.02192181907594204
10295,0.04147373512387276,0.0332215242087841
10296,0.04102211818099022,0.03538438677787781
10297,0.040568895637989044,0.030255649238824844
10298,0.038566309958696365,0.03432018309831619
10299,0.048623837530612946,0.04173251613974571
10300,0.0569835789501667,0.055544592440128326
10301,0.05624273419380188,0.05955193564295769
10302,0.08179330080747604,0.07652092725038528
10303,0.08878180384635925,0.08477689325809479
10304,0.08175390958786011,0.08224891871213913
10305,0.07284583151340485,0.06758544594049454
10306,0.0661570355296135,0.052073802798986435
10307,0.06026275455951691,0.05290685594081879
10308,0.04384007677435875,0.036927152425050735
10309,0.04623471945524216,0.04036558419466019
10310,0.05533789470791817,0.04564708098769188
10311,0.06867329031229019,0.056994639337062836
10312,0.06275451928377151,0.04946343973278999
10313,0.039042435586452484,0.027228623628616333
10314,0.03556360676884651,0.02037319913506508
10315,0.03560486063361168,0.024726837873458862
10316,0.0462285652756691,0.03666787967085838
10317,0.04010559245944023,0.03147803619503975
10318,0.02764727920293808,0.026589851826429367
10319,0.04533124342560768,0.04326419159770012
10320,0.05304860323667526,0.045899953693151474
10321,0.06987408548593521,0.04854343459010124
10322,0.04918093606829643,0.02734711393713951
10323,0.04146679490804672,0.03786801919341087
10324,0.05871415138244629,0.06396316736936569
10325,0.05757683888077736,0.05821652710437775
10326,0.05303635448217392,0.048759642988443375
10327,0.048815593123435974,0.04480024799704552
10328,0.043803971260786057,0.03767213225364685
10329,0.07093803584575653,0.060779817402362823
10330,0.056246496737003326,0.06278041005134583
10331,0.06691274791955948,0.0529450885951519
10332,0.0507650189101696,0.04645231366157532
10333,0.034911852329969406,0.028945768252015114
10334,0.027665195986628532,0.021807672455906868
10335,0.03272974118590355,0.03207419812679291
10336,0.061601422727108,0.026339178904891014
10337,0.040784627199172974,0.044337961822748184
10338,0.05816413089632988,0.0491609163582325
10339,0.04194461926817894,0.04780782014131546
10340,0.052335090935230255,0.047442853450775146
10341,0.05970707908272743,0.06935162842273712
10342,0.04497858136892319,0.035687804222106934
10343,0.039863064885139465,0.0203231368213892
10344,0.03594259172677994,0.030513931065797806
10345,0.03307364508509636,0.02012014389038086
10346,0.02586870640516281,0.027430284768342972
10347,0.023618420585989952,0.015836387872695923
10348,0.03247391805052757,0.026640422642230988
10349,0.04607248678803444,0.030275067314505577
10350,0.04067148640751839,0.04865223169326782
10351,0.06750975549221039,0.05742402747273445
10352,0.050498299300670624,0.04390476271510124
10353,0.06618484109640121,0.06065184250473976
10354,0.07585456222295761,0.06699786335229874
10355,0.06919605284929276,0.06714121997356415
10356,0.07365530729293823,0.06512171775102615
10357,0.07195018976926804,0.0713685005903244
10358,0.05818168446421623,0.03928636386990547
10359,0.06098354607820511,0.047727856785058975
10360,0.02054007723927498,0.021719973534345627
10361,0.028230763971805573,0.02090994268655777
10362,0.04039464145898819,0.02769322507083416
10363,0.04213568940758705,0.031694717705249786
10364,0.05772152915596962,0.053656205534935
10365,0.06217696890234947,0.0440264493227005
10366,0.04341622442007065,0.0327608622610569
10367,0.03427237644791603,0.03743665665388107
10368,0.05788587033748627,0.04645733907818794
10369,0.06744047999382019,0.07262230664491653
10370,0.07144059985876083,0.06281262636184692
10371,0.0687735453248024,0.06109553202986717
10372,0.053270574659109116,0.03676528111100197
10373,0.04585156962275505,0.041469644755125046
10374,0.050262998789548874,0.05410073325037956
10375,0.04794827103614807,0.04328848421573639
10376,0.05772610008716583,0.051814816892147064
10377,0.06224120408296585,0.06461892277002335
10378,0.05258651450276375,0.03780226409435272
10379,0.030982332304120064,0.020958397537469864
10380,0.015334224328398705,0.002388590946793556
10381,0.003694989252835512,0.0029021159280091524
10382,0.02147815190255642,0.017110483720898628
10383,0.05178897827863693,0.04418143630027771
10384,0.05468139052391052,0.03690830618143082
10385,0.08185545355081558,0.0651945099234581
10386,0.06385184824466705,0.05136183649301529
10387,0.0734362080693245,0.06981810182332993
10388,0.05151128023862839,0.042826857417821884
10389,0.0614401139318943,0.047266773879528046
10390,0.06310668587684631,0.045832496136426926
10391,0.06299663335084915,0.059870216995477676
10392,0.06493508070707321,0.05556733161211014
10393,0.06270584464073181,0.056219831109046936
10394,0.051136698573827744,0.04067159444093704
10395,0.04763198271393776,0.04997503384947777
10396,0.04878024011850357,0.03257881850004196
10397,0.03700513392686844,0.030681487172842026
10398,0.0317915640771389,0.029978318139910698
10399,0.023940294981002808,0.03692236542701721
10400,0.05222587287425995,0.03894465044140816
10401,0.02527950517833233,0.026457276195287704
10402,0.0398649200797081,0.02772284485399723
10403,0.06010270491242409,0.053276535123586655
10404,0.05692653730511665,0.047898564487695694
10405,0.04987214133143425,0.04535938799381256
10406,0.050278905779123306,0.046874746680259705
10407,0.041033122688531876,0.02995125949382782
10408,0.02949422411620617,0.030683157965540886
10409,0.023974843323230743,0.011629914864897728
10410,0.026832541450858116,0.017998235300183296
10411,0.03681012988090515,0.028969047591090202
10412,0.023137476295232773,0.021792186424136162
10413,0.03144681826233864,0.031371068209409714
10414,0.03730423375964165,0.032593097537755966
10415,0.046382807195186615,0.054140105843544006
10416,0.06142314523458481,0.06054366007447243
10417,0.06951694935560226,0.060337938368320465
10418,0.06305339187383652,0.062406767159700394
10419,0.06208255887031555,0.05236122012138367
10420,0.054351288825273514,0.04775705188512802
10421,0.02992585487663746,0.029500344768166542
10422,0.04014598950743675,0.03800686448812485
10423,0.05605737119913101,0.0513719767332077
10424,0.05705541372299194,0.021600473672151566
10425,0.024218304082751274,0.03635455667972565
10426,0.02245558798313141,0.01208779402077198
10427,0.022980554029345512,0.011825759895145893
10428,0.023192111402750015,0.03698107227683067
10429,0.03833572193980217,0.035212479531764984
10430,0.043493546545505524,0.027391396462917328
10431,0.05910765007138252,0.049665383994579315
10432,0.05272339656949043,0.052971940487623215
10433,0.06404236704111099,0.055392976850271225
10434,0.08652713894844055,0.0746389776468277
10435,0.06243765726685524,0.04985993355512619
10436,0.0640980526804924,0.039859794080257416
10437,0.040810346603393555,0.03496019169688225
10438,0.03357057645916939,0.030507728457450867
10439,0.027795687317848206,0.02194761298596859
10440,0.04382988065481186,0.0363490916788578
10441,0.048284705728292465,0.04817570745944977
10442,0.059082917869091034,0.051103197038173676
10443,0.06537938117980957,0.05054348334670067
10444,0.043005745857954025,0.03610576316714287
10445,0.043278809636831284,0.023985181003808975
10446,0.03814377263188362,0.031722020357847214
10447,0.03800429776310921,0.03837781399488449
10448,0.053695425391197205,0.03485848754644394
10449,0.04904866963624954,0.04177817702293396
10450,0.07082602381706238,0.06726089119911194
10451,0.060926180332899094,0.04289858415722847
10452,0.04239363595843315,0.05159687250852585
10453,0.06894034892320633,0.049113452434539795
10454,0.06042098626494408,0.06287390738725662
10455,0.07756620645523071,0.07547026127576828
10456,0.09605883061885834,0.08485214412212372
10457,0.05256100744009018,0.03564189374446869
10458,0.05658450722694397,0.03857455775141716
10459,0.04116545990109444,0.02841864712536335
10460,0.05961788818240166,0.039078909903764725
10461,0.05822227522730827,0.04708980396389961
10462,0.05947096645832062,0.05998873710632324
10463,0.07225646078586578,0.06125687435269356
10464,0.04810066893696785,0.04273748770356178
10465,0.039638929069042206,0.04362061619758606
10466,0.06061425805091858,0.044957879930734634
10467,0.05558375269174576,0.0544743575155735
10468,0.058391816914081573,0.05768407881259918
10469,0.09640773385763168,0.08467428386211395
10470,0.07508482784032822,0.0754823386669159
10471,0.056581512093544006,0.04499929025769234
10472,0.05066126957535744,0.046477142721414566
10473,0.0481974296271801,0.05058965086936951
10474,0.04946739971637726,0.03625088930130005
10475,0.03091343864798546,0.03354132920503616
10476,0.04757842421531677,0.035493459552526474
10477,0.03848760947585106,0.03541581705212593
10478,0.04308225214481354,0.023007957264780998
10479,0.039840709418058395,0.019361281767487526
10480,0.04061506688594818,0.02075592428445816
10481,0.03761782869696617,0.04177917167544365
10482,0.03786288574337959,0.03139718621969223
10483,0.04003060609102249,0.04119059816002846
10484,0.05778754875063896,0.048695165663957596
10485,0.041371900588274,0.04659365862607956
10486,0.045939940959215164,0.0313672311604023
10487,0.04884843900799751,0.04367799684405327
10488,0.0531681627035141,0.07495741546154022
10489,0.056520551443099976,0.05507048964500427
10490,0.044596076011657715,0.04609232395887375
10491,0.04377812147140503,0.03258749470114708
10492,0.02700071409344673,0.02539932355284691
10493,0.051458653062582016,0.04454297572374344
10494,0.0381912887096405,0.014310741797089577
10495,0.02345322258770466,0.021394459530711174
10496,0.044606298208236694,0.044213008135557175
10497,0.04220478981733322,0.023329565301537514
10498,0.04134159907698631,0.04788627475500107
10499,0.043885599821805954,0.04101453348994255
10500,0.04388630762696266,0.04563936963677406
10501,0.05234741047024727,0.040769174695014954
10502,0.041505198925733566,0.046989280730485916
10503,0.04934689775109291,0.038975514471530914
10504,0.052623771131038666,0.04143833741545677
10505,0.058332737535238266,0.05394963175058365
10506,0.04412105306982994,0.032173771411180496
10507,0.05193157494068146,0.04660786688327789
10508,0.03518170863389969,0.029829028993844986
10509,0.047104865312576294,0.02831428498029709
10510,0.036524269729852676,0.05150022730231285
10511,0.05505196377635002,0.0530635342001915
10512,0.052725061774253845,0.03334774449467659
10513,0.04820188507437706,0.049999307841062546
10514,0.06139390543103218,0.05628407001495361
10515,0.050059542059898376,0.037611979991197586
10516,0.04816083237528801,0.024968352168798447
10517,0.044870659708976746,0.03667982295155525
10518,0.049313221126794815,0.047121044248342514
10519,0.04160863161087036,0.03439062461256981
10520,0.02896140329539776,0.018722500652074814
10521,0.028750043362379074,0.022250104695558548
10522,0.042173366993665695,0.028315996751189232
10523,0.028990531340241432,0.020313741639256477
10524,0.028487466275691986,0.01662074774503708
10525,0.028697581961750984,0.03208344057202339
10526,0.04424917697906494,0.03171204403042793
10527,0.053347066044807434,0.05542494356632233
10528,0.044959213584661484,0.035848695784807205
10529,0.032532211393117905,0.032262176275253296
10530,0.04835296794772148,0.034208863973617554
10531,0.041939444839954376,0.03658001497387886
10532,0.04347804933786392,0.044417139142751694
10533,0.07092688977718353,0.06129579618573189
10534,0.04367930069565773,0.044115856289863586
10535,0.05067216977477074,0.024697773158550262
10536,0.042530354112386703,0.0422426275908947
10537,0.021216673776507378,0.006738306488841772
10538,0.035802315920591354,0.032230496406555176
10539,0.02218087948858738,0.032621949911117554
10540,0.02658429928123951,0.014909356832504272
10541,0.02844354882836342,0.02529858611524105
10542,0.02556857280433178,0.01773126609623432
10543,0.03854794800281525,0.026275647804141045
10544,0.040736276656389236,0.03280770406126976
10545,0.0524134561419487,0.039851926267147064
10546,0.057495322078466415,0.05435822159051895
10547,0.05656948313117027,0.04164288938045502
10548,0.03438441827893257,0.019874628633260727
10549,0.02779318578541279,0.02047339454293251
10550,0.03409407287836075,0.03219202533364296
10551,0.03733154386281967,0.03141755610704422
10552,0.04990770295262337,0.039096441119909286
10553,0.03703838959336281,0.0361451730132103
10554,0.026332780718803406,0.02537756972014904
10555,0.029093081131577492,0.01149661373347044
10556,0.00842779316008091,0.021460484713315964
10557,0.047279052436351776,0.03850700706243515
10558,0.04068123921751976,0.04639923945069313
10559,0.0677301213145256,0.0563163124024868
10560,0.07345256209373474,0.04277944564819336
10561,0.03827104717493057,0.039251793175935745
10562,0.05408680438995361,0.0360439233481884
10563,0.0329432487487793,0.030855096876621246
10564,0.0456438809633255,0.04799199476838112
10565,0.0693659707903862,0.0664714053273201
10566,0.07141599804162979,0.07831356674432755
10567,0.08314007520675659,0.06430400162935257
10568,0.07328276336193085,0.05465385690331459
10569,0.07652204483747482,0.0668693259358406
10570,0.08609367907047272,0.07927536964416504
10571,0.05090734362602234,0.05167623981833458
10572,0.03672479838132858,0.027247091755270958
10573,0.03922634199261665,0.030861949548125267
10574,0.03814316168427467,0.04052140936255455
10575,0.04928137734532356,0.03261033445596695
10576,0.040007419884204865,0.039267029613256454
10577,0.039995234459638596,0.029223278164863586
10578,0.038923945277929306,0.028265630826354027
10579,0.02501332387328148,0.021306492388248444
10580,0.04661255329847336,0.02704939804971218
10581,0.050327278673648834,0.026785990223288536
10582,0.028449183329939842,0.022479813545942307
10583,0.055504925549030304,0.03672287240624428
10584,0.04306088387966156,0.03764281049370766
10585,0.04825747758150101,0.03948049619793892
10586,0.038233403116464615,0.024883296340703964
10587,0.036691438406705856,0.03543715551495552
10588,0.03836587443947792,0.04355446994304657
10589,0.039583075791597366,0.03094647079706192
10590,0.045387957245111465,0.03757579252123833
10591,0.03345991671085358,0.040646329522132874
10592,0.04515015333890915,0.023544447496533394
10593,0.056116946041584015,0.04372609034180641
10594,0.06006736680865288,0.051889818161726
10595,0.03926776349544525,0.022815728560090065
10596,0.036136504262685776,0.02441502921283245
10597,0.027971670031547546,0.032989807426929474
10598,0.048336636275053024,0.02784460037946701
10599,0.05509279668331146,0.040835920721292496
10600,0.041698966175317764,0.03921033814549446
10601,0.060594405978918076,0.043610695749521255
10602,0.07211869210004807,0.0549178384244442
10603,0.06190165877342224,0.04717380553483963
10604,0.058853767812252045,0.04832024499773979
10605,0.05935349315404892,0.05135750398039818
10606,0.027260761708021164,0.02244817093014717
10607,0.04795186221599579,0.038225553929805756
10608,0.04569185525178909,0.03208821266889572
10609,0.04759250208735466,0.04112497344613075
10610,0.04192378744482994,0.0491795651614666
10611,0.0493200458586216,0.054953884333372116
10612,0.06285169720649719,0.06296288222074509
10613,0.07184108346700668,0.05713888630270958
10614,0.07711969316005707,0.05415470898151398
10615,0.0441591739654541,0.030394017696380615
10616,0.03883523494005203,0.03782803565263748
10617,0.038114722818136215,0.030895376577973366
10618,0.04236932843923569,0.04775478318333626
10619,0.06464502960443497,0.0689534991979599
10620,0.041797976940870285,0.03936031088232994
10621,0.028793752193450928,0.023490140214562416
10622,0.030414996668696404,0.016013169661164284
10623,0.03306066244840622,0.01365448348224163
10624,0.023287098854780197,0.01895771734416485
10625,0.03242378309369087,0.023828769102692604
10626,0.024583080783486366,0.016194814816117287
10627,0.014924030750989914,0.010970340110361576
10628,0.05219853296875954,0.045973021537065506
10629,0.04870433360338211,0.029166491702198982
10630,0.04207347705960274,0.04163875803351402
10631,0.07727789878845215,0.055846162140369415
10632,0.05371749773621559,0.03615609183907509
10633,0.048040442168712616,0.04372137412428856
10634,0.042767468839883804,0.040677133947610855
10635,0.04968889057636261,0.03788251057267189
10636,0.058143604546785355,0.04824197664856911
10637,0.04248715192079544,0.030773308128118515
10638,0.045161981135606766,0.05210835486650467
10639,0.04496027156710625,0.040069419890642166
10640,0.06695657968521118,0.049600835889577866
10641,0.04931936785578728,0.03894459456205368
10642,0.018156379461288452,0.01582682505249977
10643,0.02450278215110302,0.027187451720237732
10644,0.04811384156346321,0.03610416129231453
10645,0.03120323084294796,0.0329265370965004
10646,0.04647647216916084,0.03968462720513344
10647,0.04893548786640167,0.039019279181957245
10648,0.043764058500528336,0.024435361847281456
10649,0.033268190920352936,0.03208589553833008
10650,0.040725089609622955,0.032685987651348114
10651,0.04523612931370735,0.041916318237781525
10652,0.06581161171197891,0.05245700851082802
10653,0.07392460107803345,0.07748132199048996
10654,0.07668976485729218,0.07038580626249313
10655,0.07601480931043625,0.0640912875533104
10656,0.07697850465774536,0.07065931707620621
10657,0.0498310811817646,0.049174241721630096
10658,0.057639230042696,0.05752258747816086
10659,0.052880946546792984,0.04339372366666794
10660,0.031315501779317856,0.033160652965307236
10661,0.04536681994795799,0.04771725460886955
10662,0.0444231778383255,0.03784552589058876
10663,0.039543502032756805,0.03808722645044327
10664,0.040764108300209045,0.03472359851002693
10665,0.04375802353024483,0.03392885997891426
10666,0.03921743854880333,0.04088500142097473
10667,0.04975231736898422,0.04716160520911217
10668,0.06096604838967323,0.03867693990468979
10669,0.048122916370630264,0.038555264472961426
10670,0.05040217936038971,0.028625918552279472
10671,0.02967599779367447,0.030567046254873276
10672,0.053830768913030624,0.04929110407829285
10673,0.06487728655338287,0.05711748078465462
10674,0.04979565739631653,0.0377015694975853
10675,0.05555284395813942,0.05320718511939049
10676,0.05018641799688339,0.03206157311797142
10677,0.03615376725792885,0.030466962605714798
10678,0.026367701590061188,0.02509480156004429
10679,0.029744448140263557,0.03490753844380379
10680,0.044341251254081726,0.033927060663700104
10681,0.04086502268910408,0.02871265821158886
10682,0.05844469740986824,0.055569667369127274
10683,0.05565010383725166,0.04735255613923073
10684,0.05480056628584862,0.043499041348695755
10685,0.054416969418525696,0.05199217051267624
10686,0.0840967670083046,0.0637146607041359
10687,0.05498677119612694,0.03291027247905731
10688,0.048001665621995926,0.0391220822930336
10689,0.038958944380283356,0.037752337753772736
10690,0.04788146913051605,0.04147172346711159
10691,0.035879939794540405,0.02746433950960636
10692,0.03977734595537186,0.05107909068465233
10693,0.05227179080247879,0.03706394508481026
10694,0.048475801944732666,0.03887033835053444
10695,0.04254462569952011,0.04285977780818939
10696,0.04622240364551544,0.044576261192560196
10697,0.05015723034739494,0.038455937057733536
10698,0.039965420961380005,0.03450135141611099
10699,0.02805427648127079,0.015836171805858612
10700,0.03461659327149391,0.022950807586312294
10701,0.03021649271249771,0.024685250595211983
10702,0.039409831166267395,0.037266477942466736
10703,0.046555161476135254,0.0429794080555439
10704,0.05204632878303528,0.03431437164545059
10705,0.05354664847254753,0.037445832043886185
10706,0.037788115441799164,0.049680743366479874
10707,0.04781607910990715,0.03825923427939415
10708,0.05085135996341705,0.0352136455476284
10709,0.03220320865511894,0.018948525190353394
10710,0.014455811120569706,0.00039267423562705517
10711,0.005766413640230894,0.007031261455267668
10712,0.02053685113787651,0.018688315525650978
10713,0.03970726206898689,0.03297829255461693
10714,0.047066278755664825,0.046320896595716476
10715,0.0650191530585289,0.06054685264825821
10716,0.06055883318185806,0.04511537030339241
10717,0.0468912236392498,0.045165371149778366
10718,0.04653028026223183,0.03845955803990364
10719,0.06765861809253693,0.05152479559183121
10720,0.07149771600961685,0.054564569145441055
10721,0.05677906423807144,0.04611740633845329
10722,0.05393353849649429,0.03121146932244301
10723,0.04239525645971298,0.03864194452762604
10724,0.03292106091976166,0.017014535143971443
10725,0.03203301876783371,0.021909480914473534
10726,0.03798026219010353,0.039503440260887146
10727,0.060813382267951965,0.05538170784711838
10728,0.04539719223976135,0.03829730302095413
10729,0.046954549849033356,0.04074661433696747
10730,0.0432395301759243,0.03528910130262375
10731,0.05025764927268028,0.05071732774376869
10732,0.05086010694503784,0.05339328199625015
10733,0.04580011963844299,0.03874369338154793
10734,0.05498886853456497,0.0410192608833313
10735,0.05600561946630478,0.04741133376955986
10736,0.04858687147498131,0.03667454794049263
10737,0.044225189834833145,0.04632949456572533
10738,0.04729544371366501,0.03530248627066612
10739,0.029942946508526802,0.03135576471686363
10740,0.06046942248940468,0.046701427549123764
10741,0.04968908056616783,0.036808937788009644
10742,0.037304311990737915,0.03949924558401108
10743,0.037018466740846634,0.037368085235357285
10744,0.037306103855371475,0.03175310418009758
10745,0.037861619144678116,0.023633010685443878
10746,0.01843874342739582,0.009519192390143871
10747,0.030645063146948814,0.033039577305316925
10748,0.04156820848584175,0.03235388174653053
10749,0.046305567026138306,0.037496283650398254
10750,0.06382566690444946,0.06104256957769394
10751,0.07398805767297745,0.06712910532951355
10752,0.06273134797811508,0.04122449457645416
10753,0.06979778409004211,0.054668672382831573
10754,0.06916390359401703,0.050623681396245956
10755,0.05738390237092972,0.060129422694444656
10756,0.0674789622426033,0.0454244501888752
10757,0.05206429585814476,0.04023255407810211
10758,0.04328794777393341,0.04204173758625984
10759,0.03896201029419899,0.032880958169698715
10760,0.05949070304632187,0.054014913737773895
10761,0.042004115879535675,0.02446896582841873
10762,0.0415734201669693,0.04187178239226341
10763,0.052452508360147476,0.049895238131284714
10764,0.04909330978989601,0.05100181698799133
10765,0.06138087064027786,0.055395081639289856
10766,0.05332676321268082,0.03021026775240898
10767,0.05332624539732933,0.05007200315594673
10768,0.04323585331439972,0.02834721840918064
10769,0.04705309122800827,0.043102849274873734
10770,0.06473992764949799,0.04589315131306648
10771,0.06883543729782104,0.06902389973402023
10772,0.05530794709920883,0.03664443641901016
10773,0.023442815989255905,0.017620472237467766
10774,0.03578590601682663,0.03770962730050087
10775,0.05464622378349304,0.04096914827823639
10776,0.05155271291732788,0.03633488714694977
10777,0.05312517285346985,0.0601775199174881
10778,0.06530140340328217,0.05091441050171852
10779,0.0676272064447403,0.05726781114935875
10780,0.055848609656095505,0.044645924121141434
10781,0.06335633993148804,0.044191427528858185
10782,0.04820855334401131,0.0495881661772728
10783,0.04842330887913704,0.03543061017990112
10784,0.04325483739376068,0.0373840406537056
10785,0.040487002581357956,0.03682403638958931
10786,0.04636456444859505,0.04373104125261307
10787,0.052098799496889114,0.03973754122853279
10788,0.05053991079330444,0.046561144292354584
10789,0.059243928641080856,0.039391662925481796
10790,0.0331793911755085,0.031124496832489967
10791,0.03540632501244545,0.03912271186709404
10792,0.03982234001159668,0.030864857137203217
10793,0.04165816679596901,0.022935494780540466
10794,0.026560569182038307,0.01826043799519539
10795,0.05095173791050911,0.04120113328099251
10796,0.06530281156301498,0.06303516030311584
10797,0.06294077634811401,0.04780907928943634
10798,0.06242537125945091,0.05749170482158661
10799,0.05040975287556648,0.05142109841108322
10800,0.058637987822294235,0.05305895209312439
10801,0.04532410204410553,0.04711347818374634
10802,0.04061552882194519,0.021882135421037674
10803,0.027602624148130417,0.028530456125736237
10804,0.028141027316451073,0.03812544792890549
10805,0.03164256736636162,0.027185549959540367
10806,0.049282800406217575,0.04535020887851715
10807,0.03812606632709503,0.03469308465719223
10808,0.03228546679019928,0.0399869829416275
10809,0.040978725999593735,0.048480793833732605
10810,0.05108214169740677,0.05947576463222504
10811,0.042679313570261,0.03902304545044899
10812,0.0462903268635273,0.030529167503118515
10813,0.027062630280852318,0.019263822585344315
10814,0.02298615127801895,0.029301339760422707
10815,0.026912519708275795,0.020098015666007996
10816,0.030150998383760452,0.029419176280498505
10817,0.02919848822057247,0.01828766241669655
10818,0.036541860550642014,0.039183322340250015
10819,0.04066423326730728,0.024976225569844246
10820,0.02604781650006771,0.022166935727000237
10821,0.04102021083235741,0.032713696360588074
10822,0.03707060590386391,0.013066072948276997
10823,0.04298437759280205,0.02868291549384594
10824,0.05410211905837059,0.05578447878360748
10825,0.06391652673482895,0.06056040897965431
10826,0.051168084144592285,0.04242964833974838
10827,0.05921904370188713,0.06022415682673454
10828,0.05061803013086319,0.04711164906620979
10829,0.05525178089737892,0.056719645857810974
10830,0.05940161645412445,0.05819260701537132
10831,0.061621177941560745,0.05074012652039528
10832,0.07168392837047577,0.057185098528862
10833,0.07746554166078568,0.05831671506166458
10834,0.05348261073231697,0.061766158789396286
10835,0.04130047559738159,0.04153969883918762
10836,0.04768562689423561,0.04080883041024208
10837,0.04639811813831329,0.04046553000807762
10838,0.04360494017601013,0.03554432839155197
10839,0.03606092184782028,0.007189409341663122
10840,0.02272697724401951,0.021837143227458
10841,0.02613978087902069,0.013033184222877026
10842,0.019706640392541885,0.01645917445421219
10843,0.026743518188595772,0.025764722377061844
10844,0.0514068529009819,0.044426560401916504
10845,0.05189526081085205,0.05354272946715355
10846,0.04923611879348755,0.0424354113638401
10847,0.0375114306807518,0.03485722467303276
10848,0.0520537905395031,0.04081442207098007
10849,0.05322558805346489,0.03762701153755188
10850,0.03169325739145279,0.017407020553946495
10851,0.03294482082128525,0.03364058583974838
10852,0.03831586614251137,0.02796652726829052
10853,0.020495496690273285,0.018504105508327484
10854,0.027214735746383667,0.03260701894760132
10855,0.012464188039302826,0.006055872887372971
10856,0.023133903741836548,0.024688273668289185
10857,0.04200178384780884,0.03489765152335167
10858,0.05435805767774582,0.036110296845436096
10859,0.0688806027173996,0.07064372301101685
10860,0.05055074766278267,0.052506010979413986
10861,0.06715020537376404,0.04590550810098648
10862,0.05080268904566765,0.0416286326944828
10863,0.042174432426691055,0.03649161010980606
10864,0.04452924430370331,0.044358234852552414
10865,0.05087410286068916,0.042031027376651764
10866,0.050001855939626694,0.03911358863115311
10867,0.04410892352461815,0.0445101261138916
10868,0.04833962023258209,0.04044429212808609
10869,0.045474689453840256,0.029495228081941605
10870,0.05635228380560875,0.05710582062602043
10871,0.05486580356955528,0.046841759234666824
10872,0.048985209316015244,0.03094799816608429
10873,0.03359445929527283,0.014317447319626808
10874,0.039853837341070175,0.039924655109643936
10875,0.03756101056933403,0.033118028193712234
10876,0.05529665946960449,0.049907613545656204
10877,0.06224459037184715,0.04676918685436249
10878,0.047904375940561295,0.049903757870197296
10879,0.037049975246191025,0.038704607635736465
10880,0.05413983762264252,0.03826059028506279
10881,0.05002323165535927,0.0365222692489624
10882,0.038497019559144974,0.030133016407489777
10883,0.034366291016340256,0.03252151980996132
10884,0.038342539221048355,0.017430568113923073
10885,0.04137549176812172,0.03400867432355881
10886,0.031860001385211945,0.02616323158144951
10887,0.030806496739387512,0.02341829426586628
10888,0.030467325821518898,0.02722896821796894
10889,0.05279660224914551,0.03940115496516228
10890,0.042157214134931564,0.032954052090644836
10891,0.08122966438531876,0.07147204875946045
10892,0.050363317131996155,0.04321172833442688
10893,0.05042101815342903,0.061219312250614166
10894,0.04187999293208122,0.035163961350917816
10895,0.03709245100617409,0.038629885762929916
10896,0.041475582867860794,0.04451800882816315
10897,0.06573976576328278,0.04232991114258766
10898,0.048363909125328064,0.05032752454280853
10899,0.04018687829375267,0.03926589712500572
10900,0.04765947163105011,0.040837228298187256
10901,0.04986649379134178,0.036227330565452576
10902,0.03005419671535492,0.02936702035367489
10903,0.05306597799062729,0.053295888006687164
10904,0.05294177308678627,0.05060138553380966
10905,0.07150708884000778,0.06382475793361664
10906,0.07560579478740692,0.05923999100923538
10907,0.06739158183336258,0.05834774672985077
10908,0.06615311652421951,0.05992181599140167
10909,0.07212425023317337,0.06617344915866852
10910,0.06760984659194946,0.040647152811288834
10911,0.047783009707927704,0.04258160665631294
10912,0.04889332875609398,0.02662661299109459
10913,0.07276102900505066,0.04919227957725525
10914,0.0581323578953743,0.03800557926297188
10915,0.0639621764421463,0.04695727303624153
10916,0.054891347885131836,0.044499583542346954
10917,0.04584463685750961,0.043834708631038666
10918,0.05190515145659447,0.04457330331206322
10919,0.053016338497400284,0.0461813323199749
10920,0.04901584982872009,0.04710366204380989
10921,0.03729766234755516,0.030214428901672363
10922,0.0379784032702446,0.0331236869096756
10923,0.07223077118396759,0.05459185317158699
10924,0.05856073647737503,0.049175117164850235
10925,0.0768483430147171,0.06579124927520752
10926,0.06219322979450226,0.06753338873386383
10927,0.0737767219543457,0.055335190147161484
10928,0.07209715992212296,0.05119679868221283
10929,0.04237481579184532,0.031306225806474686
10930,0.057250771671533585,0.04513368383049965
10931,0.06010282412171364,0.052863601595163345
10932,0.045860666781663895,0.06726759672164917
10933,0.07733098417520523,0.07170678675174713
10934,0.06647901237010956,0.047027334570884705
10935,0.04409363493323326,0.03247008100152016
10936,0.06557420641183853,0.05190584436058998
10937,0.06116509065032005,0.050170790404081345
10938,0.06399243324995041,0.05526547133922577
10939,0.06139836087822914,0.04809996113181114
10940,0.07347721606492996,0.06790224462747574
10941,0.05982237309217453,0.056375596672296524
10942,0.03325602784752846,0.026228144764900208
10943,0.041090961545705795,0.032958704978227615
10944,0.04187846556305885,0.025817982852458954
10945,0.03315061330795288,0.025759577751159668
10946,0.0276799276471138,0.022192349657416344
10947,0.037748321890830994,0.017080288380384445
10948,0.0045964899472892284,-0.00016013908316381276
10949,0.020954430103302002,0.005010207183659077
10950,0.04831014573574066,0.05121137946844101
10951,0.05566949024796486,0.04471846669912338
10952,0.039045993238687515,0.02827882394194603
10953,0.05534578859806061,0.03549794480204582
10954,0.05603557080030441,0.03458990901708603
10955,0.034951768815517426,0.04020996019244194
10956,0.060208238661289215,0.04867454245686531
10957,0.046905405819416046,0.04913082718849182
10958,0.04039650410413742,0.02274380438029766
10959,0.04761406034231186,0.046888865530490875
10960,0.04126022756099701,0.03500661998987198
10961,0.06665889918804169,0.06941678375005722
10962,0.05332646891474724,0.050357501953840256
10963,0.06612870842218399,0.06572455912828445
10964,0.05250925198197365,0.038169149309396744
10965,0.03748162090778351,0.029275361448526382
10966,0.04398437961935997,0.04214750975370407
10967,0.042850520461797714,0.04004279151558876
10968,0.05246918648481369,0.046377994120121
10969,0.04587395116686821,0.040557876229286194
10970,0.04303296282887459,0.03964267671108246
10971,0.032135047018527985,0.008170461282134056
10972,0.018222205340862274,0.02060859464108944
10973,0.01236366480588913,0.004230211488902569
10974,0.058002907782793045,0.05648674815893173
10975,0.05696981027722359,0.04984452202916145
10976,0.04062935337424278,0.024797584861516953
10977,0.00936853140592575,0.007145380135625601
10978,0.0362299419939518,0.05673824995756149
10979,0.06064307317137718,0.05299048125743866
10980,0.05551958084106445,0.040919434279203415
10981,0.054418761283159256,0.03489214554429054
10982,0.034684792160987854,0.009866108186542988
10983,0.0388583280146122,0.02052875980734825
10984,0.03578568622469902,0.03061450831592083
10985,0.030941437929868698,0.031838059425354004
10986,0.029690708965063095,0.030370289459824562
10987,0.040148790925741196,0.0571543350815773
10988,0.08176545798778534,0.061394188553094864
10989,0.09206346422433853,0.09552447497844696
10990,0.08510451018810272,0.07755987346172333
10991,0.0654798150062561,0.05498126894235611
10992,0.04430592432618141,0.04596519097685814
10993,0.052461545914411545,0.051117509603500366
10994,0.06098252162337303,0.04923201724886894
10995,0.07394324988126755,0.07200741767883301
10996,0.06688811630010605,0.05908525735139847
10997,0.05793852359056473,0.07216847687959671
10998,0.06886636465787888,0.05386410281062126
10999,0.06263808906078339,0.04870909824967384
11000,0.037075724452733994,0.014849097467958927
11001,0.03025500662624836,0.03618934005498886
11002,0.0420231968164444,0.038274504244327545
11003,0.03766442462801933,0.04614589363336563
11004,0.04038218408823013,0.031795259565114975
11005,0.040870551019907,0.03622182086110115
11006,0.048644181340932846,0.04358039051294327
11007,0.0409199595451355,0.041817933320999146
11008,0.025734927505254745,0.03071404993534088
11009,0.04989719018340111,0.057083968073129654
11010,0.06177954748272896,0.05232405290007591
11011,0.06504544615745544,0.06430043280124664
11012,0.067380391061306,0.057180825620889664
11013,0.06189701706171036,0.049874600023031235
11014,0.03803499788045883,0.028053393587470055
11015,0.031587012112140656,0.026410570368170738
11016,0.04329366981983185,0.04093724116683006
11017,0.03395163267850876,0.028664449229836464
11018,0.048067331314086914,0.04738560691475868
11019,0.042920321226119995,0.029752209782600403
11020,0.04054902493953705,0.0323118157684803
11021,0.03564605861902237,0.028987379744648933
11022,0.038036029785871506,0.038636259734630585
11023,0.040731627494096756,0.028669606894254684
11024,0.022929025813937187,0.012634940445423126
11025,0.03346504643559456,0.009689610451459885
11026,0.016228340566158295,0.02097342163324356
11027,0.03301720693707466,0.030922336503863335
11028,0.04527684673666954,0.03099432773888111
11029,0.034932270646095276,0.04271145910024643
11030,0.05450662225484848,0.045475900173187256
11031,0.028134021908044815,0.04370105639100075
11032,0.04276921600103378,0.04178263992071152
11033,0.0721852257847786,0.05532168969511986
11034,0.06004301831126213,0.057991039007902145
11035,0.06826292723417282,0.048718489706516266
11036,0.05394352227449417,0.03952111303806305
11037,0.058901432901620865,0.06113774701952934
11038,0.06436973810195923,0.056538764387369156
11039,0.06075160577893257,0.04937183856964111
11040,0.04911739006638527,0.04777557775378227
11041,0.052404798567295074,0.03789106756448746
11042,0.036573417484760284,0.04069538414478302
11043,0.046770960092544556,0.04655640199780464
11044,0.06100241467356682,0.05763069540262222
11045,0.057178083807229996,0.054697129875421524
11046,0.05641477182507515,0.039914537221193314
11047,0.035716887563467026,0.037633370608091354
11048,0.0474410243332386,0.03330010175704956
11049,0.027661966159939766,0.009085658006370068
11050,0.01633884385228157,0.01857108063995838
11051,0.029367433860898018,0.014738115482032299
11052,0.03855988755822182,0.03098618984222412
11053,0.04153386130928993,0.03956308215856552
11054,0.06045743450522423,0.04161795228719711
11055,0.05687427893280983,0.05061750486493111
11056,0.03317783400416374,0.033408742398023605
11057,0.03425627201795578,0.03231561556458473
11058,0.023978209123015404,0.014597365632653236
11059,0.029294798150658607,0.0310483630746603
11060,0.04733724147081375,0.049317050725221634
11061,0.06551224738359451,0.056852806359529495
11062,0.06906749308109283,0.06940706819295883
11063,0.06907059997320175,0.05604913830757141
11064,0.05917905271053314,0.05082036182284355
11065,0.04772625118494034,0.0256193894892931
11066,0.04329964146018028,0.05266939103603363
11067,0.05515018850564957,0.04789947718381882
11068,0.03582841530442238,0.029867418110370636
11069,0.05669902265071869,0.03348682448267937
11070,0.028119899332523346,0.02662217803299427
11071,0.04267582669854164,0.023874586448073387
11072,0.02915063686668873,0.032365359365940094
11073,0.04691244289278984,0.058385785669088364
11074,0.04872240871191025,0.03957941755652428
11075,0.03644755855202675,0.025747079402208328
11076,0.05596949905157089,0.0353207066655159
11077,0.03891689330339432,0.023302871733903885
11078,0.04604499042034149,0.04372798651456833
11079,0.0460469089448452,0.04680830240249634
11080,0.054293397814035416,0.04416177421808243
11081,0.03735889494419098,0.028515376150608063
11082,0.05110802873969078,0.051724303513765335
11083,0.06883006542921066,0.06923903524875641
11084,0.07185070216655731,0.05185682699084282
11085,0.05191517621278763,0.05350664258003235
11086,0.06461045891046524,0.05766788125038147
11087,0.05782438814640045,0.04801543056964874
11088,0.05728909745812416,0.054370537400245667
11089,0.050488024950027466,0.04475557804107666
11090,0.040646348148584366,0.05546950548887253
11091,0.050561606884002686,0.033869095146656036
11092,0.044494643807411194,0.03591395542025566
11093,0.033366862684488297,0.021459896117448807
11094,0.032850317656993866,0.01872962899506092
11095,0.0322614461183548,0.036992501467466354
11096,0.04922302067279816,0.04607560113072395
11097,0.0581052266061306,0.059565745294094086
11098,0.06161490082740784,0.055821098387241364
11099,0.05495375767350197,0.040245719254016876
11100,0.04079420864582062,0.025463543832302094
11101,0.04531364142894745,0.03433425724506378
11102,0.041934918612241745,0.03152075409889221
11103,0.03349941968917847,0.015692539513111115
11104,0.028769997879862785,0.015833687037229538
11105,0.054232265800237656,0.030388375744223595
11106,0.0488610677421093,0.03134460747241974
11107,0.03195999562740326,0.020807193592190742
11108,0.020841076970100403,0.01572992093861103
11109,0.024502575397491455,0.024807007983326912
11110,0.03927389904856682,0.026820046827197075
11111,0.03589681535959244,0.03745976462960243
11112,0.06996973603963852,0.057211827486753464
11113,0.06446777284145355,0.05094585567712784
11114,0.057614993304014206,0.05028578266501427
11115,0.056675300002098083,0.04976675659418106
11116,0.06653694063425064,0.049844060093164444
11117,0.03251255676150322,0.020295923575758934
11118,0.03682991489768028,0.04098537564277649
11119,0.054844360798597336,0.04537133127450943
11120,0.06241829693317413,0.05642273277044296
11121,0.05363534763455391,0.048041198402643204
11122,0.07331019639968872,0.06233508512377739
11123,0.07380460947751999,0.06782342493534088
11124,0.06499715894460678,0.07242366671562195
11125,0.08030880242586136,0.07360535115003586
11126,0.07344352453947067,0.057837530970573425
11127,0.05263219028711319,0.05157274752855301
11128,0.06526865065097809,0.04752536490559578
11129,0.05221971124410629,0.04899739846587181
11130,0.05140047147870064,0.044360045343637466
11131,0.06205920875072479,0.04294425621628761
11132,0.06053221970796585,0.022460201755166054
11133,0.04836253449320793,0.050284311175346375
11134,0.050307903438806534,0.04267256334424019
11135,0.04016193747520447,0.027409043163061142
11136,0.04072396084666252,0.048093728721141815
11137,0.05729730799794197,0.060728102922439575
11138,0.08724478632211685,0.07834165543317795
11139,0.07596553862094879,0.06056150794029236
11140,0.06000235304236412,0.045889489352703094
11141,0.0397544726729393,0.030523663386702538
11142,0.05085353925824165,0.03171391785144806
11143,0.03277501091361046,0.02912198007106781
11144,0.0400947742164135,0.04606349393725395
11145,0.04698391258716583,0.032061025500297546
11146,0.045394666492938995,0.036790452897548676
11147,0.05176787078380585,0.038231924176216125
11148,0.057764358818531036,0.05274765193462372
11149,0.04373442381620407,0.03300759941339493
11150,0.053334854543209076,0.052184298634529114
11151,0.04648638516664505,0.04383312538266182
11152,0.047369249165058136,0.043991196900606155
11153,0.03405453637242317,0.012422392144799232
11154,0.032646823674440384,0.023452134802937508
11155,0.05271882563829422,0.033609889447689056
11156,0.04347827658057213,0.041993942111730576
11157,0.026733802631497383,0.021596575155854225
11158,0.022846318781375885,0.0293435025960207
11159,0.043934255838394165,0.03638910502195358
11160,0.034412551671266556,0.03175956383347511
11161,0.04829225689172745,0.042709484696388245
11162,0.059984058141708374,0.044911593198776245
11163,0.03368980437517166,0.03710153326392174
11164,0.05150027573108673,0.04033646732568741
11165,0.04547655209898949,0.03429541736841202
11166,0.032072748988866806,0.04479329660534859
11167,0.05083175376057625,0.030610820278525352
11168,0.04899969696998596,0.033997055143117905
11169,0.04545511677861214,0.04292689263820648
11170,0.06673348695039749,0.060554660856723785
11171,0.07761172950267792,0.0724293440580368
11172,0.04588766396045685,0.04707784578204155
11173,0.04855373874306679,0.03695850819349289
11174,0.028769878670573235,0.02061302214860916
11175,0.04562276229262352,0.05103017017245293
11176,0.06777115911245346,0.06426455825567245
11177,0.06509451568126678,0.06825808435678482
11178,0.06645409762859344,0.053990405052900314
11179,0.04770323261618614,0.025362282991409302
11180,0.036111440509557724,0.028409233316779137
11181,0.024921337142586708,0.02438575029373169
11182,0.024710632860660553,0.007203349377959967
11183,0.026052255183458328,0.02644314616918564
11184,0.025406353175640106,0.02059122361242771
11185,0.037189994007349014,0.0354597344994545
11186,0.036920517683029175,0.027887720614671707
11187,0.03370589762926102,0.042161762714385986
11188,0.048648592084646225,0.050637200474739075
11189,0.04758894816040993,0.03927944600582123
11190,0.03878004848957062,0.03098044916987419
11191,0.03990881145000458,0.03154332563281059
11192,0.05657609924674034,0.04776223376393318
11193,0.05215155705809593,0.0412854328751564
11194,0.04394096881151199,0.03198506683111191
11195,0.042398691177368164,0.04394061490893364
11196,0.06328050792217255,0.06362292915582657
11197,0.06179729476571083,0.05906178429722786
11198,0.0629832074046135,0.06021774932742119
11199,0.05389207974076271,0.039509955793619156
11200,0.015239210799336433,0.017216909676790237
11201,0.00866212323307991,0.00633102934807539
11202,0.01982593722641468,0.017609214410185814
11203,0.020177334547042847,0.004191651940345764
11204,0.009713815525174141,-0.0006606941460631788
11205,0.028942450881004333,0.03162120655179024
11206,0.034600090235471725,0.03680415078997612
11207,0.044090207666158676,0.04322314262390137
11208,0.05216015875339508,0.04275328665971756
11209,0.059312593191862106,0.06104886159300804
11210,0.07381405681371689,0.04338003322482109
11211,0.058013077825307846,0.04548810049891472
11212,0.054204221814870834,0.03376638889312744
11213,0.04146025329828262,0.025632916018366814
11214,0.05586090311408043,0.04631134495139122
11215,0.031077789142727852,0.0305004995316267
11216,0.025044294074177742,0.02142713963985443
11217,0.0405815951526165,0.02791411057114601
11218,0.03555944934487343,0.03876078501343727
11219,0.05601838231086731,0.04374237358570099
11220,0.04457457736134529,0.042664043605327606
11221,0.03386874869465828,0.02166924811899662
11222,0.02905825898051262,0.0356910340487957
11223,0.03391130641102791,0.02680467814207077
11224,0.035107795149087906,0.028546692803502083
11225,0.05126514285802841,0.03668703883886337
11226,0.04315338656306267,0.043915361166000366
11227,0.04181508719921112,0.03259750455617905
11228,0.05856451392173767,0.04734992980957031
11229,0.03397850692272186,0.013925398699939251
11230,0.027765030041337013,0.03593604266643524
11231,0.050374262034893036,0.034611668437719345
11232,0.05120338499546051,0.03551241755485535
11233,0.04122530668973923,0.03752617537975311
11234,0.04758874326944351,0.03283446282148361
11235,0.03415917977690697,0.03251051530241966
11236,0.06335944682359695,0.0633869394659996
11237,0.06842426210641861,0.058934569358825684
11238,0.05923953279852867,0.051155779510736465
11239,0.059250421822071075,0.04378432035446167
11240,0.05048162862658501,0.041019827127456665
11241,0.05748917907476425,0.04431261122226715
11242,0.05133785679936409,0.04950246959924698
11243,0.0528688058257103,0.05074967443943024
11244,0.04691104218363762,0.04317372664809227
11245,0.0538509264588356,0.05223163589835167
11246,0.0655621737241745,0.03648125380277634
11247,0.026356901973485947,0.031695544719696045
11248,0.0456438846886158,0.04697544500231743
11249,0.0718502625823021,0.05428179353475571
11250,0.056605949997901917,0.05073275789618492
11251,0.052736252546310425,0.03368378058075905
11252,0.046411268413066864,0.04527287557721138
11253,0.026033520698547363,0.014990361407399178
11254,0.023344842717051506,0.02303076721727848
11255,0.027377542108297348,0.026317676529288292
11256,0.05600908398628235,0.04781992733478546
11257,0.05325422063469887,0.04516526311635971
11258,0.041677407920360565,0.039020344614982605
11259,0.05843706801533699,0.06524506956338882
11260,0.06420448422431946,0.06754713505506516
11261,0.07051153481006622,0.057775307446718216
11262,0.06031108275055885,0.052294567227363586
11263,0.04414694011211395,0.038797538727521896
11264,0.043884724378585815,0.04108293354511261
11265,0.03931863233447075,0.025224853307008743
11266,0.02658514492213726,0.020234018564224243
11267,0.02616238221526146,0.02183128148317337
11268,0.037808265537023544,0.02497873827815056
11269,0.040745001286268234,0.048824310302734375
11270,0.059409249573946,0.03895612061023712
11271,0.038957513868808746,0.03186167776584625
11272,0.07399965077638626,0.06724380701780319
11273,0.06333812326192856,0.04520896077156067
11274,0.04843181371688843,0.04216323792934418
11275,0.04928361997008324,0.030168000608682632
11276,0.04757251963019371,0.032593727111816406
11277,0.031030789017677307,0.017666568979620934
11278,0.02202426642179489,0.0261548925191164
11279,0.042176004499197006,0.019162913784384727
11280,0.03560715168714523,0.03529663756489754
11281,0.06619276851415634,0.06295900046825409
11282,0.07531771063804626,0.0583510585129261
11283,0.06734397262334824,0.07794961333274841
11284,0.07135310024023056,0.05835644528269768
11285,0.07857093960046768,0.05914505571126938
11286,0.05712062120437622,0.05104425922036171
11287,0.059498101472854614,0.04938320815563202
11288,0.07080121338367462,0.0734638050198555
11289,0.07992631196975708,0.06906862556934357
11290,0.06578092277050018,0.06668206304311752
11291,0.051029544323682785,0.035548727959394455
11292,0.04674690216779709,0.05665476247668266
11293,0.0740046501159668,0.0644788071513176
11294,0.07180985808372498,0.05915419012308121
11295,0.05491822957992554,0.041259635239839554
11296,0.04844404757022858,0.043218087404966354
11297,0.05332531780004501,0.036621011793613434
11298,0.04555246978998184,0.035505276173353195
11299,0.03434419259428978,0.028023259714245796
11300,0.025209562852978706,0.029548505321145058
11301,0.03866955637931824,0.02847398817539215
11302,0.03400161489844322,0.03022393397986889
11303,0.03125378116965294,0.0007398292073048651
11304,0.03136083483695984,0.028112323954701424
11305,0.04130224511027336,0.03821367770433426
11306,0.036169856786727905,0.03125235438346863
11307,0.03452431410551071,0.03865182399749756
11308,0.043090201914310455,0.030781950801610947
11309,0.04647668078541756,0.026457108557224274
11310,0.04323743283748627,0.03159346431493759
11311,0.02820087969303131,0.013073693960905075
11312,0.04302829131484032,0.02545461617410183
11313,0.0385454036295414,0.029670115560293198
11314,0.04589216038584709,0.039538104087114334
11315,0.04681988060474396,0.025816557928919792
11316,0.03809521719813347,0.031874414533376694
11317,0.040009766817092896,0.031789328902959824
11318,0.04348728433251381,0.03619310259819031
11319,0.03860257565975189,0.028907036408782005
11320,0.04899442195892334,0.03323442116379738
11321,0.03975483030080795,0.036467697471380234
11322,0.051831215620040894,0.03502276912331581
11323,0.038862813264131546,0.03029732219874859
11324,0.055327825248241425,0.04741750285029411
11325,0.06385113298892975,0.05957259610295296
11326,0.06051212549209595,0.060716353356838226
11327,0.06500600278377533,0.05493054911494255
11328,0.055808186531066895,0.05461420863866806
11329,0.04592156037688255,0.042767543345689774
11330,0.050353217869997025,0.050546661019325256
11331,0.04502082243561745,0.040124837309122086
11332,0.05078579857945442,0.03603539615869522
11333,0.0557209812104702,0.036610569804906845
11334,0.04764895886182785,0.04825729876756668
11335,0.052732162177562714,0.052229076623916626
11336,0.04808451235294342,0.039076950401067734
11337,0.025907404720783234,0.017140932381153107
11338,0.03176074102520943,0.025807848200201988
11339,0.03670298308134079,0.031178610399365425
11340,0.04178261756896973,0.028992904350161552
11341,0.026465464383363724,0.030687302350997925
11342,0.03923860192298889,0.03570149466395378
11343,0.05373026803135872,0.03613784909248352
11344,0.05323253199458122,0.053104739636182785
11345,0.0725790485739708,0.06820850819349289
11346,0.08082003891468048,0.06599660217761993
11347,0.06161007657647133,0.04588715732097626
11348,0.053383417427539825,0.051079969853162766
11349,0.04979652166366577,0.030957039445638657
11350,0.04062160849571228,0.03464406356215477
11351,0.04692569002509117,0.04622394219040871
11352,0.04558843374252319,0.033884886652231216
11353,0.027874069288372993,0.024001609534025192
11354,0.038026463240385056,0.03902771323919296
11355,0.059666819870471954,0.04280240461230278
11356,0.04781285673379898,0.029814552515745163
11357,0.05609729886054993,0.040038127452135086
11358,0.05395735055208206,0.03879189491271973
11359,0.059763096272945404,0.04550303891301155
11360,0.052905164659023285,0.05021323636174202
11361,0.06519521027803421,0.06540048122406006
11362,0.0796501412987709,0.07341083884239197
11363,0.08066447824239731,0.0692187026143074
11364,0.0736236572265625,0.06668005138635635
11365,0.07463659346103668,0.0661773681640625
11366,0.060432251542806625,0.049730658531188965
11367,0.042459458112716675,0.04206864535808563
11368,0.04772721230983734,0.04146168380975723
11369,0.05366112291812897,0.041985075920820236
11370,0.05514223873615265,0.04165952652692795
11371,0.04309552535414696,0.02875850535929203
11372,0.052917737513780594,0.05284964293241501
11373,0.040967151522636414,0.039377953857183456
11374,0.05920688807964325,0.04481508582830429
11375,0.04435070604085922,0.043780047446489334
11376,0.06616091728210449,0.06574303656816483
11377,0.08221970498561859,0.06695329397916794
11378,0.07002779841423035,0.06425067782402039
11379,0.07129186391830444,0.06739175319671631
11380,0.05577033758163452,0.04690778627991676
11381,0.0694538801908493,0.04417065158486366
11382,0.03957825154066086,0.030994247645139694
11383,0.04885639622807503,0.04622069001197815
11384,0.05582599341869354,0.043840862810611725
11385,0.04236280545592308,0.025979142636060715
11386,0.027074236422777176,0.023564903065562248
11387,0.040038954466581345,0.04620634764432907
11388,0.04062751680612564,0.02799576334655285
11389,0.029803426936268806,0.029034383594989777
11390,0.022725576534867287,0.011852201074361801
11391,0.023130806162953377,0.022309718653559685
11392,0.045715197920799255,0.040328249335289
11393,0.025144338607788086,0.01845373772084713
11394,0.011992285959422588,0.012544753029942513
11395,0.014238676987588406,0.010284151881933212
11396,-0.003478360828012228,-0.009366017766296864
11397,-0.010140540078282356,-0.004157092422246933
11398,0.016538366675376892,0.010956746526062489
11399,0.04534328728914261,0.03909144178032875
11400,0.06587478518486023,0.0455266535282135
11401,0.06078466773033142,0.05759614706039429
11402,0.06565297394990921,0.05417267605662346
11403,0.03929978236556053,0.04234807938337326
11404,0.04396534338593483,0.039848655462265015
11405,0.06530673801898956,0.07074735313653946
11406,0.07262162119150162,0.07708461582660675
11407,0.09486466646194458,0.07965877652168274
11408,0.07377859205007553,0.04637327417731285
11409,0.05866485461592674,0.05146470665931702
11410,0.052569713443517685,0.04483373090624809
11411,0.06719589233398438,0.07446425408124924
11412,0.06774982064962387,0.0649658590555191
11413,0.05139199271798134,0.04375148192048073
11414,0.047556258738040924,0.042078956961631775
11415,0.038259945809841156,0.030579999089241028
11416,0.06364516913890839,0.05337526276707649
11417,0.048339664936065674,0.04126022011041641
11418,0.037129905074834824,0.028625676408410072
11419,0.006340676452964544,0.021136680617928505
11420,0.04304654896259308,0.03473914787173271
11421,0.05171825364232063,0.04861760139465332
11422,0.03917750343680382,0.01929657906293869
11423,0.030397426337003708,0.010095550678670406
11424,0.011860918253660202,0.02511393092572689
11425,0.013804583810269833,0.004991954658180475
11426,0.009485039860010147,0.005898738745599985
11427,0.014599108137190342,0.00818742997944355
11428,0.0163037721067667,0.008497821167111397
11429,0.01561656966805458,0.02390863746404648
11430,0.04007803648710251,0.03706610947847366
11431,0.019811337813735008,0.015523863956332207
11432,0.007445607800036669,0.00726285157725215
11433,0.024806436151266098,0.023584259673953056
11434,0.023967234417796135,0.020796049386262894
11435,0.042830247431993484,0.0459294393658638
11436,0.07036413252353668,0.0734962671995163
11437,0.07462169975042343,0.07267127186059952
11438,0.07622969150543213,0.08352494984865189
11439,0.08646275848150253,0.07819950580596924
11440,0.0650918185710907,0.05254523456096649
11441,0.07457835227251053,0.05798822268843651
11442,0.04684650897979736,0.049002185463905334
11443,0.07655841112136841,0.06926647573709488
11444,0.06203988939523697,0.060078468173742294
11445,0.07269995659589767,0.0495183989405632
11446,0.0524790957570076,0.039380040019750595
11447,0.01953236013650894,0.02151285484433174
11448,0.0415739007294178,0.033473316580057144
11449,0.037026017904281616,0.04334183409810066
11450,0.04992104694247246,0.04534880071878433
11451,0.058700405061244965,0.053624458611011505
11452,0.06086833029985428,0.04077190160751343
11453,0.05478798225522041,0.04202727973461151
11454,0.03433821722865105,0.028681140393018723
11455,0.024866612628102303,0.026101164519786835
11456,0.030399125069379807,0.029722649604082108
11457,0.015106217935681343,0.009774954989552498
11458,0.013777940534055233,0.016242243349552155
11459,0.02932400442659855,0.027883760631084442
11460,0.04014293849468231,0.0311275664716959
11461,0.03545617684721947,0.02832290716469288
11462,0.025676850229501724,0.02067173831164837
11463,0.03491795063018799,0.030731240287423134
11464,0.03987806290388107,0.04414714500308037
11465,0.05840625613927841,0.051997002214193344
11466,0.0574701651930809,0.048238493502140045
11467,0.04252028092741966,0.03528439253568649
11468,0.03140624985098839,0.027380457147955894
11469,0.05579661577939987,0.02446020022034645
11470,0.03242029249668121,0.03607383742928505
11471,0.05840475857257843,0.057786066085100174
11472,0.05024340748786926,0.03876756131649017
11473,0.047345537692308426,0.039026740938425064
11474,0.04362911358475685,0.036387812346220016
11475,0.03721214085817337,0.0400310680270195
11476,0.049915608018636703,0.048588886857032776
11477,0.04017734155058861,0.04440322518348694
11478,0.06396680325269699,0.050948236137628555
11479,0.05709822103381157,0.05875980481505394
11480,0.04885222390294075,0.03668302297592163
11481,0.05407297983765602,0.04625970870256424
11482,0.03669213503599167,0.03347282484173775
11483,0.04646974056959152,0.03496380150318146
11484,0.05355542153120041,0.05180156230926514
11485,0.05518784001469612,0.05764473229646683
11486,0.05380835384130478,0.06032697111368179
11487,0.0804000049829483,0.07412900775671005
11488,0.08229446411132812,0.0757027193903923
11489,0.06953456252813339,0.06827328354120255
11490,0.07300692796707153,0.07094350457191467
11491,0.07136355340480804,0.07015612721443176
11492,0.05473380535840988,0.04933199658989906
11493,0.0757705345749855,0.06040863320231438
11494,0.04414466395974159,0.03084608167409897
11495,0.04468740522861481,0.03924974426627159
11496,0.03998357430100441,0.03471943736076355
11497,0.04556325450539589,0.04504614695906639
11498,0.047754205763339996,0.04771924763917923
11499,0.04675358161330223,0.040699876844882965
11500,0.051145896315574646,0.04355244338512421
11501,0.04591183736920357,0.042143628001213074
11502,0.025802001357078552,0.02349456585943699
11503,0.022197848185896873,0.019560417160391808
11504,0.032756805419921875,0.03938641399145126
11505,0.03802964463829994,0.027986915782094002
11506,0.058413900434970856,0.06548955291509628
11507,0.055995333939790726,0.060102686285972595
11508,0.06049881502985954,0.056720610707998276
11509,0.05775732174515724,0.05330871045589447
11510,0.06005195155739784,0.047893572598695755
11511,0.052736036479473114,0.06266658008098602
11512,0.059359971433877945,0.06264881789684296
11513,0.07041158527135849,0.046986497938632965
11514,0.05414774268865585,0.052363619208335876
11515,0.0489095114171505,0.03348778933286667
11516,0.0351535938680172,0.030967717990279198
11517,0.030578777194023132,0.040244605392217636
11518,0.03889644145965576,0.034644655883312225
11519,0.04264724627137184,0.035838134586811066
11520,0.02899390086531639,0.03158167377114296
11521,0.0249036755412817,0.01999620534479618
11522,0.04187992587685585,0.037767209112644196
11523,0.04286221042275429,0.04778891056776047
11524,0.048148367553949356,0.041408833116292953
11525,0.051689159125089645,0.05328788980841637
11526,0.06095447763800621,0.0590408518910408
11527,0.0554284043610096,0.06346652656793594
11528,0.0676632896065712,0.0668298602104187
11529,0.055206891149282455,0.04311046749353409
11530,0.06175852566957474,0.060892701148986816
11531,0.05122053250670433,0.04919138923287392
11532,0.07492152601480484,0.0630778819322586
11533,0.07103898376226425,0.055000413209199905
11534,0.06535062193870544,0.06109413504600525
11535,0.04956661909818649,0.037978388369083405
11536,0.03243019059300423,0.03943644464015961
11537,0.039114706218242645,0.02992434799671173
11538,0.02365482598543167,0.015970313921570778
11539,0.04190686345100403,0.032997388392686844
11540,0.029240503907203674,0.025210581719875336
11541,0.020530331879854202,0.012123692780733109
11542,0.028422290459275246,0.023243440315127373
11543,0.032641373574733734,0.018466807901859283
11544,0.04169018194079399,0.02448458783328533
11545,0.018042026087641716,0.008017183281481266
11546,0.019670099020004272,0.021484967321157455
11547,0.05331862345337868,0.04547448828816414
11548,0.045328326523303986,0.044605642557144165
11549,0.08860528469085693,0.08330406993627548
11550,0.0769839659333229,0.06796741485595703
11551,0.06846576184034348,0.06055022403597832
11552,0.05812317132949829,0.05168740078806877
11553,0.06647858768701553,0.04027995094656944
11554,0.05168130248785019,0.03561431169509888
11555,0.04483458399772644,0.032647505402565
11556,0.04741073027253151,0.04958539456129074
11557,0.04964841902256012,0.03827768564224243
11558,0.03574419394135475,0.022028708830475807
11559,0.029749710112810135,0.028468681499361992
11560,0.042460303753614426,0.04272080957889557
11561,0.04033129662275314,0.033583253622055054
11562,0.035009875893592834,0.0177198126912117
11563,0.021682124584913254,0.024227488785982132
11564,0.03277243301272392,0.021206408739089966
11565,0.05298952758312225,0.0514800064265728
11566,0.06641218066215515,0.05766702815890312
11567,0.0646219402551651,0.0685567706823349
11568,0.05554675683379173,0.025897055864334106
11569,0.03923913463950157,0.032905615866184235
11570,0.04754957556724548,0.044792257249355316
11571,0.054965753108263016,0.044093918055295944
11572,0.06499595195055008,0.07103336602449417
11573,0.06489602476358414,0.040831245481967926
11574,0.0396745428442955,0.02886049635708332
11575,0.040084704756736755,0.022393546998500824
11576,0.03827918693423271,0.03146662935614586
11577,0.06086277961730957,0.045561838895082474
11578,0.04537971690297127,0.03270818665623665
11579,0.05295860394835472,0.05931686982512474
11580,0.04925639554858208,0.04617197439074516
11581,0.05805640667676926,0.05061187595129013
11582,0.0502651147544384,0.03836662322282791
11583,0.05627242848277092,0.03755669668316841
11584,0.06547846645116806,0.03777999058365822
11585,0.05930245667695999,0.0579216293990612
11586,0.046100590378046036,0.03933541476726532
11587,0.03892851993441582,0.03176335245370865
11588,0.025939039885997772,0.013332429341971874
11589,0.009708879515528679,0.02097567915916443
11590,0.04296928644180298,0.03356143832206726
11591,0.05979450047016144,0.04562687128782272
11592,0.04135145619511604,0.03604055196046829
11593,0.04360246658325195,0.03502121940255165
11594,0.04097375646233559,0.028803981840610504
11595,0.05737295374274254,0.04126999154686928
11596,0.0376177616417408,0.04602980986237526
11597,0.04751192778348923,0.0309709832072258
11598,0.04585220292210579,0.057536542415618896
11599,0.05623466148972511,0.053107764571905136
11600,0.053465720266103745,0.03487194702029228
11601,0.04661649465560913,0.03399253636598587
11602,0.024078968912363052,0.03226509690284729
11603,0.04754311963915825,0.0351138673722744
11604,0.05397457256913185,0.048756618052721024
11605,0.06347793340682983,0.047248780727386475
11606,0.039985377341508865,0.028851740062236786
11607,0.04355983808636665,0.03386169672012329
11608,0.05853793025016785,0.044327571988105774
11609,0.05011412128806114,0.044877227395772934
11610,0.048086315393447876,0.04987003654241562
11611,0.0628744587302208,0.048727307468652725
11612,0.06797125935554504,0.05551811307668686
11613,0.06036810949444771,0.04342106357216835
11614,0.06214849650859833,0.05153660848736763
11615,0.06170979142189026,0.06027976796030998
11616,0.07618214190006256,0.0670814961194992
11617,0.04641197249293327,0.05292131006717682
11618,0.05214284360408783,0.04188147559762001
11619,0.049400124698877335,0.05139214172959328
11620,0.04816353693604469,0.053726304322481155
11621,0.04967670887708664,0.043693140149116516
11622,0.056130554527044296,0.048761334270238876
11623,0.040862441062927246,0.04232590273022652
11624,0.041652463376522064,0.029893988743424416
11625,0.023791348561644554,0.026921279728412628
11626,0.03180375695228577,0.04501901939511299
11627,0.03832659870386124,0.05640298128128052
11628,0.059187207370996475,0.04981263354420662
11629,0.05932554230093956,0.06226394325494766
11630,0.06592676788568497,0.04346897825598717
11631,0.05919957906007767,0.037316661328077316
11632,0.04868139699101448,0.04452994838356972
11633,0.047233037650585175,0.047364722937345505
11634,0.04966537281870842,0.04647431895136833
11635,0.054869018495082855,0.05365879088640213
11636,0.07343146950006485,0.07200947403907776
11637,0.06267547607421875,0.05056808516383171
11638,0.062304213643074036,0.05812933295965195
11639,0.08324015140533447,0.07985444366931915
11640,0.0690283253788948,0.050356991589069366
11641,0.04157091677188873,0.029740599915385246
11642,0.045018795877695084,0.05211687833070755
11643,0.054042454808950424,0.052638620138168335
11644,0.057705357670784,0.0499068908393383
11645,0.03642736002802849,0.039301931858062744
11646,0.05085239186882973,0.0412389375269413
11647,0.07170601189136505,0.06074909493327141
11648,0.059869036078453064,0.06084147095680237
11649,0.07281331717967987,0.06576582789421082
11650,0.08022367209196091,0.06653038412332535
11651,0.055200956761837006,0.0398876890540123
11652,0.05478385463356972,0.05330001935362816
11653,0.07143426686525345,0.05950459837913513
11654,0.05904844403266907,0.04930618032813072
11655,0.06508217751979828,0.054053839296102524
11656,0.04939596727490425,0.043871473520994186
11657,0.04457221180200577,0.029348047450184822
11658,0.0452355332672596,0.03833313658833504
11659,0.04415878280997276,0.0387776643037796
11660,0.030686233192682266,0.020624831318855286
11661,0.03609791770577431,0.021785609424114227
11662,0.039150137454271317,0.03724279627203941
11663,0.047979556024074554,0.03972162306308746
11664,0.05737058073282242,0.04394504427909851
11665,0.050626251846551895,0.02947862446308136
11666,0.038489099591970444,0.026578694581985474
11667,0.046365730464458466,0.039029810577631
11668,0.04461042955517769,0.030401164665818214
11669,0.0648876428604126,0.06247837096452713
11670,0.05223827064037323,0.017667753621935844
11671,0.026304712519049644,0.013568800874054432
11672,0.04659567400813103,0.04219052940607071
11673,0.038696277886629105,0.04735308885574341
11674,0.05040876567363739,0.04569912329316139
11675,0.050352614372968674,0.042670659720897675
11676,0.07079824805259705,0.06847598403692245
11677,0.08212367445230484,0.06382496654987335
11678,0.060847554355859756,0.057157158851623535
11679,0.05699102580547333,0.05466992408037186
11680,0.03760025277733803,0.03350919857621193
11681,0.036504898220300674,0.02388361468911171
11682,0.028752677142620087,0.020636605098843575
11683,0.0450083464384079,0.04692086949944496
11684,0.07005538791418076,0.05601669102907181
11685,0.06300733983516693,0.05122242495417595
11686,0.05315456539392471,0.05081243813037872
11687,0.05554961785674095,0.05238012969493866
11688,0.06036863476037979,0.04322844743728638
11689,0.05722198635339737,0.05523364618420601
11690,0.050187624990940094,0.04301130771636963
11691,0.04177602007985115,0.03676662966609001
11692,0.0775291696190834,0.06711586564779282
11693,0.06707178801298141,0.05483203008770943
11694,0.05969886854290962,0.03468073159456253
11695,0.043032024055719376,0.04288990795612335
11696,0.04999597743153572,0.03368023782968521
11697,0.044498197734355927,0.0304555743932724
11698,0.05436808988451958,0.04205405339598656
11699,0.04040829837322235,0.028142128139734268
11700,0.03143743798136711,0.03579229116439819
11701,0.049403682351112366,0.04249284043908119
11702,0.04651050642132759,0.031919512897729874
11703,0.048415407538414,0.031216952949762344
11704,0.04719795659184456,0.03321576490998268
11705,0.03382242098450661,0.027500541880726814
11706,0.029766669496893883,0.030114581808447838
11707,0.05829920992255211,0.04712406545877457
11708,0.03879091888666153,0.029208974912762642
11709,0.027931051328778267,0.011681380681693554
11710,0.02754480578005314,0.026044486090540886
11711,0.03539948910474777,0.03598780930042267
11712,0.03364986181259155,0.02640923671424389
11713,0.04312268644571304,0.04277738556265831
11714,0.051615405827760696,0.03390340879559517
11715,0.043824661523103714,0.04163278639316559
11716,0.0563836507499218,0.057453054934740067
11717,0.05477398261427879,0.048654135316610336
11718,0.04500195384025574,0.04713212698698044
11719,0.06023619696497917,0.0633784681558609
11720,0.0508301667869091,0.03755483031272888
11721,0.047433603554964066,0.043322041630744934
11722,0.06882206350564957,0.0551106259226799
11723,0.06620697677135468,0.04869846627116203
11724,0.06488552689552307,0.05638608708977699
11725,0.0805916115641594,0.07101741433143616
11726,0.05435485020279884,0.03950891271233559
11727,0.0315956212580204,0.03023085929453373
11728,0.02597719430923462,0.0158378928899765
11729,0.03952870890498161,0.042767394334077835
11730,0.04157529026269913,0.03239213302731514
11731,0.03287801519036293,0.040694981813430786
11732,0.043658409267663956,0.028236040845513344
11733,0.025068776682019234,0.02222174033522606
11734,0.03929503262042999,0.02722112648189068
11735,0.023093467578291893,0.01790817268192768
11736,0.02552039362490177,0.019130021333694458
11737,0.042025621980428696,0.03363548591732979
11738,0.037444818764925,0.04772631824016571
11739,0.034987568855285645,0.03164182975888252
11740,0.035065196454524994,0.026088561862707138
11741,0.02005597949028015,0.02565791830420494
11742,0.030720002949237823,0.017727985978126526
11743,0.027798712253570557,0.03661610558629036
11744,0.044967491179704666,0.0370236374437809
11745,0.050801295787096024,0.037997469305992126
11746,0.032897647470235825,0.03036891669034958
11747,0.0516170896589756,0.05165867507457733
11748,0.04344361275434494,0.05040229856967926
11749,0.02967565692961216,0.02029700204730034
11750,0.04366988316178322,0.0426325760781765
11751,0.04381636530160904,0.042482443153858185
11752,0.046130843460559845,0.056643400341272354
11753,0.06640016287565231,0.06983306258916855
11754,0.052221789956092834,0.03808825463056564
11755,0.037453651428222656,0.03697223961353302
11756,0.05428678169846535,0.04638667777180672
11757,0.06626871228218079,0.05832165479660034
11758,0.06560318171977997,0.06713910400867462
11759,0.07234735786914825,0.08537102490663528
11760,0.09053202718496323,0.07850506156682968
11761,0.067997507750988,0.05789947882294655
11762,0.05776742473244667,0.04343752935528755
11763,0.04667346924543381,0.042137712240219116
11764,0.054869040846824646,0.02113443613052368
11765,0.027510929852724075,0.03369947150349617
11766,0.022649822756648064,0.025598425418138504
11767,0.040667057037353516,0.029594458639621735
11768,0.014903835952281952,0.017218386754393578
11769,0.038403987884521484,0.03830523043870926
11770,0.047756798565387726,0.040899552404880524
11771,0.037789277732372284,0.028467316180467606
11772,0.05071401968598366,0.04381537809967995
11773,0.03852903097867966,0.028442785143852234
11774,0.05659598857164383,0.04682242125272751
11775,0.04907975345849991,0.03574937582015991
11776,0.03057091496884823,0.027263667434453964
11777,0.06693311035633087,0.05706275999546051
11778,0.05739042907953262,0.03909838944673538
11779,0.04419390857219696,0.029719166457653046
11780,0.04018222168087959,0.04622156545519829
11781,0.06290271878242493,0.05573189631104469
11782,0.056648433208465576,0.041986577212810516
11783,0.05982661247253418,0.053154539316892624
11784,0.056957148015499115,0.05516118183732033
11785,0.04098493605852127,0.028028514236211777
11786,0.061891283839941025,0.050622403621673584
11787,0.04538001865148544,0.030887285247445107
11788,0.030548550188541412,0.009870126843452454
11789,0.025973623618483543,0.036104995757341385
11790,0.04705231636762619,0.04786034673452377
11791,0.048569753766059875,0.04280449450016022
11792,0.05215378850698471,0.040308743715286255
11793,0.0343874990940094,0.042071111500263214
11794,0.04820273071527481,0.04031394422054291
11795,0.04309400916099548,0.03427492454648018
11796,0.056096047163009644,0.061120565980672836
11797,0.06023013964295387,0.054253950715065
11798,0.06181568279862404,0.05362386628985405
11799,0.047433581203222275,0.046697258949279785
11800,0.06220570206642151,0.052985239773988724
11801,0.052092812955379486,0.05597534403204918
11802,0.06743798404932022,0.04677416756749153
11803,0.06192370876669884,0.051064521074295044
11804,0.05157681182026863,0.02859850786626339
11805,0.04426885396242142,0.02740824781358242
11806,0.02817120961844921,0.02984074130654335
11807,0.04758114367723465,0.03976062312722206
11808,0.036439720541238785,0.05552181974053383
11809,0.051810551434755325,0.045509617775678635
11810,0.04941895976662636,0.04777655750513077
11811,0.06348581612110138,0.05778747797012329
11812,0.059465885162353516,0.054627593606710434
11813,0.06569324433803558,0.05213827267289162
11814,0.06550649553537369,0.05776190385222435
11815,0.06972636282444,0.07555185258388519
11816,0.0683467909693718,0.06982798129320145
11817,0.05360455811023712,0.04828338697552681
11818,0.05018218606710434,0.03981662541627884
11819,0.044006332755088806,0.02799181081354618
11820,0.04962846636772156,0.03765987977385521
11821,0.0604904480278492,0.06374899297952652
11822,0.0473935566842556,0.04046154394745827
11823,0.028666621074080467,0.003120926208794117
11824,0.011784411035478115,0.010700752958655357
11825,0.04573340341448784,0.03480859845876694
11826,0.043427154421806335,0.03472273424267769
11827,0.018614787608385086,0.017722956836223602
11828,0.024690208956599236,0.024481207132339478
11829,0.04852306842803955,0.042180705815553665
11830,0.03449523448944092,0.035053551197052
11831,0.03602670133113861,0.04161383584141731
11832,0.0540664866566658,0.05444957688450813
11833,0.044776834547519684,0.04778270050883293
11834,0.05417802184820175,0.032791316509246826
11835,0.042078543454408646,0.04005986452102661
11836,0.014211573638021946,0.004346828907728195
11837,0.01185320783406496,0.01486670970916748
11838,0.025489602237939835,0.01645059883594513
11839,0.03830898925662041,0.030073504894971848
11840,0.041521716862916946,0.03436615318059921
11841,0.04146181046962738,0.027648886665701866
11842,0.04505762457847595,0.047891806811094284
11843,0.047857023775577545,0.04418088495731354
11844,0.03516092151403427,0.019352944567799568
11845,0.033703599125146866,0.02936111018061638
11846,0.04556841775774956,0.03239881247282028
11847,0.041623327881097794,0.03048933856189251
11848,0.04472794756293297,0.03622527793049812
11849,0.05325804650783539,0.050201646983623505
11850,0.07209497690200806,0.070560984313488
11851,0.06752942502498627,0.06633433699607849
11852,0.05924265459179878,0.05024157091975212
11853,0.045947570353746414,0.03590507060289383
11854,0.04525665193796158,0.03887217864394188
11855,0.0439915806055069,0.03599630668759346
11856,0.05215552821755409,0.05190432816743851
11857,0.056023094803094864,0.05732148140668869
11858,0.06282836198806763,0.04833189770579338
11859,0.05192158743739128,0.04231339320540428
11860,0.054201360791921616,0.04335760325193405
11861,0.07099171727895737,0.060400478541851044
11862,0.05588716268539429,0.06512098759412766
11863,0.06201028451323509,0.04919540882110596
11864,0.059236325323581696,0.06334695219993591
11865,0.07439830899238586,0.05057890713214874
11866,0.0472654290497303,0.042698461562395096
11867,0.026823777705430984,0.02669379487633705
11868,0.03883187845349312,0.02999400906264782
11869,0.03672998771071434,0.03270578756928444
11870,0.052697908133268356,0.03370724245905876
11871,0.03649066016077995,0.03090454265475273
11872,0.033322665840387344,0.031943026930093765
11873,0.05535869672894478,0.04353087395429611
11874,0.04058614373207092,0.01948588527739048
11875,0.04828616976737976,0.037430837750434875
11876,0.03984992206096649,0.04400146007537842
11877,0.047531332820653915,0.05213388800621033
11878,0.04726135730743408,0.04495570808649063
11879,0.05401400104165077,0.05735785886645317
11880,0.048918467015028,0.04726722836494446
11881,0.05383504554629326,0.043873563408851624
11882,0.0636322870850563,0.06559467315673828
11883,0.06912227720022202,0.05710612237453461
11884,0.07168583571910858,0.07326176017522812
11885,0.08230341225862503,0.06750459969043732
11886,0.07013850659132004,0.06914383918046951
11887,0.07274408638477325,0.0627145767211914
11888,0.06544698029756546,0.05730864778161049
11889,0.06039554998278618,0.05826975032687187
11890,0.051600381731987,0.05781257897615433
11891,0.05280180275440216,0.03363572061061859
11892,0.03038543462753296,0.029981309548020363
11893,0.03600224107503891,0.03275652229785919
11894,0.0411481149494648,0.0424327477812767
11895,0.05554494261741638,0.06438171118497849
11896,0.05706721916794777,0.053366564214229584
11897,0.051103755831718445,0.030000068247318268
11898,0.034446973353624344,0.02869347855448723
11899,0.037374820560216904,0.0218473169952631
11900,0.05009656772017479,0.02656221203505993
11901,0.050673939287662506,0.04530391842126846
11902,0.042839471250772476,0.03528686985373497
11903,0.03842481970787048,0.0335613414645195
11904,0.03313109651207924,0.033861204981803894
11905,0.046308454126119614,0.04247473552823067
11906,0.03696609288454056,0.030111439526081085
11907,0.019504470750689507,0.028040243312716484
11908,0.03006782941520214,0.03350988030433655
11909,0.05800493434071541,0.0450824610888958
11910,0.05118773505091667,0.04705776274204254
11911,0.05706731975078583,0.03253122791647911
11912,0.042268816381692886,0.04359521344304085
11913,0.05954013764858246,0.04496045410633087
11914,0.0379801020026207,0.029262475669384003
11915,0.04653123766183853,0.046982407569885254
11916,0.03491027280688286,0.025516198948025703
11917,0.04789087548851967,0.04557817056775093
11918,0.05213611200451851,0.049676112830638885
11919,0.03666871041059494,0.019028011709451675
11920,0.04145616292953491,0.040800925344228745
11921,0.053727708756923676,0.03972818702459335
11922,0.016586357727646828,0.027828233316540718
11923,0.043732963502407074,0.030478548258543015
11924,0.0367431566119194,0.032420191913843155
11925,0.032400473952293396,0.024704910814762115
11926,0.026628732681274414,0.03005279041826725
11927,0.044091276824474335,0.038333527743816376
11928,0.041988253593444824,0.057628996670246124
11929,0.058776676654815674,0.06518279761075974
11930,0.07005598396062851,0.06176082789897919
11931,0.046614550054073334,0.04319562017917633
11932,0.04676295444369316,0.04109644889831543
11933,0.05968998372554779,0.059189364314079285
11934,0.036596477031707764,0.022158347070217133
11935,0.03750719130039215,0.03790785372257233
11936,0.044223953038454056,0.043943826109170914
11937,0.03588961064815521,0.015283525921404362
11938,0.018675921484827995,0.02716185338795185
11939,0.056173697113990784,0.05274417996406555
11940,0.045458849519491196,0.038258183747529984
11941,0.04234272241592407,0.02875475399196148
11942,0.023958774283528328,0.015979642048478127
11943,0.049541182816028595,0.03655418008565903
11944,0.05426253005862236,0.03846285119652748
11945,0.05751872807741165,0.053991347551345825
11946,0.06693967431783676,0.05501045659184456
11947,0.05969604477286339,0.05975095182657242
11948,0.04968859627842903,0.03617820143699646
11949,0.0607181116938591,0.05044347047805786
11950,0.05732521787285805,0.03468869999051094
11951,0.052044577896595,0.04671109840273857
11952,0.04513648524880409,0.03507122024893761
11953,0.03673696890473366,0.02613214962184429
11954,0.039474841207265854,0.027347220107913017
11955,0.04658504202961922,0.0517190545797348
11956,0.039636366069316864,0.03939437121152878
11957,0.06034022197127342,0.05902460962533951
11958,0.05685882642865181,0.044130921363830566
11959,0.026486461982131004,0.028029050678014755
11960,0.042435064911842346,0.030353892594575882
11961,0.02434467151761055,0.0328180231153965
11962,0.047763802111148834,0.055992402136325836
11963,0.06705940514802933,0.08093322068452835
11964,0.07678153365850449,0.05921898037195206
11965,0.05627676099538803,0.042384542524814606
11966,0.0511334128677845,0.033310990780591965
11967,0.04903499409556389,0.03612688183784485
11968,0.04308633133769035,0.04561680182814598
11969,0.05275376886129379,0.04742783308029175
11970,0.06084727868437767,0.05345328152179718
11971,0.057702016085386276,0.05476238578557968
11972,0.054226186126470566,0.041819751262664795
11973,0.04447046294808388,0.03529959172010422
11974,0.042852386832237244,0.04101613536477089
11975,0.06340791285037994,0.05328291654586792
11976,0.0719418004155159,0.059729889035224915
11977,0.08012555539608002,0.0786031037569046
11978,0.0745151937007904,0.06311102211475372
11979,0.0632140040397644,0.049923066049814224
11980,0.05093741789460182,0.04894687607884407
11981,0.06686413288116455,0.06074061989784241
11982,0.05048201605677605,0.040509097278118134
11983,0.04970025643706322,0.03901568055152893
11984,0.038255684077739716,0.035170819610357285
11985,0.027295522391796112,0.002700849436223507
11986,0.0150683568790555,-0.0017787313554435968
11987,0.019212031736969948,0.015244378708302975
11988,0.03488241881132126,0.020039523020386696
11989,0.05013212561607361,0.03460008278489113
11990,0.05329455807805061,0.050851210951805115
11991,0.05017717555165291,0.037399955093860626
11992,0.05259794741868973,0.04371630400419235
11993,0.06099638342857361,0.0625525489449501
11994,0.06621261686086655,0.05274510383605957
11995,0.06295888870954514,0.048137154430150986
11996,0.03780733421444893,0.021739574149250984
11997,0.03422974422574043,0.031506653875112534
11998,0.06439079344272614,0.05126689001917839
11999,0.05145268887281418,0.043895822018384933
12000,0.05079248175024986,0.046370454132556915
12001,0.052060019224882126,0.05288982018828392
12002,0.055690914392471313,0.0413639061152935
12003,0.046474307775497437,0.035469911992549896
12004,0.014935346320271492,0.02284526452422142
12005,0.031248699873685837,0.01902049221098423
12006,0.047330647706985474,0.031294167041778564
12007,0.02188669517636299,0.0158262737095356
12008,0.03710594400763512,0.027190785855054855
12009,0.04428752511739731,0.03512509912252426
12010,0.03857680782675743,0.02211887575685978
12011,0.036072224378585815,0.022036757320165634
12012,0.02570320852100849,0.02349759452044964
12013,0.027211038395762444,0.02914140559732914
12014,0.05037282034754753,0.050177402794361115
12015,0.05052858218550682,0.05101128667593002
12016,0.06289343535900116,0.05471581593155861
12017,0.04186643287539482,0.04522256925702095
12018,0.04663867875933647,0.03360128402709961
12019,0.04617302864789963,0.029512962326407433
12020,0.03836822137236595,0.03549254313111305
12021,0.03862540423870087,0.042479828000068665
12022,0.040559329092502594,0.03318563848733902
12023,0.049579910933971405,0.0563962496817112
12024,0.06076310575008392,0.06878448277711868
12025,0.08060931414365768,0.07961267232894897
12026,0.0534706749022007,0.047761667519807816
12027,0.06080125272274017,0.05883816257119179
12028,0.05096812918782234,0.024289030581712723
12029,0.035801708698272705,0.043462783098220825
12030,0.04508068412542343,0.0376523993909359
12031,0.04380510747432709,0.029305940493941307
12032,0.05298319458961487,0.03408479690551758
12033,0.038945071399211884,0.03735419735312462
12034,0.047844551503658295,0.04196387901902199
12035,0.05736269801855087,0.039037007838487625
12036,0.04847219958901405,0.03325388580560684
12037,0.026432206854224205,0.020573794841766357
12038,0.034857816994190216,0.026809312403202057
12039,0.05402221530675888,0.046728286892175674
12040,0.057401809841394424,0.043993186205625534
12041,0.06072402745485306,0.049634676426649094
12042,0.06843096762895584,0.060431722551584244
12043,0.068450927734375,0.06006573513150215
12044,0.054690778255462646,0.04475357010960579
12045,0.04337957501411438,0.045239150524139404
12046,0.05905997380614281,0.06670670211315155
12047,0.08299269527196884,0.07221658527851105
12048,0.05810209736227989,0.04269447177648544
12049,0.06450745463371277,0.05594150349497795
12050,0.05929923430085182,0.04401703178882599
12051,0.03897469863295555,0.031626127660274506
12052,0.053191930055618286,0.04825783893465996
12053,0.05612283945083618,0.05163855850696564
12054,0.05047477036714554,0.03651103004813194
12055,0.06217174232006073,0.052919093519449234
12056,0.0475168414413929,0.04115134850144386
12057,0.044047050178050995,0.044104401022195816
12058,0.04977596178650856,0.04116201400756836
12059,0.046877503395080566,0.034477002918720245
12060,0.014877988025546074,0.0201497171074152
12061,0.035154569894075394,0.032429616898298264
12062,0.05278019234538078,0.046278469264507294
12063,0.06243287771940231,0.05976800620555878
12064,0.05850572884082794,0.044755809009075165
12065,0.025001609697937965,0.03179459273815155
12066,0.037443362176418304,0.022778181359171867
12067,0.02840368077158928,0.030799996107816696
12068,0.03566322103142738,0.028769001364707947
12069,0.046284306794404984,0.0549500472843647
12070,0.06702428311109543,0.053818896412849426
12071,0.06257501989603043,0.04829902946949005
12072,0.053344227373600006,0.03622940927743912
12073,0.06060928478837013,0.05073105916380882
12074,0.05945631489157677,0.04747382923960686
12075,0.038110699504613876,0.04699276015162468
12076,0.04716901853680611,0.03712202608585358
12077,0.04724279046058655,0.04918311908841133
12078,0.061426714062690735,0.03773920610547066
12079,0.0422712005674839,0.03348207101225853
12080,0.0520017072558403,0.06770399957895279
12081,0.05658753216266632,0.04325414448976517
12082,0.051685452461242676,0.02561345137655735
12083,0.03534483537077904,0.025832507759332657
12084,0.04825042560696602,0.05022254213690758
12085,0.059936992824077606,0.05280017852783203
12086,0.0662459284067154,0.055681079626083374
12087,0.05142486095428467,0.04553599655628204
12088,0.05522872880101204,0.05182195082306862
12089,0.06006811559200287,0.05019906908273697
12090,0.06095139682292938,0.040409959852695465
12091,0.04116102680563927,0.04155989736318588
12092,0.06492070853710175,0.056162044405937195
12093,0.04070156440138817,0.027474235743284225
12094,0.058808520436286926,0.06006849557161331
12095,0.06280045211315155,0.05391352251172066
12096,0.07206761091947556,0.06651415675878525
12097,0.06318984180688858,0.058107923716306686
12098,0.05901813507080078,0.037961218506097794
12099,0.050873737782239914,0.046432338654994965
12100,0.05247309058904648,0.04543822258710861
12101,0.05275902524590492,0.051653824746608734
12102,0.05734012648463249,0.047925885766744614
12103,0.06329870223999023,0.06373726576566696
12104,0.050418756902217865,0.040121886879205704
12105,0.04036271944642067,0.030089791864156723
12106,0.04026529937982559,0.042240679264068604
12107,0.04651306942105293,0.04556863382458687
12108,0.033079832792282104,0.029678363353013992
12109,0.04198484867811203,0.03488518297672272
12110,0.045006927102804184,0.040566880255937576
12111,0.05855223909020424,0.04989195615053177
12112,0.055629827082157135,0.0522528812289238
12113,0.050684377551078796,0.043780263513326645
12114,0.06093788519501686,0.05566330626606941
12115,0.057195551693439484,0.04336799308657646
12116,0.051800958812236786,0.04384297505021095
12117,0.06649273633956909,0.06278856098651886
12118,0.0666915774345398,0.06863449513912201
12119,0.0695137083530426,0.04713517054915428
12120,0.040648262947797775,0.030915793031454086
12121,0.049682751297950745,0.027736660093069077
12122,0.052958372980356216,0.06202568858861923
12123,0.0686631053686142,0.0638696700334549
12124,0.07165208458900452,0.07390066236257553
12125,0.06407815963029861,0.024227099493145943
12126,0.03394220396876335,0.030037418007850647
12127,0.052242010831832886,0.047399234026670456
12128,0.05892162024974823,0.038087762892246246
12129,0.04369461536407471,0.02752496488392353
12130,0.025059090927243233,0.03143109381198883
12131,0.04026959836483002,0.038183365017175674
12132,0.029781898483633995,0.039481021463871
12133,0.04807586595416069,0.038259536027908325
12134,0.037982407957315445,0.03538791462779045
12135,0.03904631733894348,0.023611439391970634
12136,0.03214547783136368,0.03601762652397156
12137,0.04359070956707001,0.050352003425359726
12138,0.0495440810918808,0.05011564865708351
12139,0.066331647336483,0.07059352844953537
12140,0.0694805234670639,0.05913366749882698
12141,0.059139564633369446,0.050175391137599945
12142,0.03361574560403824,0.047772787511348724
12143,0.043109264224767685,0.0490151047706604
12144,0.06360001116991043,0.05753353610634804
12145,0.057998545467853546,0.04301845282316208
12146,0.04732581228017807,0.03078904189169407
12147,0.03740460053086281,0.03720167279243469
12148,0.03505375236272812,0.030594477429986
12149,0.04437459632754326,0.03264598548412323
12150,0.026726877316832542,0.023640401661396027
12151,0.025535892695188522,0.012036759406328201
12152,0.014127658680081367,0.019100362434983253
12153,0.0330469086766243,0.022772787138819695
12154,0.0301759522408247,0.025393471121788025
12155,0.06395450234413147,0.06553792953491211
12156,0.041262656450271606,0.03861153498291969
12157,0.04399104788899422,0.04212312027812004
12158,0.047429487109184265,0.04312537983059883
12159,0.04639377072453499,0.04592083394527435
12160,0.08208023756742477,0.0806458368897438
12161,0.08039200305938721,0.0652330219745636
12162,0.06210952252149582,0.05092580243945122
12163,0.04357051104307175,0.04893633350729942
12164,0.04727599769830704,0.04637898877263069
12165,0.021725056692957878,0.022687962278723717
12166,0.03797554224729538,0.02664009854197502
12167,0.024344580247998238,0.03124626725912094
12168,0.03931920975446701,0.031927768141031265
12169,0.038196031004190445,0.031178951263427734
12170,0.03837040811777115,0.03887614980340004
12171,0.060474906116724014,0.057356879115104675
12172,0.05849224328994751,0.05523821339011192
12173,0.03981132060289383,0.03995407372713089
12174,0.0706966370344162,0.05132272094488144
12175,0.050864819437265396,0.06397102028131485
12176,0.06262338161468506,0.048423364758491516
12177,0.06475546211004257,0.05264822021126747
12178,0.06906560063362122,0.051757197827100754
12179,0.0628284364938736,0.055544935166835785
12180,0.06143549829721451,0.06530697643756866
12181,0.06618039309978485,0.043486323207616806
12182,0.05166716128587723,0.04201628267765045
12183,0.044974636286497116,0.03648794814944267
12184,0.03936680033802986,0.02606317400932312
12185,0.03424237668514252,0.04256970062851906
12186,0.04178721085190773,0.03882649168372154
12187,0.04318824037909508,0.03715459629893303
12188,0.05254383757710457,0.03771424666047096
12189,0.07227744907140732,0.06197821721434593
12190,0.04505216330289841,0.04455425590276718
12191,0.05294891074299812,0.05344098433852196
12192,0.04755197465419769,0.04379726201295853
12193,0.0436052605509758,0.04832066595554352
12194,0.08635693043470383,0.07510005682706833
12195,0.07776850461959839,0.08203806728124619
12196,0.06865724921226501,0.06704001873731613
12197,0.09049998223781586,0.07761692255735397
12198,0.05407014116644859,0.04595048353075981
12199,0.0394216850399971,0.02101215533912182
12200,0.03656056895852089,0.027613405138254166
12201,0.04278172180056572,0.033114541321992874
12202,0.02560756914317608,0.016693836078047752
12203,0.032164011150598526,0.021800849586725235
12204,0.036489587277173996,0.03446371108293533
12205,0.033256758004426956,0.02912743017077446
12206,0.03037252649664879,0.026575258001685143
12207,0.05003618076443672,0.039324719458818436
12208,0.04561114311218262,0.057554446160793304
12209,0.05321198329329491,0.03955239802598953
12210,0.04788259416818619,0.041509535163640976
12211,0.04882662743330002,0.031485673040151596
12212,0.06615649163722992,0.05219179764389992
12213,0.047175344079732895,0.037348054349422455
12214,0.01629495620727539,0.01890999637544155
12215,0.04653052240610123,0.026291249319911003
12216,0.048886362463235855,0.05342956632375717
12217,0.050203196704387665,0.04799894988536835
12218,0.03950740769505501,0.03460684418678284
12219,0.04411061853170395,0.04316667839884758
12220,0.062424901872873306,0.055267445743083954
12221,0.06465110927820206,0.05651022866368294
12222,0.059380266815423965,0.059280987828969955
12223,0.07523196190595627,0.06157999113202095
12224,0.05774162709712982,0.04776101931929588
12225,0.04157138243317604,0.03956037387251854
12226,0.06566362082958221,0.041010770946741104
12227,0.04349594563245773,0.03859512880444527
12228,0.036034345626831055,0.027310555800795555
12229,0.04853494092822075,0.04821089282631874
12230,0.06454819440841675,0.05108076333999634
12231,0.04726095870137215,0.029571210965514183
12232,0.03735596686601639,0.025961149483919144
12233,0.03537276014685631,0.023780865594744682
12234,0.04154999926686287,0.04636846110224724
12235,0.0514628104865551,0.03787479177117348
12236,0.043795641511678696,0.03824330493807793
12237,0.029742103070020676,0.026532024145126343
12238,0.07043981552124023,0.050755422562360764
12239,0.05554728955030441,0.04483852908015251
12240,0.03651731088757515,0.032618165016174316
12241,0.03370368853211403,0.03829551115632057
12242,0.04682391136884689,0.040743838995695114
12243,0.054172780364751816,0.05322261527180672
12244,0.050269901752471924,0.04953322187066078
12245,0.048928674310445786,0.04288598150014877
12246,0.052413806319236755,0.04541812464594841
12247,0.045482780784368515,0.03990417718887329
12248,0.04555512219667435,0.031169045716524124
12249,0.031853001564741135,0.008138038218021393
12250,0.016533270478248596,0.009364603087306023
12251,0.01963460072875023,0.001862447359599173
12252,0.013304955326020718,0.011332208290696144
12253,0.00733936857432127,0.006267061922699213
12254,0.016426676884293556,0.012172293849289417
12255,0.03568721190094948,0.03989791497588158
12256,0.06064877286553383,0.06849421560764313
12257,0.06407240778207779,0.05336732044816017
12258,0.05978074669837952,0.055606283247470856
12259,0.06375671923160553,0.05382635071873665
12260,0.04979925975203514,0.04597431421279907
12261,0.04161251708865166,0.03166433423757553
12262,0.03571430966258049,0.0304036196321249
12263,0.03454924374818802,0.03952493146061897
12264,0.043292466551065445,0.03700592368841171
12265,0.017219118773937225,0.004847466014325619
12266,0.008825430646538734,0.013380507007241249
12267,0.041817471385002136,0.022451231256127357
12268,0.04233545809984207,0.0427679605782032
12269,0.053228288888931274,0.041738830506801605
12270,0.05659305304288864,0.04187287017703056
12271,0.04307239130139351,0.0411783866584301
12272,0.061731211841106415,0.053591784089803696
12273,0.054807692766189575,0.04670489951968193
12274,0.05385349690914154,0.048456013202667236
12275,0.040172796696424484,0.02907327190041542
12276,0.03954097628593445,0.03401855379343033
12277,0.029104359447956085,0.014613981358706951
12278,0.017443127930164337,0.0071274591609835625
12279,0.04212687537074089,0.05032309517264366
12280,0.05126376822590828,0.03453570604324341
12281,0.05975628271698952,0.03538559377193451
12282,0.034676846116781235,0.025834335014224052
12283,0.040051333606243134,0.028611134737730026
12284,0.04939031973481178,0.036187514662742615
12285,0.037470243871212006,0.03380317613482475
12286,0.038911618292331696,0.047000519931316376
12287,0.06088053062558174,0.04263481870293617
12288,0.04529755190014839,0.04495841637253761
12289,0.04319094866514206,0.041140832006931305
12290,0.04117584973573685,0.05612032860517502
12291,0.05014095827937126,0.030913108959794044
12292,0.04387698322534561,0.03518582135438919
12293,0.037273962050676346,0.03151995316147804
12294,0.04425438493490219,0.03327346593141556
12295,0.04649033397436142,0.032787103205919266
12296,0.03386319428682327,0.010953828692436218
12297,0.03442477807402611,0.02385111339390278
12298,0.04183269292116165,0.04955299198627472
12299,0.06297248601913452,0.05244622007012367
12300,0.03844854235649109,0.03126581758260727
12301,0.04410012066364288,0.030772540718317032
12302,0.03305613249540329,0.019442707300186157
12303,0.029372651129961014,0.016509931534528732
12304,0.01849593222141266,0.010929015465080738
12305,0.021320315077900887,0.007169359363615513
12306,0.010447096079587936,0.007941626012325287
12307,0.02628154866397381,0.014676102437078953
12308,0.037170376628637314,0.039091579616069794
12309,0.05285421013832092,0.039651092141866684
12310,0.04988298937678337,0.05210680514574051
12311,0.09236816316843033,0.08182340115308762
12312,0.10036057978868484,0.09067367762327194
12313,0.06308533251285553,0.05267861485481262
12314,0.0672532469034195,0.04181463271379471
12315,0.03156402334570885,0.011863917112350464
12316,0.020879117771983147,0.02118179202079773
12317,0.03832555562257767,0.02305712178349495
12318,0.022876624017953873,0.022557441145181656
12319,0.03926922380924225,0.024208372458815575
12320,0.05612858012318611,0.04228915646672249
12321,0.05167441815137863,0.033744242042303085
12322,0.047513335943222046,0.038890041410923004
12323,0.04377306252717972,0.04586149379611015
12324,0.04492571949958801,0.029240557923913002
12325,0.03903450816869736,0.03021743707358837
12326,0.053904347121715546,0.04699305072426796
12327,0.06176445633172989,0.05459243431687355
12328,0.07239295542240143,0.05741340294480324
12329,0.028514958918094635,0.027346493676304817
12330,0.032433535903692245,0.03323511779308319
12331,0.023003950715065002,0.019975682720541954
12332,0.046117547899484634,0.05107388645410538
12333,0.048117510974407196,0.04517821595072746
12334,0.05862472206354141,0.05986279621720314
12335,0.07301334291696548,0.07619324326515198
12336,0.06741004437208176,0.05601734295487404
12337,0.05434747412800789,0.04340992495417595
12338,0.03899050131440163,0.04222610592842102
12339,0.03817339241504669,0.02951906807720661
12340,0.0404985286295414,0.03856799006462097
12341,0.058138176798820496,0.05360816419124603
12342,0.041494231671094894,0.030059106647968292
12343,0.019318338483572006,0.005544491112232208
12344,0.032101646065711975,0.020162999629974365
12345,0.0381804034113884,0.021284928545355797
12346,0.022416040301322937,0.010370212607085705
12347,0.02081472799181938,0.0075510842725634575
12348,0.02675880491733551,0.019066089764237404
12349,0.036172352731227875,0.028957055881619453
12350,0.046544626355171204,0.045095473527908325
12351,0.04102792590856552,0.03328282758593559
12352,0.040515780448913574,0.038737524300813675
12353,0.05764829367399216,0.03878747671842575
12354,0.03237905725836754,0.03747207671403885
12355,0.05734546110033989,0.052302468568086624
12356,0.0512361004948616,0.055581141263246536
12357,0.05727791041135788,0.04498220980167389
12358,0.07012053579092026,0.05164506286382675
12359,0.029859041795134544,0.03207097202539444
12360,0.03708735853433609,0.030356163159012794
12361,0.037139054387807846,0.029802734032273293
12362,0.045492082834243774,0.04930536076426506
12363,0.053534284234046936,0.04438004270195961
12364,0.03351934626698494,0.026794565841555595
12365,0.029439197853207588,0.038360316306352615
12366,0.046535272151231766,0.03349440172314644
12367,0.06921707093715668,0.05409296229481697
12368,0.06818501651287079,0.04486095532774925
12369,0.056670334190130234,0.03618300333619118
12370,0.04903283342719078,0.03743970766663551
12371,0.040873751044273376,0.03333239257335663
12372,0.02973358891904354,0.0317625030875206
12373,0.032132454216480255,0.041053932160139084
12374,0.0563640296459198,0.04305962845683098
12375,0.0502094142138958,0.03305485099554062
12376,0.044623829424381256,0.04620933160185814
12377,0.05396641790866852,0.04377471283078194
12378,0.045435093343257904,0.032714053988456726
12379,0.03593159839510918,0.03398021683096886
12380,0.03558022901415825,0.015859760344028473
12381,0.03339145705103874,0.03643060103058815
12382,0.060338299721479416,0.04642384126782417
12383,0.04357146844267845,0.025180399417877197
12384,0.020066628232598305,0.02203095331788063
12385,0.023202622309327126,0.02064666338264942
12386,0.04654550179839134,0.032343462109565735
12387,0.029369408264756203,0.03763246536254883
12388,0.03744147717952728,0.0355522483587265
12389,0.051009856164455414,0.05862262472510338
12390,0.04539775475859642,0.036806270480155945
12391,0.03546781837940216,0.0261714905500412
12392,0.035343460738658905,0.041685573756694794
12393,0.050407905131578445,0.026914415881037712
12394,0.05470842123031616,0.048628147691488266
12395,0.048921093344688416,0.05436544492840767
12396,0.058198221027851105,0.048064012080430984
12397,0.039216503500938416,0.035662952810525894
12398,0.031599223613739014,0.03845119848847389
12399,0.05624953284859657,0.05507993325591087
12400,0.05437485873699188,0.035993896424770355
12401,0.03434210643172264,0.03414952754974365
12402,0.04214975982904434,0.03513772413134575
12403,0.058960311114788055,0.04704049974679947
12404,0.060933321714401245,0.04148088023066521
12405,0.05083533748984337,0.043603815138339996
12406,0.060115210711956024,0.05476519837975502
12407,0.06325896829366684,0.057529568672180176
12408,0.07598980516195297,0.055841606110334396
12409,0.06479217857122421,0.04125383868813515
12410,0.05613456293940544,0.04646245762705803
12411,0.05539902672171593,0.047940630465745926
12412,0.044774629175662994,0.03146440535783768
12413,0.036459654569625854,0.028859253972768784
12414,0.03930287808179855,0.04258531704545021
12415,0.06167321652173996,0.04054655134677887
12416,0.04672449827194214,0.040671829134225845
12417,0.06105603277683258,0.04708043113350868
12418,0.051484789699316025,0.059649158269166946
12419,0.059810884296894073,0.036350902169942856
12420,0.025053929537534714,0.020171258598566055
12421,0.028734669089317322,0.008755355142056942
12422,0.021783852949738503,0.015720056369900703
12423,0.047924306243658066,0.029536448419094086
12424,0.041863370686769485,0.03451383113861084
12425,0.026113487780094147,0.01209082081913948
12426,0.01832973025739193,0.013813083060085773
12427,0.020346852019429207,0.0025663068518042564
12428,0.017315618693828583,0.015170100145041943
12429,0.046427663415670395,0.035975899547338486
12430,0.049069955945014954,0.042751725763082504
12431,0.054078374058008194,0.047799888998270035
12432,0.05981793254613876,0.045327674597501755
12433,0.0614083856344223,0.05104423686861992
12434,0.054902661591768265,0.04353794455528259
12435,0.05849095806479454,0.057088322937488556
12436,0.07826793938875198,0.06679119169712067
12437,0.07342009991407394,0.06571214646100998
12438,0.055442385375499725,0.0551755391061306
12439,0.04976360499858856,0.04831687733530998
12440,0.03400576114654541,0.030526837334036827
12441,0.030089721083641052,0.03565230965614319
12442,0.053568072617053986,0.03773867338895798
12443,0.03832528367638588,0.03460352122783661
12444,0.04160286486148834,0.03308982402086258
12445,0.0427570715546608,0.025793055072426796
12446,0.059138957411050797,0.05670368671417236
12447,0.07824293524026871,0.07677403837442398
12448,0.07731881737709045,0.06989790499210358
12449,0.07172341644763947,0.0570286326110363
12450,0.04598546773195267,0.049909234046936035
12451,0.04220068082213402,0.04476753994822502
12452,0.06368765234947205,0.06019946187734604
12453,0.06446590274572372,0.04418142884969711
12454,0.0364924781024456,0.029803190380334854
12455,0.045810211449861526,0.04288659989833832
12456,0.06143539026379585,0.058172404766082764
12457,0.04879934713244438,0.0487218014895916
12458,0.05743491277098656,0.04868680238723755
12459,0.047144968062639236,0.0453338548541069
12460,0.06855377554893494,0.05192868784070015
12461,0.05996618792414665,0.0330406092107296
12462,0.06577017903327942,0.046387847512960434
12463,0.06913824379444122,0.05327971652150154
12464,0.04335762932896614,0.021962638944387436
12465,0.03166245296597481,0.015748120844364166
12466,0.04185624420642853,0.0316944383084774
12467,0.04803533852100372,0.05849284678697586
12468,0.05250051990151405,0.05260097607970238
12469,0.055753838270902634,0.04168512672185898
12470,0.0600353442132473,0.05827157199382782
12471,0.05151311308145523,0.044439759105443954
12472,0.05945577099919319,0.05609213188290596
12473,0.05175790935754776,0.05042973905801773
12474,0.051141321659088135,0.043876539915800095
12475,0.06405899673700333,0.05445275828242302
12476,0.06430014967918396,0.0451715923845768
12477,0.056055109947919846,0.052979711443185806
12478,0.06832878291606903,0.060227639973163605
12479,0.05561838671565056,0.03833538666367531
12480,0.05350954830646515,0.04290633276104927
12481,0.03599780797958374,0.010699525475502014
12482,0.018659435212612152,0.016278712078928947
12483,0.03906923159956932,0.03987598046660423
12484,0.07822617143392563,0.06547467410564423
12485,0.04255107790231705,0.04538232088088989
12486,0.04377151280641556,0.039489421993494034
12487,0.037194907665252686,0.039007123559713364
12488,0.04258209466934204,0.039601173251867294
12489,0.04863699898123741,0.042911432683467865
12490,0.057964812964200974,0.04112963378429413
12491,0.02245897613465786,0.01059655286371708
12492,0.03407678380608559,0.02803957462310791
12493,0.03652448207139969,0.04279414936900139
12494,0.049529045820236206,0.052976448088884354
12495,0.05072825402021408,0.054955098778009415
12496,0.0781894251704216,0.0801275447010994
12497,0.08218149095773697,0.06823480874300003
12498,0.05712248384952545,0.042564187198877335
12499,0.032557111233472824,0.030037211254239082
12500,0.03185378015041351,0.018870199099183083
12501,0.03979092091321945,0.027986440807580948
12502,0.04847889393568039,0.044998034834861755
12503,0.05474689602851868,0.04994412139058113
12504,0.048346053808927536,0.0305460374802351
12505,0.05945731699466705,0.05825087055563927
12506,0.050036512315273285,0.056183625012636185
12507,0.0536363385617733,0.04299543797969818
12508,0.05180998146533966,0.04591093957424164
12509,0.06190459057688713,0.05827094987034798
12510,0.09576552361249924,0.07662004977464676
12511,0.06448338180780411,0.06662968546152115
12512,0.07762537151575089,0.0723784789443016
12513,0.07333512604236603,0.05745457857847214
12514,0.06283694505691528,0.05953946337103844
12515,0.07096180319786072,0.06000244989991188
12516,0.06020471081137657,0.048911210149526596
12517,0.058546558022499084,0.05332767218351364
12518,0.0637129545211792,0.05074233561754227
12519,0.058475375175476074,0.05176042765378952
12520,0.04900515079498291,0.04200328141450882
12521,0.057952623814344406,0.05202270671725273
12522,0.04254738986492157,0.04523736611008644
12523,0.03208597004413605,0.028999973088502884
12524,0.026464199647307396,0.02440032735466957
12525,0.030964354053139687,0.02957729808986187
12526,0.0535990409553051,0.046863872557878494
12527,0.05526229366660118,0.047216128557920456
12528,0.05597307160496712,0.04530201852321625
12529,0.034374527633190155,0.03533124178647995
12530,0.05734634026885033,0.05423260107636452
12531,0.06028592959046364,0.05430319905281067
12532,0.050542112439870834,0.04179351404309273
12533,0.06340042501688004,0.057081885635852814
12534,0.06572537869215012,0.05210462957620621
12535,0.05834638327360153,0.05030099302530289
12536,0.053380873054265976,0.04202594235539436
12537,0.05657370761036873,0.05024854093790054
12538,0.07475709170103073,0.06113466992974281
12539,0.05648908391594887,0.048375487327575684
12540,0.0579725056886673,0.04599753022193909
12541,0.06121203675866127,0.03394800052046776
12542,0.03941282629966736,0.03117336332798004
12543,0.0441935732960701,0.03640144318342209
12544,0.05562179163098335,0.05901916325092316
12545,0.06460583209991455,0.052125245332717896
12546,0.03847121074795723,0.03448684886097908
12547,0.0462760254740715,0.04361555352807045
12548,0.06869933009147644,0.05714104324579239
12549,0.046626899391412735,0.044425833970308304
12550,0.05197262763977051,0.02616686373949051
12551,0.04122822731733322,0.019958999007940292
12552,0.02419258840382099,0.03264889866113663
12553,0.0322277806699276,0.026441577821969986
12554,0.026855194941163063,0.030507652088999748
12555,0.04553499072790146,0.04184309393167496
12556,0.07015950977802277,0.05268428102135658
12557,0.07118713110685349,0.05712281912565231
12558,0.05378750339150429,0.044044457376003265
12559,0.06113278865814209,0.05849374830722809
12560,0.05648943409323692,0.056028757244348526
12561,0.048473257571458817,0.052108284085989
12562,0.0750148594379425,0.06873433291912079
12563,0.05806537717580795,0.03119194135069847
12564,0.0444192960858345,0.0470302477478981
12565,0.058666735887527466,0.052911411970853806
12566,0.055118996649980545,0.058784760534763336
12567,0.06293032318353653,0.05784876272082329
12568,0.05285296216607094,0.03530958667397499
12569,0.043238844722509384,0.03690798208117485
12570,0.03800616413354874,0.02450450323522091
12571,0.028846921399235725,0.021426470950245857
12572,0.017845749855041504,0.006556886248290539
12573,0.03739912062883377,0.026007767766714096
12574,0.03108980692923069,0.030331721529364586
12575,0.017225759103894234,0.037349097430706024
12576,0.031223412603139877,0.02710825204849243
12577,0.029294848442077637,0.03105955198407173
12578,0.03802751004695892,0.02174280770123005
12579,0.01672624610364437,0.01224616076797247
12580,0.02841958962380886,0.02119007520377636
12581,0.030978668481111526,0.021362902596592903
12582,0.025963177904486656,0.021710868924856186
12583,0.043950874358415604,0.03462003916501999
12584,0.05837127938866615,0.05629575997591019
12585,0.0694231316447258,0.056183040142059326
12586,0.049878787249326706,0.03829873353242874
12587,0.053015828132629395,0.05058828368782997
12588,0.048821430653333664,0.035532396286726
12589,0.054731741547584534,0.05882052332162857
12590,0.06516510993242264,0.06660348922014236
12591,0.0705292597413063,0.06779526174068451
12592,0.052170280367136,0.03305710107088089
12593,0.040337324142456055,0.038619086146354675
12594,0.04948161169886589,0.03563122823834419
12595,0.05170154199004173,0.031754668802022934
12596,0.04756845906376839,0.04284285753965378
12597,0.05784591659903526,0.04602691903710365
12598,0.04599972441792488,0.029584549367427826
12599,0.047409508377313614,0.04802533984184265
12600,0.06910198926925659,0.06134532019495964
12601,0.06999892741441727,0.06595735996961594
12602,0.06190793961286545,0.051487069576978683
12603,0.07848705351352692,0.07315966486930847
12604,0.07177616655826569,0.056422434747219086
12605,0.06903786957263947,0.051736731082201004
12606,0.061086930334568024,0.06304594874382019
12607,0.06499482691287994,0.05234057828783989
12608,0.06148231774568558,0.04943257197737694
12609,0.0319751612842083,0.030854614451527596
12610,0.044873159378767014,0.016577832400798798
12611,0.03832724317908287,0.05111214146018028
12612,0.04860514774918556,0.03680746629834175
12613,0.04696326330304146,0.047348763793706894
12614,0.054777827113866806,0.04201201722025871
12615,0.04896162077784538,0.04870753362774849
12616,0.06290996819734573,0.056680623441934586
12617,0.054387085139751434,0.05116554722189903
12618,0.05103578791022301,0.04398045688867569
12619,0.04250561073422432,0.03156965225934982
12620,0.0603780522942543,0.0522567518055439
12621,0.03712780028581619,0.026558689773082733
12622,0.024885887280106544,0.014669477939605713
12623,0.031033923849463463,0.030337344855070114
12624,0.024974556639790535,0.0026570912450551987
12625,0.04984790086746216,0.034247495234012604
12626,0.022675756365060806,-0.002184376586228609
12627,0.03348333016037941,0.0326617956161499
12628,0.039178017526865005,0.026301436126232147
12629,0.019596075639128685,0.012875237502157688
12630,0.042230017483234406,0.02621588110923767
12631,0.029344461858272552,0.03319054841995239
12632,0.04299641028046608,0.021587830036878586
12633,0.029824258759617805,0.027075327932834625
12634,0.04385118559002876,0.029504401609301567
12635,0.04400810971856117,0.04328136518597603
12636,0.06655265390872955,0.05636761337518692
12637,0.07989176362752914,0.06063444912433624
12638,0.03964003175497055,0.03666350245475769
12639,0.04490288347005844,0.0428263321518898
12640,0.054808516055345535,0.05034380406141281
12641,0.044478047639131546,0.0405828021466732
12642,0.03121837228536606,0.02482854574918747
12643,0.03156233951449394,0.023091241717338562
12644,0.040660277009010315,0.04290807247161865
12645,0.03979341685771942,0.03809963911771774
12646,0.048788946121931076,0.05518106743693352
12647,0.06069406121969223,0.051191121339797974
12648,0.05460342392325401,0.04216625541448593
12649,0.04481460899114609,0.0411883182823658
12650,0.05871889367699623,0.04675722122192383
12651,0.04340926930308342,0.02971705049276352
12652,0.04359937459230423,0.0533268004655838
12653,0.06711822748184204,0.05475432053208351
12654,0.04698486626148224,0.0398503877222538
12655,0.04883847013115883,0.0469588041305542
12656,0.0770668089389801,0.051470495760440826
12657,0.056279245764017105,0.0541740357875824
12658,0.04866936430335045,0.0487552173435688
12659,0.03778069093823433,0.021885694935917854
12660,0.025832412764430046,0.0052508101798594
12661,0.0378539115190506,0.0508476160466671
12662,0.05461813881993294,0.056710872799158096
12663,0.06417856365442276,0.05454917624592781
12664,0.06632581353187561,0.05162608250975609
12665,0.04793580621480942,0.04226561263203621
12666,0.04061312600970268,0.053262654691934586
12667,0.03534671291708946,0.02019575424492359
12668,0.04394423961639404,0.03498415648937225
12669,0.0445437990128994,0.06092681363224983
12670,0.0643787831068039,0.05631236359477043
12671,0.05698232725262642,0.02414095029234886
12672,0.02980881743133068,0.03325260430574417
12673,0.04214189201593399,0.038596946746110916
12674,0.04917336627840996,0.04688834026455879
12675,0.052680857479572296,0.05476804077625275
12676,0.047520555555820465,0.04696828871965408
12677,0.07007996737957001,0.06936085224151611
12678,0.0565556176006794,0.05685767903923988
12679,0.06612897664308548,0.059702321887016296
12680,0.07361141592264175,0.07158435136079788
12681,0.05635150149464607,0.04096587374806404
12682,0.06416726857423782,0.05697758123278618
12683,0.07440392673015594,0.06208100914955139
12684,0.04633559286594391,0.0488218255341053
12685,0.06361597031354904,0.04896567016839981
12686,0.05032679811120033,0.06057334691286087
12687,0.05165944993495941,0.044390711933374405
12688,0.04912598803639412,0.037318237125873566
12689,0.04892779514193535,0.040480151772499084
12690,0.04966504126787186,0.02677069418132305
12691,0.019730238243937492,0.01749410666525364
12692,0.03618580102920532,0.0258154459297657
12693,0.02914787270128727,0.007468559313565493
12694,0.010605995543301105,0.008052133023738861
12695,0.020374616608023643,0.01913328282535076
12696,0.03823934867978096,0.02573302760720253
12697,0.022435886785387993,0.028558937832713127
12698,0.03847537189722061,0.02469049021601677
12699,0.03543331101536751,0.032802652567625046
12700,0.06811793893575668,0.05843878537416458
12701,0.07052380591630936,0.05903055518865585
12702,0.07159969210624695,0.07240373641252518
12703,0.06197545677423477,0.0545603409409523
12704,0.06192495673894882,0.06448336690664291
12705,0.06609708815813065,0.06533843278884888
12706,0.035537704825401306,0.035458747297525406
12707,0.04335585981607437,0.040506839752197266
12708,0.04273609817028046,0.039834797382354736
12709,0.046480659395456314,0.025691824033856392
12710,0.038318052887916565,0.03796279802918434
12711,0.05379858613014221,0.044757332652807236
12712,0.054462362080812454,0.04370808228850365
12713,0.04418502748012543,0.05065162479877472
12714,0.05125866457819939,0.03937548026442528
12715,0.053155966103076935,0.03783218562602997
12716,0.051321983337402344,0.0428476482629776
12717,0.044031329452991486,0.04334646835923195
12718,0.053695809096097946,0.037130165845155716
12719,0.03969840332865715,0.04167632386088371
12720,0.038389142602682114,0.029588820412755013
12721,0.038237061351537704,0.03898593783378601
12722,0.06049209088087082,0.07835845649242401
12723,0.08190509676933289,0.06275488436222076
12724,0.07339595258235931,0.055887170135974884
12725,0.06384392827749252,0.045268792659044266
12726,0.05686191841959953,0.05207400768995285
12727,0.07746896147727966,0.08895979076623917
12728,0.07950082421302795,0.08200816810131073
12729,0.07719166576862335,0.059220317751169205
12730,0.0718853622674942,0.05818231776356697
12731,0.05580435320734978,0.03258323296904564
12732,0.06272125989198685,0.05415258929133415
12733,0.048622701317071915,0.05046918988227844
12734,0.05509243533015251,0.046732187271118164
12735,0.03291191905736923,0.031004102900624275
12736,0.046916455030441284,0.036074984818696976
12737,0.0426715649664402,0.025410877540707588
12738,0.020663894712924957,0.016669614240527153
12739,0.0514814518392086,0.053419940173625946
12740,0.053651999682188034,0.03910635784268379
12741,0.05311217159032822,0.04476701840758324
12742,0.03269350156188011,0.022575613111257553
12743,0.05037420988082886,0.03502105548977852
12744,0.04422098025679588,0.04551032558083534
12745,0.04403691738843918,0.0482904314994812
12746,0.06268994510173798,0.05694286897778511
12747,0.06976564228534698,0.06498189270496368
12748,0.06222350895404816,0.0539473332464695
12749,0.0453835166990757,0.03332648053765297
12750,0.03111494518816471,0.019683141261339188
12751,0.05394381284713745,0.034586988389492035
12752,0.05063660815358162,0.03619511425495148
12753,0.023284053429961205,0.02002902515232563
12754,0.0343608483672142,0.022907057777047157
12755,0.04727615788578987,0.027887551113963127
12756,0.04869765415787697,0.05598784238100052
12757,0.050682902336120605,0.051107268780469894
12758,0.059472329914569855,0.04627072811126709
12759,0.059581268578767776,0.04879869520664215
12760,0.05304359272122383,0.04881848394870758
12761,0.05766092240810394,0.059924088418483734
12762,0.04322870820760727,0.0343589149415493
12763,0.026091860607266426,0.01804705709218979
12764,0.023156147450208664,0.024334469810128212
12765,0.03556832671165466,0.03904379904270172
12766,0.03511136770248413,0.04008883237838745
12767,0.03566930443048477,0.035205915570259094
12768,0.04389195516705513,0.04321091249585152
12769,0.04609057679772377,0.0409078449010849
12770,0.06298620253801346,0.0441754087805748
12771,0.04071595519781113,0.039433375000953674
12772,0.052290260791778564,0.05453740432858467
12773,0.03907870873808861,0.03458306938409805
12774,0.05272480100393295,0.04740716516971588
12775,0.04683539271354675,0.045166775584220886
12776,0.047076355665922165,0.04630325734615326
12777,0.058448098599910736,0.04582932963967323
12778,0.05574681982398033,0.04952187091112137
12779,0.051324330270290375,0.04047343134880066
12780,0.036831822246313095,0.02526858076453209
12781,0.018838897347450256,0.03281806409358978
12782,0.057274721562862396,0.06663260608911514
12783,0.07155835628509521,0.055302999913692474
12784,0.06637413799762726,0.05621028691530228
12785,0.0813516154885292,0.07313504070043564
12786,0.0746164545416832,0.06362327933311462
12787,0.06857762485742569,0.07300697267055511
12788,0.07576853036880493,0.06529904156923294
12789,0.058144159615039825,0.05582914873957634
12790,0.050656262785196304,0.04751200973987579
12791,0.06827811896800995,0.05733448639512062
12792,0.050270628184080124,0.04320501536130905
12793,0.03460017591714859,0.040582962334156036
12794,0.05524883046746254,0.047610219568014145
12795,0.043794967234134674,0.031285129487514496
12796,0.060141533613204956,0.05338522419333458
12797,0.05293833464384079,0.04988021403551102
12798,0.06031208485364914,0.056001681834459305
12799,0.05982401594519615,0.05336315184831619
12800,0.042526181787252426,0.041828740388154984
12801,0.07844395190477371,0.066182442009449
12802,0.07611258327960968,0.05008174106478691
12803,0.059389106929302216,0.048286207020282745
12804,0.05663708597421646,0.042017776519060135
12805,0.05280662700533867,0.03708218038082123
12806,0.03656356781721115,0.030189858749508858
12807,0.04901551082730293,0.052236031740903854
12808,0.06935877352952957,0.0597158782184124
12809,0.06929708272218704,0.06237175688147545
12810,0.03414727747440338,0.02786894701421261
12811,0.0400204211473465,0.03318694606423378
12812,0.025977233424782753,0.01064443401992321
12813,0.0365082249045372,0.032297831028699875
12814,0.047278426587581635,0.03978664055466652
12815,0.0456874743103981,0.03484070301055908
12816,0.05809250846505165,0.04271385446190834
12817,0.04996161907911301,0.04898093640804291
12818,0.03992902487516403,0.03554065153002739
12819,0.062117695808410645,0.05047885328531265
12820,0.058014269918203354,0.04875962436199188
12821,0.06072597950696945,0.06193455681204796
12822,0.03913715481758118,0.03435448929667473
12823,0.044430095702409744,0.02352629229426384
12824,0.033035337924957275,0.030828304588794708
12825,0.034968696534633636,0.02922266535460949
12826,0.047400448471307755,0.03187805414199829
12827,0.03763150796294212,0.027409659698605537
12828,0.026060404255986214,0.025326382368803024
12829,0.041331399232149124,0.021004656329751015
12830,0.03607013449072838,0.023072872310876846
12831,0.028995802626013756,0.020723538473248482
12832,0.01675902120769024,0.014002934098243713
12833,0.0371708944439888,0.02776646986603737
12834,0.04260087385773659,0.03227781131863594
12835,0.04734279215335846,0.056531358510255814
12836,0.07320620864629745,0.04850899800658226
12837,0.06377443671226501,0.049923598766326904
12838,0.061828747391700745,0.054376259446144104
12839,0.06914515048265457,0.06984993815422058
12840,0.07467498630285263,0.06057513505220413
12841,0.0519913025200367,0.03204585611820221
12842,0.05152825638651848,0.03699824959039688
12843,0.04011683538556099,0.041316211223602295
12844,0.04330259561538696,0.04129757359623909
12845,0.06757227331399918,0.054529428482055664
12846,0.042761750519275665,0.04331133887171745
12847,0.030827635899186134,0.02824971452355385
12848,0.04092186689376831,0.035591185092926025
12849,0.02757730893790722,0.022429462522268295
12850,0.03746984153985977,0.027755213901400566
12851,0.030816487967967987,0.01154413353651762
12852,0.024378439411520958,0.017952987924218178
12853,0.007984918542206287,0.011518661864101887
12854,0.027540462091565132,0.031651128083467484
12855,0.016801035031676292,0.021455872803926468
12856,0.05415527522563934,0.05292345583438873
12857,0.05223321542143822,0.035857588052749634
12858,0.05269625410437584,0.04184328764677048
12859,0.04497276991605759,0.049523793160915375
12860,0.05004032328724861,0.046456970274448395
12861,0.051951825618743896,0.04213094338774681
12862,0.028760811313986778,0.028634261339902878
12863,0.03600941598415375,0.02378438413143158
12864,0.026187991723418236,0.019113117828965187
12865,0.03615618869662285,0.020711947232484818
12866,0.05334440618753433,0.06204492971301079
12867,0.06299449503421783,0.058561451733112335
12868,0.055193666368722916,0.048073772341012955
12869,0.05441642552614212,0.050173718482255936
12870,0.029663030058145523,0.021108711138367653
12871,0.02570083551108837,0.023075001314282417
12872,0.04059067368507385,0.03288514167070389
12873,0.03609918802976608,0.026825683191418648
12874,0.005363808013498783,-0.004801706410944462
12875,0.003556726733222604,0.0012013954110443592
12876,0.011568593792617321,0.020159095525741577
12877,0.026700466871261597,0.020324023440480232
12878,0.04948217421770096,0.050933148711919785
12879,0.04730432853102684,0.04325959458947182
12880,0.052117567509412766,0.041728150099515915
12881,0.028691433370113373,0.037802841514348984
12882,0.03832745924592018,0.024960335344076157
12883,0.03268534690141678,0.030401835218071938
12884,0.03603879734873772,0.02702423557639122
12885,0.017623336985707283,0.012839063070714474
12886,0.022419080138206482,0.020518960431218147
12887,0.041246432811021805,0.039725903421640396
12888,0.05123991519212723,0.03541140258312225
12889,0.048429105430841446,0.03474003076553345
12890,0.05439954996109009,0.035468339920043945
12891,0.053522177040576935,0.03452228382229805
12892,0.07005099952220917,0.06498092412948608
12893,0.06240716576576233,0.053620804101228714
12894,0.05763828381896019,0.05878104269504547
12895,0.06706200540065765,0.06223277002573013
12896,0.07551582902669907,0.05369558557868004
12897,0.06292856484651566,0.05862012505531311
12898,0.07714075595140457,0.07134844362735748
12899,0.07434122264385223,0.053639911115169525
12900,0.06442126631736755,0.06276722997426987
12901,0.071999192237854,0.06144452095031738
12902,0.06340604275465012,0.05874631926417351
12903,0.07194463163614273,0.06954621523618698
12904,0.06703191995620728,0.05573355779051781
12905,0.05220254510641098,0.05033694952726364
12906,0.0513479970395565,0.051808472722768784
12907,0.03992653638124466,0.04619622230529785
12908,0.053895846009254456,0.06085039675235748
12909,0.04549712315201759,0.05963870510458946
12910,0.05057559907436371,0.05572519823908806
12911,0.05843482166528702,0.04937886446714401
12912,0.05166373774409294,0.05584388226270676
12913,0.04020485281944275,0.038656070828437805
12914,0.046867065131664276,0.03834598883986473
12915,0.038641855120658875,0.026717765256762505
12916,0.040529679507017136,0.04077889770269394
12917,0.03562573716044426,0.016429254785180092
12918,0.021640608087182045,0.023899022489786148
12919,0.010771785862743855,0.01487072091549635
12920,0.0181131549179554,0.00986082386225462
12921,0.03559684380888939,0.0388801284134388
12922,0.05607642978429794,0.06017622724175453
12923,0.062144190073013306,0.05923626571893692
12924,0.04056359454989433,0.02495807595551014
12925,0.05262017622590065,0.05671587586402893
12926,0.06584478914737701,0.05861462652683258
12927,0.05157531797885895,0.035229675471782684
12928,0.05691007152199745,0.05712476000189781
12929,0.05002472177147865,0.03836151584982872
12930,0.045441124588251114,0.04655779153108597
12931,0.03952106460928917,0.01738240197300911
12932,0.047338198870420456,0.03804183006286621
12933,0.04158131033182144,0.044059138745069504
12934,0.044587817043066025,0.037462204694747925
12935,0.03508142754435539,0.03233810514211655
12936,0.0385320819914341,0.02657410129904747
12937,0.02804950810968876,0.026735832914710045
12938,0.029710989445447922,0.027831941843032837
12939,0.042776841670274734,0.04674074053764343
12940,0.043035171926021576,0.04021286591887474
12941,0.042201437056064606,0.038764603435993195
12942,0.042501647025346756,0.04450994357466698
12943,0.05660676583647728,0.0496751144528389
12944,0.04161906614899635,0.03117823787033558
12945,0.0450085811316967,0.02922205813229084
12946,0.0132673354819417,0.012957142665982246
12947,0.02459883689880371,0.005904814228415489
12948,0.027125226333737373,0.017005931586027145
12949,0.009762916713953018,0.002875644015148282
12950,0.022587308660149574,0.025690114125609398
12951,0.02402203157544136,0.02411470003426075
12952,-0.009228785522282124,-0.018412020057439804
12953,0.0074976105242967606,0.003558204974979162
12954,0.03132782131433487,0.02663157694041729
12955,0.03435344994068146,0.03329736739397049
12956,0.06552071124315262,0.06689498573541641
12957,0.04877806454896927,0.03723553940653801
12958,0.03165639191865921,0.018304670229554176
12959,0.01582411304116249,0.0038098839577287436
12960,0.015070751309394836,0.011866715736687183
12961,0.044169601052999496,0.048582710325717926
12962,0.05823587253689766,0.04629431664943695
12963,0.0411207489669323,0.038568295538425446
12964,0.045826394110918045,0.030851690098643303
12965,0.04329316318035126,0.0398210808634758
12966,0.04913719743490219,0.04030529782176018
12967,0.03208742290735245,0.022134901955723763
12968,0.04554552584886551,0.057371899485588074
12969,0.07450124621391296,0.05791635811328888
12970,0.052581313997507095,0.048472125083208084
12971,0.06497456878423691,0.05046316981315613
12972,0.042420025914907455,0.034616656601428986
12973,0.04276130720973015,0.051365528255701065
12974,0.054184507578611374,0.046137433499097824
12975,0.046345386654138565,0.0368899330496788
12976,0.03839956969022751,0.029145048931241035
12977,0.019825946539640427,0.01733792945742607
12978,0.036183182150125504,0.0353269949555397
12979,0.047542501240968704,0.05186519771814346
12980,0.05226552113890648,0.037296365946531296
12981,0.04798261076211929,0.06043132767081261
12982,0.07794637233018875,0.06633277982473373
12983,0.05713489651679993,0.050899628549814224
12984,0.04829249903559685,0.043054789304733276
12985,0.04525728523731232,0.041361451148986816
12986,0.020176464691758156,0.012269818224012852
12987,0.018415125086903572,0.01705125719308853
12988,0.030685661360621452,0.02600664272904396
12989,0.04484556242823601,0.03583122044801712
12990,0.03936223313212395,0.02913697250187397
12991,0.0443204827606678,0.044415660202503204
12992,0.051442522555589676,0.03747597336769104
12993,0.04455041140317917,0.03536190837621689
12994,0.03524702787399292,0.026689670979976654
12995,0.021480021998286247,0.01583155244588852
12996,0.040341153740882874,0.03762899339199066
12997,0.048558756709098816,0.04468534514307976
12998,0.02684369869530201,0.008400180377066135
12999,0.031516484916210175,0.03472696617245674
13000,0.042046695947647095,0.03649021312594414
13001,0.04289007559418678,0.04038393124938011
13002,0.04953136667609215,0.03439389169216156
13003,0.0634537860751152,0.06780055165290833
13004,0.06313150376081467,0.039222195744514465
13005,0.04925719276070595,0.04680134728550911
13006,0.03853756561875343,0.0426819808781147
13007,0.05269492790102959,0.045166246592998505
13008,0.051066357642412186,0.035368967801332474
13009,0.05929984152317047,0.061503008008003235
13010,0.06103638932108879,0.05746578052639961
13011,0.05811920389533043,0.05330146104097366
13012,0.04658694192767143,0.04850580915808678
13013,0.05116225406527519,0.04561930149793625
13014,0.04186991602182388,0.029396219179034233
13015,0.04382834956049919,0.0520554780960083
13016,0.05704843997955322,0.0434790700674057
13017,0.06149255856871605,0.04983220994472504
13018,0.0590302050113678,0.038979727774858475
13019,0.04528108611702919,0.040233682841062546
13020,0.029487332329154015,0.034280236810445786
13021,0.04654896259307861,0.030705317854881287
13022,0.05665668845176697,0.04218669235706329
13023,0.036652758717536926,0.04361395537853241
13024,0.057419553399086,0.05220101773738861
13025,0.03642755001783371,0.02974512428045273
13026,0.039172202348709106,0.03297675400972366
13027,0.025167670100927353,0.029360296204686165
13028,0.050808392465114594,0.047812990844249725
13029,0.06486893445253372,0.057730820029973984
13030,0.06806617230176926,0.056583222001791
13031,0.05597289651632309,0.048320118337869644
13032,0.05171121284365654,0.04018237441778183
13033,0.054814938455820084,0.0336926095187664
13034,0.02076619490981102,0.014045351184904575
13035,0.014769363217055798,0.025357240810990334
13036,0.046228572726249695,0.03968697041273117
13037,0.043912652879953384,0.034123681485652924
13038,0.027555735781788826,0.016476674005389214
13039,0.023685747757554054,0.019489074125885963
13040,0.033465493470430374,0.03291700780391693
13041,0.031223293393850327,0.024054430425167084
13042,0.022415807470679283,0.01662752591073513
13043,0.013929243199527264,0.0157022587954998
13044,0.0406656377017498,0.03318919986486435
13045,0.03554251044988632,0.018058156594634056
13046,0.05238744243979454,0.04654409736394882
13047,0.03248341754078865,0.03489197790622711
13048,0.05211059749126434,0.04197032377123833
13049,0.0433424711227417,0.026115605607628822
13050,0.04877869784832001,0.04751734063029289
13051,0.04067947342991829,0.029083332046866417
13052,0.05243586376309395,0.04233809560537338
13053,0.0730738490819931,0.057986993342638016
13054,0.07055472582578659,0.06177465617656708
13055,0.06338906288146973,0.0595032274723053
13056,0.05058680474758148,0.04079102724790573
13057,0.04028831794857979,0.050536684691905975
13058,0.04843951389193535,0.056796807795763016
13059,0.06662231683731079,0.04609324783086777
13060,0.036594536155462265,0.0419575497508049
13061,0.05528586357831955,0.04660545289516449
13062,0.04436181113123894,0.0337294302880764
13063,0.03645498305559158,0.0471029169857502
13064,0.06407732516527176,0.058391083031892776
13065,0.05026882514357567,0.050425056368112564
13066,0.06662925332784653,0.05458541959524155
13067,0.04810042306780815,0.04009957239031792
13068,0.056790996342897415,0.04877715930342674
13069,0.052419211715459824,0.05533271282911301
13070,0.04371190816164017,0.036324962973594666
13071,0.038778942078351974,0.037357162684202194
13072,0.0532359704375267,0.047517117112874985
13073,0.05853686109185219,0.06066687032580376
13074,0.06833695620298386,0.055596377700567245
13075,0.07788749784231186,0.049180224537849426
13076,0.06174265220761299,0.05953611806035042
13077,0.06279781460762024,0.05892559140920639
13078,0.06450600922107697,0.06388463824987411
13079,0.06896399706602097,0.05156831070780754
13080,0.05443475767970085,0.049950938671827316
13081,0.06741814315319061,0.04382837936282158
13082,0.05273608863353729,0.05802972987294197
13083,0.049515917897224426,0.04982360824942589
13084,0.055312857031822205,0.06951054185628891
13085,0.06400471180677414,0.061272770166397095
13086,0.08449061214923859,0.07560056447982788
13087,0.055721063166856766,0.055243704468011856
13088,0.07309749722480774,0.07378317415714264
13089,0.06556973606348038,0.06635426729917526
13090,0.056399017572402954,0.04275263100862503
13091,0.048549678176641464,0.033458661288022995
13092,0.04007754102349281,0.028952762484550476
13093,0.03841446340084076,0.027983766049146652
13094,0.04203173145651817,0.033169932663440704
13095,0.05019725114107132,0.05042426660656929
13096,0.03384999930858612,0.01977190189063549
13097,0.0228180643171072,0.028127798810601234
13098,0.05619313567876816,0.052350956946611404
13099,0.07535906136035919,0.074428029358387
13100,0.05887351185083389,0.054653383791446686
13101,0.07575828582048416,0.06855892390012741
13102,0.07587320357561111,0.06661936640739441
13103,0.05314621329307556,0.042669638991355896
13104,0.029709067195653915,0.015158636495471
13105,0.03466489166021347,0.03701739013195038
13106,0.047529131174087524,0.03226063773036003
13107,0.015959572046995163,0.019388988614082336
13108,0.03666197136044502,0.03298007696866989
13109,0.04125819355249405,0.027885565534234047
13110,0.04941883310675621,0.060307037085294724
13111,0.07082582265138626,0.05448002740740776
13112,0.05993714928627014,0.0481802336871624
13113,0.04512151703238487,0.04061369225382805
13114,0.04370125010609627,0.03812823072075844
13115,0.049053825438022614,0.047996144741773605
13116,0.053181830793619156,0.057879045605659485
13117,0.05916687473654747,0.06393735110759735
13118,0.0640108659863472,0.059023819863796234
13119,0.03816836327314377,0.019767632707953453
13120,0.037690240889787674,0.039799682796001434
13121,0.05115901678800583,0.022298729047179222
13122,0.038069214671850204,0.03158518299460411
13123,0.038988228887319565,0.01894879899919033
13124,0.03819479048252106,0.02449149824678898
13125,0.029336998239159584,0.03822509944438934
13126,0.04048303887248039,0.03810601308941841
13127,0.047528691589832306,0.0398893877863884
13128,0.04257958009839058,0.036962300539016724
13129,0.022075463086366653,0.012149028480052948
13130,0.012466375716030598,0.011184249073266983
13131,-0.002525483025237918,-0.0071833147667348385
13132,0.027340391650795937,0.027199549600481987
13133,0.043482404202222824,0.033702559769153595
13134,0.036280594766139984,0.020269576460123062
13135,0.038705792278051376,0.027336660772562027
13136,0.0420384407043457,0.03672303259372711
13137,0.060628268867731094,0.057454343885183334
13138,0.060205645859241486,0.04283943772315979
13139,0.06181109696626663,0.0553932785987854
13140,0.05043775960803032,0.05398039519786835
13141,0.06579018384218216,0.05065080523490906
13142,0.054184552282094955,0.04336288571357727
13143,0.061432965099811554,0.046707842499017715
13144,0.07199233025312424,0.07023725658655167
13145,0.07059238106012344,0.06489670276641846
13146,0.0697428360581398,0.06712190061807632
13147,0.06556470692157745,0.06859221309423447
13148,0.08014116436243057,0.0526399128139019
13149,0.06308501213788986,0.06971085071563721
13150,0.08462919294834137,0.069467693567276
13151,0.058436449617147446,0.03893209248781204
13152,0.02695612423121929,0.030383367091417313
13153,0.04205538332462311,0.042033709585666656
13154,0.05337545648217201,0.05068882554769516
13155,0.04866248741745949,0.05170801654458046
13156,0.052193351089954376,0.04330172389745712
13157,0.06572027504444122,0.05264941230416298
13158,0.0678267702460289,0.054294317960739136
13159,0.06298764795064926,0.054394952952861786
13160,0.048466190695762634,0.04298483580350876
13161,0.05153576284646988,0.04643038660287857
13162,0.033596206456422806,0.006599713582545519
13163,0.02252230979502201,0.015428784303367138
13164,0.033617399632930756,0.03736409544944763
13165,0.055063847452402115,0.04773685708642006
13166,0.050759684294462204,0.054418087005615234
13167,0.06531184166669846,0.06577852368354797
13168,0.055924192070961,0.053006719797849655
13169,0.06532513350248337,0.06735581159591675
13170,0.06944180279970169,0.07414395362138748
13171,0.06902411580085754,0.05311635136604309
13172,0.06680626422166824,0.058206744492053986
13173,0.06018302962183952,0.057194117456674576
13174,0.05957185849547386,0.06722096353769302
13175,0.06845054030418396,0.05924374982714653
13176,0.04786474630236626,0.039691124111413956
13177,0.050839897245168686,0.04882192984223366
13178,0.030820446088910103,0.02558499574661255
13179,0.053557559847831726,0.04847261682152748
13180,0.03524355962872505,0.023478426039218903
13181,0.01988619565963745,0.019262898713350296
13182,0.023454593494534492,0.025729939341545105
13183,0.039773039519786835,0.0299645084887743
13184,0.058713167905807495,0.05196590721607208
13185,0.028645237907767296,0.009240692481398582
13186,0.04293425381183624,0.02698034793138504
13187,0.031022334471344948,0.030302230268716812
13188,0.02225799486041069,0.021290816366672516
13189,0.03992592915892601,0.02896345593035221
13190,0.03841767460107803,0.03484572470188141
13191,0.037870705127716064,0.03351292759180069
13192,0.039595186710357666,0.024662796407938004
13193,0.03416917845606804,0.025605464354157448
13194,0.03479057922959328,0.0362640880048275
13195,0.04637594148516655,0.04080890491604805
13196,0.05183171480894089,0.04879229515790939
13197,0.04751677066087723,0.03299698978662491
13198,0.03440378978848457,0.021983131766319275
13199,0.03049563616514206,0.019371315836906433
13200,0.026138316839933395,0.027922894805669785
13201,0.04233089089393616,0.027278119698166847
13202,0.025548124685883522,0.023494966328144073
13203,0.022713840007781982,0.030469829216599464
13204,0.05554712936282158,0.04408826678991318
13205,0.061943214386701584,0.048373039811849594
13206,0.05932403728365898,0.051022499799728394
13207,0.037640396505594254,0.030942020937800407
13208,0.06983593106269836,0.0558152012526989
13209,0.06982249021530151,0.05471963435411453
13210,0.05036608502268791,0.051693644374608994
13211,0.048006393015384674,0.03655790910124779
13212,0.02497013472020626,0.015835626050829887
13213,0.022237738594412804,0.017614031210541725
13214,0.03619643300771713,0.033481962978839874
13215,0.031440358608961105,0.01598278433084488
13216,0.018801940605044365,0.01902773231267929
13217,0.03533370792865753,0.031528014689683914
13218,0.0549776516854763,0.047599807381629944
13219,0.03477265313267708,0.03206963092088699
13220,0.038953863084316254,0.02725040167570114
13221,0.03754972666501999,0.03348671644926071
13222,0.05927044525742531,0.06616948544979095
13223,0.05720653384923935,0.0478331632912159
13224,0.04291288182139397,0.038220323622226715
13225,0.03402320668101311,0.029876846820116043
13226,0.0405472069978714,0.03649686649441719
13227,0.04769308120012283,0.033872563391923904
13228,0.04732175171375275,0.05223807319998741
13229,0.04640662297606468,0.04381401091814041
13230,0.0476449579000473,0.05156364664435387
13231,0.05415499210357666,0.04848431795835495
13232,0.048699185252189636,0.0279514342546463
13233,0.04236054793000221,0.03837726637721062
13234,0.02996029518544674,0.03178540617227554
13235,0.01940780133008957,0.012871995568275452
13236,0.026631884276866913,0.01825382560491562
13237,0.03148072585463524,0.03280120715498924
13238,0.04039451479911804,0.031390056014060974
13239,0.042898986488580704,0.0467209666967392
13240,0.0571177713572979,0.05618279054760933
13241,0.056612398475408554,0.04611799865961075
13242,0.048443447798490524,0.046370916068553925
13243,0.038178395479917526,0.03331592679023743
13244,0.04165855050086975,0.030269311740994453
13245,0.009043344296514988,-0.006711319554597139
13246,0.004802668001502752,-0.007518110331147909
13247,0.01268012821674347,0.008107142522931099
13248,0.020693467929959297,0.020156072452664375
13249,0.03882830590009689,0.028135858476161957
13250,0.025017771869897842,0.022815968841314316
13251,0.06318573653697968,0.05749772489070892
13252,0.06544575095176697,0.07672742009162903
13253,0.0700245350599289,0.05845624953508377
13254,0.05326782912015915,0.04375111311674118
13255,0.03927724063396454,0.02087492309510708
13256,0.030990080907940865,0.03568142652511597
13257,0.03843773156404495,0.029502151533961296
13258,0.038002606481313705,0.02052372880280018
13259,0.04652594029903412,0.042139336466789246
13260,0.045038945972919464,0.05253678187727928
13261,0.06351621448993683,0.07409714162349701
13262,0.06016490235924721,0.04990152269601822
13263,0.05832422152161598,0.03321212902665138
13264,0.026111692190170288,0.019519099965691566
13265,0.03608544543385506,0.021702097728848457
13266,0.03363947942852974,0.03447756543755531
13267,0.054155778139829636,0.0512419268488884
13268,0.05761384591460228,0.03863522410392761
13269,0.04115317761898041,0.032812900841236115
13270,0.031340647488832474,0.041200295090675354
13271,0.051406752318143845,0.0435393750667572
13272,0.054225705564022064,0.05465159937739372
13273,0.0414167121052742,0.054243482649326324
13274,0.05355612561106682,0.048086997121572495
13275,0.05909748375415802,0.05695713683962822
13276,0.04035772755742073,0.032004065811634064
13277,0.040835753083229065,0.03961440175771713
13278,0.04199066013097763,0.04517241194844246
13279,0.060241829603910446,0.0498775839805603
13280,0.061695292592048645,0.04558778554201126
13281,0.07025755196809769,0.0623384565114975
13282,0.061060935258865356,0.04036882147192955
13283,0.032913416624069214,0.029651828110218048
13284,0.0327521450817585,0.02538342960178852
13285,0.024765241891145706,0.021034447476267815
13286,0.03836435824632645,0.02834075689315796
13287,0.03418559953570366,0.027065681293606758
13288,0.04932288080453873,0.04112855717539787
13289,0.06134643033146858,0.04181588068604469
13290,0.047656744718551636,0.05683979019522667
13291,0.06711413711309433,0.06943358480930328
13292,0.07097582519054413,0.061086174100637436
13293,0.05833084136247635,0.058492060750722885
13294,0.0524272695183754,0.040955498814582825
13295,0.035287607461214066,0.02214721031486988
13296,0.045506127178668976,0.053844112902879715
13297,0.06127476319670677,0.04551297798752785
13298,0.03703705221414566,0.035255663096904755
13299,0.033663034439086914,0.04165993630886078
13300,0.03751734271645546,0.02353549562394619
13301,0.03704433888196945,0.043222781270742416
13302,0.05583849921822548,0.0453404076397419
13303,0.06023022532463074,0.0505828931927681
13304,0.048895519226789474,0.04481874778866768
13305,0.0590263232588768,0.0547720231115818
13306,0.05633458495140076,0.051083438098430634
13307,0.03395833820104599,0.02591754123568535
13308,0.0196392722427845,0.02002563886344433
13309,0.037914928048849106,0.03880346938967705
13310,0.06186731532216072,0.06167033687233925
13311,0.05916251614689827,0.05136021971702576
13312,0.051880426704883575,0.053143974393606186
13313,0.05156884714961052,0.041388485580682755
13314,0.04868333041667938,0.05388494208455086
13315,0.03862280771136284,0.027246927842497826
13316,0.027002530172467232,0.03806556388735771
13317,0.049204833805561066,0.05647061765193939
13318,0.05527316406369209,0.05047537758946419
13319,0.04448431730270386,0.03234086185693741
13320,0.062371306121349335,0.04984728991985321
13321,0.030875518918037415,0.031065549701452255
13322,0.04657186567783356,0.04062643647193909
13323,0.047094546258449554,0.04857901483774185
13324,0.05042098090052605,0.035008274018764496
13325,0.024742979556322098,0.02245824784040451
13326,0.04950294271111488,0.04888269305229187
13327,0.06684327125549316,0.05323626101016998
13328,0.07044192403554916,0.06468252092599869
13329,0.061691321432590485,0.062277454882860184
13330,0.05777093768119812,0.05235650762915611
13331,0.034679532051086426,0.032583802938461304
13332,0.06248981133103371,0.05185050517320633
13333,0.03580891713500023,0.03364947810769081
13334,0.037304941564798355,0.032637737691402435
13335,0.049464158713817596,0.04856448248028755
13336,0.0567677766084671,0.04741309583187103
13337,0.03420594707131386,0.01192622259259224
13338,0.04270033538341522,0.03675103932619095
13339,0.04533720761537552,0.040973640978336334
13340,0.037855349481105804,0.0328747034072876
13341,0.05149379000067711,0.03724830970168114
13342,0.0427374392747879,0.04459908604621887
13343,0.047411780804395676,0.040653012692928314
13344,0.04315999522805214,0.04836694523692131
13345,0.059774305671453476,0.04063507914543152
13346,0.04469922557473183,0.040788132697343826
13347,0.05525236949324608,0.043165676295757294
13348,0.0558086559176445,0.044272281229496
13349,0.03925361856818199,0.04620710015296936
13350,0.0731629952788353,0.07947380095720291
13351,0.08040579408407211,0.0725412666797638
13352,0.05496950075030327,0.055543527007102966
13353,0.06291674822568893,0.0516137033700943
13354,0.06439463794231415,0.0562165193259716
13355,0.06190316751599312,0.07036927342414856
13356,0.05009474977850914,0.04869508370757103
13357,0.060005802661180496,0.04838345944881439
13358,0.029208896681666374,0.028955187648534775
13359,0.02715383656322956,0.0378028079867363
13360,0.05126309022307396,0.050714220851659775
13361,0.06338271498680115,0.05707726627588272
13362,0.06851784139871597,0.04837479069828987
13363,0.05306354537606239,0.042894043028354645
13364,0.05059012398123741,0.04553678259253502
13365,0.0460553877055645,0.03261462599039078
13366,0.07159373164176941,0.057058267295360565
13367,0.05813441798090935,0.03362389653921127
13368,0.03772315755486488,0.030449798330664635
13369,0.035034142434597015,0.030395476147532463
13370,0.032107576727867126,0.03245311230421066
13371,0.021065611392259598,0.018071342259645462
13372,0.043495528399944305,0.027731705456972122
13373,0.03800950199365616,0.03238936886191368
13374,0.0376981645822525,0.026773951947689056
13375,0.03478661924600601,0.024890976026654243
13376,0.03924362361431122,0.03718426823616028
13377,0.06191936507821083,0.06377995014190674
13378,0.07279840856790543,0.07329262048006058
13379,0.05598388612270355,0.05006059631705284
13380,0.052958786487579346,0.03383098542690277
13381,0.02319283038377762,0.014753981493413448
13382,0.022315053269267082,0.013080190867185593
13383,0.005911346524953842,0.015020541846752167
13384,0.014692745171487331,0.00697803869843483
13385,0.015569379553198814,0.010078991763293743
13386,0.017373118549585342,0.02420845255255699
13387,0.030389489606022835,0.027269896119832993
13388,0.05032398924231529,0.050398632884025574
13389,0.04665582999587059,0.03761714696884155
13390,0.04786600545048714,0.03574291616678238
13391,0.025898920372128487,0.02066425234079361
13392,0.03929279372096062,0.03801931068301201
13393,0.04825318977236748,0.041518278419971466
13394,0.07296636700630188,0.06539809703826904
13395,0.06844472140073776,0.05589155852794647
13396,0.06326182186603546,0.04621298238635063
13397,0.05820123478770256,0.04316754266619682
13398,0.026438232511281967,0.025634843856096268
13399,0.04935423284769058,0.04075732082128525
13400,0.030556874349713326,0.009035960771143436
13401,0.013086232356727123,0.011117639020085335
13402,0.04225652292370796,0.036917105317115784
13403,0.04885297641158104,0.03995834290981293
13404,0.0253454502671957,0.027469180524349213
13405,0.02826501987874508,0.022527707740664482
13406,0.03425658494234085,0.02959570102393627
13407,0.03391566500067711,0.02411220408976078
13408,0.03741456940770149,0.0319673977792263
13409,0.045212555676698685,0.0495087131857872
13410,0.03732281178236008,0.041710302233695984
13411,0.038212958723306656,0.04474171623587608
13412,0.042542196810245514,0.024760453030467033
13413,0.04748502001166344,0.036733660846948624
13414,0.039224956184625626,0.028408339247107506
13415,0.04778694733977318,0.047252871096134186
13416,0.04732462391257286,0.042144399136304855
13417,0.04430311545729637,0.03382371738553047
13418,0.0374019518494606,0.028132012113928795
13419,0.03466688096523285,0.03197957202792168
13420,0.04404384270310402,0.043197911232709885
13421,0.04854652285575867,0.04379122704267502
13422,0.06241802126169205,0.052829284220933914
13423,0.03670056536793709,0.018610654398798943
13424,0.033796753734350204,0.012162375263869762
13425,0.018248869106173515,0.032115913927555084
13426,0.041676659137010574,0.04339025542140007
13427,0.040564652532339096,0.028516337275505066
13428,0.019892415031790733,0.0141537394374609
13429,0.005289746914058924,-0.005288158543407917
13430,-0.0007080694194883108,-0.012147259898483753
13431,0.0005047800950706005,-0.0040872469544410706
13432,0.009708061814308167,0.007571975700557232
13433,0.022735334932804108,0.01845078356564045
13434,0.01775841787457466,0.0214719008654356
13435,0.024040410295128822,0.014620172791182995
13436,0.019606657326221466,-0.0081615149974823
13437,0.03343978151679039,0.02007332071661949
13438,0.0501253642141819,0.03345392271876335
13439,0.027083471417427063,0.03072904236614704
13440,0.04885364696383476,0.05580689385533333
13441,0.055345579981803894,0.048567868769168854
13442,0.0432153083384037,0.03864872455596924
13443,0.03562353178858757,0.028014853596687317
13444,0.05490776523947716,0.03261004015803337
13445,0.036028411239385605,0.04169536381959915
13446,0.04414062574505806,0.027730023488402367
13447,0.04666193947196007,0.042225226759910583
13448,0.062280282378196716,0.0459885373711586
13449,0.06019990146160126,0.04680405929684639
13450,0.05075280740857124,0.03675483167171478
13451,0.03560635447502136,0.028659749776124954
13452,0.03278297558426857,0.02021988295018673
13453,0.033736322075128555,0.04001941159367561
13454,0.03991049528121948,0.04611775651574135
13455,0.035729799419641495,0.028272071853280067
13456,0.026522917672991753,0.033280517905950546
13457,0.035334113985300064,0.022637058049440384
13458,0.04190920665860176,0.03458594158291817
13459,0.03928832709789276,0.032913513481616974
13460,0.06385648995637894,0.051657047122716904
13461,0.06130790710449219,0.04442380368709564
13462,0.047767989337444305,0.05901351943612099
13463,0.07130363583564758,0.04122001677751541
13464,0.034552764147520065,0.014774233102798462
13465,0.02244146354496479,0.023458296433091164
13466,0.05120043829083443,0.04754633828997612
13467,0.04980712756514549,0.05267220735549927
13468,0.04977155104279518,0.050445783883333206
13469,0.061016976833343506,0.0610351487994194
13470,0.07999281585216522,0.07153788954019547
13471,0.059078384190797806,0.052140068262815475
13472,0.04318256303668022,0.03167599067091942
13473,0.05182846635580063,0.052366916090250015
13474,0.060666367411613464,0.03867737203836441
13475,0.061109304428100586,0.03688724711537361
13476,0.04983140900731087,0.047906819730997086
13477,0.05522085726261139,0.04569956660270691
13478,0.03783020004630089,0.03296086564660072
13479,0.05398192256689072,0.042456187307834625
13480,0.04626807942986488,0.03404916077852249
13481,0.04110380634665489,0.04480057209730148
13482,0.052413273602724075,0.03664330020546913
13483,0.04297357425093651,0.043634165078401566
13484,0.05529315769672394,0.03504706546664238
13485,0.04680681973695755,0.03884468972682953
13486,0.03941817581653595,0.04590630531311035
13487,0.05352308601140976,0.040176596492528915
13488,0.03880665823817253,0.034554578363895416
13489,0.04654819518327713,0.03279054909944534
13490,0.03835992515087128,0.036386121064424515
13491,0.03230636566877365,0.02183236926794052
13492,0.0251956544816494,0.008830196224153042
13493,0.011040784418582916,0.016233419999480247
13494,0.04394104331731796,0.02921551652252674
13495,0.05334839969873428,0.04587194696068764
13496,0.045188818126916885,0.04534996300935745
13497,0.032217688858509064,0.019698824733495712
13498,0.02805979549884796,0.018853498622775078
13499,0.02787546068429947,0.027107058092951775
13500,0.061672504991292953,0.049144916236400604
13501,0.04968580603599548,0.04236438125371933
13502,0.0592937171459198,0.06510612368583679
13503,0.05927024409174919,0.04208124428987503
13504,0.04754626378417015,0.03509128838777542
13505,0.04258376359939575,0.04047846421599388
13506,0.05023520439863205,0.041461799293756485
13507,0.04201330617070198,0.04047137498855591
13508,0.048072073608636856,0.030913444235920906
13509,0.05741412192583084,0.05351749435067177
13510,0.06041216105222702,0.054330721497535706
13511,0.07088716328144073,0.07086798548698425
13512,0.06465085595846176,0.0634150356054306
13513,0.05653733015060425,0.04598987102508545
13514,0.055378712713718414,0.04930429905653
13515,0.03650519996881485,0.03586004301905632
13516,0.03181527182459831,0.02840299718081951
13517,0.03867550566792488,0.04600217565894127
13518,0.043989960104227066,0.03947877138853073
13519,0.05863971635699272,0.04173588380217552
13520,0.05406467244029045,0.04078329727053642
13521,0.04100388288497925,0.04264872521162033
13522,0.05817297473549843,0.032854113727808
13523,0.06286211311817169,0.038139570504426956
13524,0.057694725692272186,0.054811716079711914
13525,0.048586755990982056,0.042514290660619736
13526,0.061420977115631104,0.06807541102170944
13527,0.07953372597694397,0.055639978498220444
13528,0.05480576679110527,0.04033349081873894
13529,0.05830785259604454,0.05369580164551735
13530,0.06214665248990059,0.05495721474289894
13531,0.06117745861411095,0.051636673510074615
13532,0.044525086879730225,0.030892198905348778
13533,0.05037647485733032,0.047422125935554504
13534,0.05058601498603821,0.03174920752644539
13535,0.03955107554793358,0.029318729415535927
13536,0.04098476096987724,0.02818290702998638
13537,0.03275398910045624,0.026069382205605507
13538,0.030834080651402473,0.023459574207663536
13539,0.00816438253968954,0.002951396629214287
13540,0.024279553443193436,0.027275843545794487
13541,0.031218411400914192,0.020138045772910118
13542,0.05368606746196747,0.06088094785809517
13543,0.06910165399312973,0.05009825900197029
13544,0.06106308847665787,0.05008336901664734
13545,0.04821578040719032,0.05573747679591179
13546,0.05641530454158783,0.05266139283776283
13547,0.042749349027872086,0.04749470576643944
13548,0.034873366355895996,0.03471836447715759
13549,0.0599527433514595,0.05385201424360275
13550,0.06400654464960098,0.05590686947107315
13551,0.04660627618432045,0.02498050592839718
13552,0.03119034133851528,0.044575002044439316
13553,0.057132989168167114,0.055654581636190414
13554,0.05941939353942871,0.05963587015867233
13555,0.07224208116531372,0.05807889252901077
13556,0.05842013657093048,0.055046968162059784
13557,0.05519656091928482,0.04851050302386284
13558,0.07783590257167816,0.07437624782323837
13559,0.051146794110536575,0.04564565792679787
13560,0.05546083301305771,0.03003886714577675
13561,0.03044263832271099,0.024763640016317368
13562,0.03768448531627655,0.0385257713496685
13563,0.030508162453770638,0.02573237195611
13564,0.032796431332826614,0.021037699654698372
13565,0.039573267102241516,0.035783231258392334
13566,0.060208115726709366,0.06598576158285141
13567,0.06901954114437103,0.0506952740252018
13568,0.05429884418845177,0.06335724890232086
13569,0.06126865744590759,0.052077870815992355
13570,0.06682013720273972,0.07256103307008743
13571,0.0872897133231163,0.06982439011335373
13572,0.08300025016069412,0.0802685022354126
13573,0.09010380506515503,0.0856042429804802
13574,0.09802571684122086,0.09373032301664352
13575,0.09351956099271774,0.08049221336841583
13576,0.051203902810811996,0.05427128076553345
13577,0.06285874545574188,0.046021874994039536
13578,0.08508209139108658,0.06366697698831558
13579,0.07777285575866699,0.06505805999040604
13580,0.054216012358665466,0.0574563629925251
13581,0.054896142333745956,0.04446997120976448
13582,0.036768682301044464,0.03513191640377045
13583,0.044664256274700165,0.03430956229567528
13584,0.043097712099552155,0.048508983105421066
13585,0.048200663179159164,0.048146117478609085
13586,0.05680200085043907,0.04646832495927811
13587,0.032040804624557495,0.0219589676707983
13588,0.03167899698019028,0.027866622433066368
13589,0.03743080794811249,0.03347568213939667
13590,0.0508003793656826,0.04211106151342392
13591,0.05060335248708725,0.04536568373441696
13592,0.052738506346940994,0.03762272372841835
13593,0.016436688601970673,0.01319518405944109
13594,0.03906288743019104,0.03474580869078636
13595,0.040367159992456436,0.04092644527554512
13596,0.05512198433279991,0.041403692215681076
13597,0.04388544335961342,0.03750599920749664
13598,0.022814681753516197,0.016829896718263626
13599,0.0344383642077446,0.031800784170627594
13600,0.04143205285072327,0.02725805714726448
13601,0.024902818724513054,0.013578196987509727
13602,0.026881018653512,0.022395281121134758
13603,0.0264251958578825,0.017057565972208977
13604,0.03138694167137146,0.009144472889602184
13605,0.054152123630046844,0.044257860630750656
13606,0.04529477283358574,0.030336856842041016
13607,0.054266203194856644,0.04145452752709389
13608,0.055116523057222366,0.05048934742808342
13609,0.05757959559559822,0.064444899559021
13610,0.06269990652799606,0.06212729960680008
13611,0.068977952003479,0.04800276830792427
13612,0.04960212856531143,0.03368847444653511
13613,0.055900488048791885,0.04842686280608177
13614,0.04684414342045784,0.044060274958610535
13615,0.0535522922873497,0.056311674416065216
13616,0.053671229630708694,0.04966314882040024
13617,0.06108635291457176,0.04959746450185776
13618,0.04678971320390701,0.03093867562711239
13619,0.04462028294801712,0.03173080086708069
13620,0.03898972272872925,0.03657491132616997
13621,0.03730771318078041,0.03153819963335991
13622,0.04817190766334534,0.046980902552604675
13623,0.0343409888446331,0.03526325523853302
13624,0.04170174151659012,0.027336761355400085
13625,0.024327021092176437,0.013707769103348255
13626,0.00678747333586216,0.011116934940218925
13627,0.020071331411600113,0.013287834823131561
13628,0.017593029886484146,0.025151178240776062
13629,0.02754013054072857,0.010640640743076801
13630,0.02235572785139084,0.01655094139277935
13631,0.027214372530579567,0.008608782663941383
13632,0.004308927804231644,-0.008037766441702843
13633,0.0069233328104019165,0.009950026869773865
13634,0.013708927668631077,0.010485602542757988
13635,0.025101788341999054,0.02940668910741806
13636,0.0025842073373496532,0.004714222624897957
13637,0.03125779703259468,0.03739764913916588
13638,0.05635111778974533,0.05376181751489639
13639,0.046166859567165375,0.05474499613046646
13640,0.052802667021751404,0.04998759180307388
13641,0.05268045887351036,0.035519566386938095
13642,0.0363149531185627,0.03785502910614014
13643,0.037943463772535324,0.022680368274450302
13644,0.03847391530871391,0.019973376765847206
13645,0.008088127709925175,-0.0014248206280171871
13646,0.0007364384364336729,0.003703994443640113
13647,0.00792777631431818,0.00885761622339487
13648,0.03292177617549896,0.027625082060694695
13649,0.05541898310184479,0.04839935526251793
13650,0.04818571358919144,0.04177368804812431
13651,0.054889749735593796,0.055109903216362
13652,0.06976970285177231,0.056981466710567474
13653,0.05947406217455864,0.035695914179086685
13654,0.052218127995729446,0.04218394681811333
13655,0.04866202920675278,0.04850086197257042
13656,0.06146180257201195,0.0620281882584095
13657,0.0704876184463501,0.05888250842690468
13658,0.06406685709953308,0.054530128836631775
13659,0.05650874227285385,0.04986501857638359
13660,0.05324094370007515,0.052272893488407135
13661,0.05498472601175308,0.03657231107354164
13662,0.052150461822748184,0.035319071263074875
13663,0.0303555428981781,0.03293678164482117
13664,0.04910105839371681,0.02853323705494404
13665,0.045162759721279144,0.03378869220614433
13666,0.034598518162965775,0.030704425647854805
13667,0.04825809597969055,0.04944274201989174
13668,0.0566847063601017,0.043210308998823166
13669,0.04210633784532547,0.04007264971733093
13670,0.0618426650762558,0.05842536315321922
13671,0.07010883837938309,0.05538112670183182
13672,0.06228834390640259,0.055025652050971985
13673,0.052131202071905136,0.04752007871866226
13674,0.04096122458577156,0.03316980600357056
13675,0.04781230911612511,0.03924630582332611
13676,0.04510831460356712,0.031539227813482285
13677,0.06882411241531372,0.06677138805389404
13678,0.06355983018875122,0.06075284630060196
13679,0.06794777512550354,0.054712194949388504
13680,0.05134376883506775,0.041946832090616226
13681,0.05800284072756767,0.04614020884037018
13682,0.05996909737586975,0.06126469746232033
13683,0.05295957997441292,0.031733229756355286
13684,0.04557989910244942,0.049995195120573044
13685,0.054865192621946335,0.03691556304693222
13686,0.04153723642230034,0.03176269307732582
13687,0.02868819050490856,0.030090155079960823
13688,0.026362869888544083,0.033172961324453354
13689,0.05087197571992874,0.03993536904454231
13690,0.04950764402747154,0.0394895076751709
13691,0.05854053422808647,0.05515137314796448
13692,0.07095291465520859,0.06982918083667755
13693,0.07669230550527573,0.05767667293548584
13694,0.06607281416654587,0.059686094522476196
13695,0.07890032231807709,0.06777729839086533
13696,0.05885571241378784,0.06561897695064545
13697,0.0658666267991066,0.05243387073278427
13698,0.057560186833143234,0.04598936438560486
13699,0.05594984441995621,0.03498109057545662
13700,0.0541866160929203,0.03493363410234451
13701,0.041274335235357285,0.050561197102069855
13702,0.044943708926439285,0.03334064409136772
13703,0.03090672194957733,0.022668778896331787
13704,0.04603438079357147,0.04804312437772751
13705,0.0545998178422451,0.049696799367666245
13706,0.049159277230501175,0.03269144520163536
13707,0.04331529885530472,0.045752525329589844
13708,0.04597437009215355,0.04219742864370346
13709,0.028847776353359222,0.037392377853393555
13710,0.042064011096954346,0.03533931449055672
13711,0.03679559379816055,0.017023662105202675
13712,0.03564739599823952,0.032077617943286896
13713,0.04346558079123497,0.03544487804174423
13714,0.04352407902479172,0.03833480924367905
13715,0.03008725866675377,0.034201480448246
13716,0.05000018700957298,0.029725244268774986
13717,0.06426935642957687,0.045451536774635315
13718,0.0594567134976387,0.04768837243318558
13719,0.05668189376592636,0.041455063968896866
13720,0.041600245982408524,0.034176599234342575
13721,0.0664139837026596,0.05178304761648178
13722,0.06697264313697815,0.0693700909614563
13723,0.07392562180757523,0.06391938775777817
13724,0.0562107115983963,0.04230976849794388
13725,0.04928290843963623,0.029276316985487938
13726,0.04007586091756821,0.04263656213879585
13727,0.039650749415159225,0.03081294149160385
13728,0.05853532254695892,0.05669825151562691
13729,0.0571274608373642,0.052145667374134064
13730,0.05395769327878952,0.04403087869286537
13731,0.03095616027712822,0.02531609870493412
13732,0.01158564817160368,0.009026222862303257
13733,0.0249418206512928,0.017609475180506706
13734,0.023103052750229836,0.02292385697364807
13735,0.03949085623025894,0.026183180510997772
13736,0.03452346473932266,0.02832677960395813
13737,0.04711899533867836,0.040923986583948135
13738,0.05395931378006935,0.053933534771203995
13739,0.06100764125585556,0.03531073406338692
13740,0.02559293992817402,0.033766478300094604
13741,0.0441516637802124,0.037872251123189926
13742,0.03583298251032829,0.020392954349517822
13743,0.03858238458633423,0.04474988207221031
13744,0.046367011964321136,0.03239644691348076
13745,0.02479182928800583,0.020489558577537537
13746,0.011572633869946003,0.005016819108277559
13747,0.02274402417242527,0.016243167221546173
13748,0.05621758848428726,0.052511438727378845
13749,0.05234735459089279,0.04626084491610527
13750,0.04363560304045677,0.034248530864715576
13751,0.034052301198244095,0.020811231806874275
13752,0.02631790190935135,0.02900681272149086
13753,0.0336432009935379,0.030870048329234123
13754,0.043285299092531204,0.04098092392086983
13755,0.03288751468062401,0.03440949320793152
13756,0.03480827063322067,0.031145786866545677
13757,0.04928068071603775,0.04955779388546944
13758,0.059821825474500656,0.056388381868600845
13759,0.02881290763616562,0.04051068425178528
13760,0.05831700935959816,0.05084923654794693
13761,0.04018600285053253,0.038997091352939606
13762,0.0515313446521759,0.038074690848588943
13763,0.022309163585305214,0.03155647963285446
13764,0.04187075421214104,0.0407005250453949
13765,0.055455468595027924,0.06003914400935173
13766,0.05756639689207077,0.05656590312719345
13767,0.07075011730194092,0.04425879195332527
13768,0.045996736735105515,0.04706261679530144
13769,0.05950527265667915,0.04925037547945976
13770,0.050571177154779434,0.03911222517490387
13771,0.05199071019887924,0.04437890648841858
13772,0.03957252949476242,0.029975472018122673
13773,0.03815571963787079,0.031021710485219955
13774,0.049861881881952286,0.036848124116659164
13775,0.04990411549806595,0.052873123437166214
13776,0.0608370266854763,0.042007964104413986
13777,0.05570969730615616,0.04262562096118927
13778,0.04117925092577934,0.041267018765211105
13779,0.044337835162878036,0.04141061007976532
13780,0.06414034962654114,0.05739014968276024
13781,0.040661513805389404,0.04105320945382118
13782,0.04322981461882591,0.033274222165346146
13783,0.037609443068504333,0.023323284462094307
13784,0.027305062860250473,0.028759216889739037
13785,0.045052669942379,0.03955058380961418
13786,0.04371008276939392,0.04096321761608124
13787,0.07790008932352066,0.06341545283794403
13788,0.059701669961214066,0.042100612074136734
13789,0.05348799750208855,0.04160662367939949
13790,0.05384483560919762,0.03722802922129631
13791,0.06182157248258591,0.046656474471092224
13792,0.06972064077854156,0.061583880335092545
13793,0.05972719192504883,0.05101238563656807
13794,0.03339105099439621,0.009853728115558624
13795,0.017246529459953308,0.017069218680262566
13796,0.019798943772912025,0.017201639711856842
13797,0.02883458137512207,0.020562902092933655
13798,0.03656008467078209,0.04492050036787987
13799,0.032441724091768265,0.025067687034606934
13800,0.015403574332594872,0.0077230846509337425
13801,0.005992948543280363,0.016489261761307716
13802,0.01631544902920723,0.024740047752857208
13803,0.04632857069373131,0.0448455773293972
13804,0.05772344768047333,0.06338664144277573
13805,0.06788180023431778,0.05802247300744057
13806,0.05441245809197426,0.04711676761507988
13807,0.0252367090433836,0.02900679223239422
13808,0.07314376533031464,0.05743248015642166
13809,0.058929864317178726,0.062484633177518845
13810,0.060658957809209824,0.05949021503329277
13811,0.061208080500364304,0.04793431609869003
13812,0.06474319845438004,0.048622000962495804
13813,0.06843602657318115,0.05994168296456337
13814,0.0448935404419899,0.0379972979426384
13815,0.06472112983465195,0.05184202268719673
13816,0.05487853288650513,0.05539412051439285
13817,0.07005290687084198,0.048936400562524796
13818,0.04484312981367111,0.037346191704273224
13819,0.024181753396987915,0.03831066936254501
13820,0.06144769489765167,0.057963334023952484
13821,0.06380199640989304,0.053378842771053314
13822,0.06383994221687317,0.06582918763160706
13823,0.05532637983560562,0.04555471986532211
13824,0.04134475439786911,0.03457736223936081
13825,0.05287694185972214,0.038311734795570374
13826,0.05363600328564644,0.049517564475536346
13827,0.03397160768508911,0.03959371894598007
13828,0.051725588738918304,0.040705498307943344
13829,0.05409364029765129,0.04606600105762482
13830,0.041412632912397385,0.02918602153658867
13831,0.059535641223192215,0.048545680940151215
13832,0.040103279054164886,0.028225064277648926
13833,0.04793817549943924,0.04771373048424721
13834,0.050692178308963776,0.04995938017964363
13835,0.04786611348390579,0.02962847240269184
13836,0.05563303083181381,0.04115099087357521
13837,0.04809558019042015,0.03243274614214897
13838,0.042045559734106064,0.029062161222100258
13839,0.0409734845161438,0.028519419953227043
13840,0.055560022592544556,0.0408937968313694
13841,0.053437065333127975,0.046757567673921585
13842,0.045616503804922104,0.05073292553424835
13843,0.05234801769256592,0.04952924698591232
13844,0.0633145421743393,0.04125281050801277
13845,0.05794847384095192,0.04957864433526993
13846,0.04879855364561081,0.04592505469918251
13847,0.050361789762973785,0.04701915755867958
13848,0.06447085738182068,0.05942794680595398
13849,0.06356848031282425,0.04363942891359329
13850,0.06875570118427277,0.07601900398731232
13851,0.0823172926902771,0.05660101771354675
13852,0.05262921005487442,0.04681975394487381
13853,0.0368356853723526,0.030650852248072624
13854,0.06459516286849976,0.05892203003168106
13855,0.03785184770822525,0.027690311893820763
13856,0.0472574420273304,0.028309430927038193
13857,0.07161922752857208,0.059109702706336975
13858,0.06239735707640648,0.050821106880903244
13859,0.07431560754776001,0.062123652547597885
13860,0.07016987353563309,0.0549231693148613
13861,0.0610833615064621,0.04772648587822914
13862,0.052032746374607086,0.04225471615791321
13863,0.04694867879152298,0.03900805860757828
13864,0.0508793443441391,0.03997964411973953
13865,0.05806059390306473,0.06392280757427216
13866,0.06334073841571808,0.06374908983707428
13867,0.0607132688164711,0.06110182777047157
13868,0.07511848956346512,0.06022733822464943
13869,0.061633940786123276,0.05892350897192955
13870,0.07370004802942276,0.07767575234174728
13871,0.06898593157529831,0.05475710704922676
13872,0.04741966351866722,0.0355478897690773
13873,0.0474306084215641,0.04354256018996239
13874,0.03292915225028992,0.03476975858211517
13875,0.04882987588644028,0.03266872093081474
13876,0.03487015888094902,0.038775138556957245
13877,0.03235794976353645,0.03394290432333946
13878,0.049324896186590195,0.06203858554363251
13879,0.058369554579257965,0.0598374679684639
13880,0.06167306751012802,0.044470541179180145
13881,0.05018812045454979,0.036682307720184326
13882,0.04009787365794182,0.02885754220187664
13883,0.03453746438026428,0.041842009872198105
13884,0.04638250172138214,0.029868222773075104
13885,0.05025556683540344,0.052407894283533096
13886,0.053796473890542984,0.036618079990148544
13887,0.07509390264749527,0.06493931263685226
13888,0.045428745448589325,0.031063128262758255
13889,0.04725509136915207,0.03786424174904823
13890,0.04550086706876755,0.05464769899845123
13891,0.05887923762202263,0.05487753450870514
13892,0.06640911102294922,0.06750334054231644
13893,0.0618356317281723,0.04165206477046013
13894,0.04121936857700348,0.04290434718132019
13895,0.0555705651640892,0.045705366879701614
13896,0.045203566551208496,0.03590492531657219
13897,0.04727291315793991,0.047768522053956985
13898,0.043454814702272415,0.03601222485303879
13899,0.03628262132406235,0.038407981395721436
13900,0.05668872222304344,0.05476612225174904
13901,0.0684007853269577,0.04901430755853653
13902,0.053495991975069046,0.046604692935943604
13903,0.03969592601060867,0.03977680206298828
13904,0.06787530332803726,0.06416614353656769
13905,0.05650921165943146,0.03912601247429848
13906,0.03519793599843979,0.02515103481709957
13907,0.047875624150037766,0.04291735962033272
13908,0.05766076594591141,0.05377058684825897
13909,0.05752897635102272,0.046780478209257126
13910,0.053833261132240295,0.05777061730623245
13911,0.053154703229665756,0.02642766758799553
13912,0.018922321498394012,0.012484665960073471
13913,0.009706379845738411,0.014024796895682812
13914,0.02428695559501648,0.017866574227809906
13915,0.005703135393559933,0.004909953102469444
13916,0.025322843343019485,0.015663623809814453
13917,0.036114636808633804,0.017713945358991623
13918,0.031516727060079575,0.0272818710654974
13919,0.034260958433151245,0.0190996453166008
13920,0.029634449630975723,0.01923353411257267
13921,0.010590401478111744,0.012015954591333866
13922,0.022513190284371376,0.016685442999005318
13923,0.023905422538518906,0.03003503568470478
13924,0.020308131352066994,0.006636362988501787
13925,0.024239541962742805,0.023528430610895157
13926,0.027027899399399757,0.030678384006023407
13927,0.01701274700462818,0.0025417825672775507
13928,0.006849238649010658,-0.007695934735238552
13929,0.014465662650763988,0.014555767178535461
13930,0.041743792593479156,0.037949301302433014
13931,0.04460740089416504,0.04327239841222763
13932,0.04981695115566254,0.036857932806015015
13933,0.03940805047750473,0.04213029518723488
13934,0.053905658423900604,0.04743264615535736
13935,0.06083913892507553,0.04093337431550026
13936,0.04686710610985756,0.03874792903661728
13937,0.041529588401317596,0.03754377365112305
13938,0.06089198589324951,0.04945874959230423
13939,0.05487203970551491,0.047415997833013535
13940,0.05544869974255562,0.04698411747813225
13941,0.048417240381240845,0.03916934132575989
13942,0.04563899710774422,0.037060193717479706
13943,0.033994369208812714,0.0206352137029171
13944,0.036168839782476425,0.037194713950157166
13945,0.05470121279358864,0.0590047761797905
13946,0.06403370946645737,0.04687696695327759
13947,0.03700068220496178,0.02759065479040146
13948,0.026373887434601784,0.023122770711779594
13949,0.040765825659036636,0.03985319659113884
13950,0.037515707314014435,0.03448016569018364
13951,0.045758962631225586,0.04816965386271477
13952,0.047320958226919174,0.0444960743188858
13953,0.0331718772649765,0.026339832693338394
13954,0.04458695650100708,0.029354725033044815
13955,0.03949461877346039,0.03921112045645714
13956,0.07106591761112213,0.06600873917341232
13957,0.07206021994352341,0.08400898426771164
13958,0.07301771640777588,0.07267584651708603
13959,0.07164411246776581,0.05394669622182846
13960,0.04891347512602806,0.049344584345817566
13961,0.05635584145784378,0.04828793555498123
13962,0.01862534135580063,0.020131779834628105
13963,0.03631683066487312,0.024437814950942993
13964,0.041113607585430145,0.04321441054344177
13965,0.04663949832320213,0.027526533231139183
13966,0.04913516715168953,0.05365323647856712
13967,0.05433911457657814,0.05400171875953674
13968,0.05934573709964752,0.048298873007297516
13969,0.05190629884600639,0.051746539771556854
13970,0.02672521024942398,0.023450229316949844
13971,0.05642387643456459,0.05329471081495285
13972,0.058980792760849,0.050352565944194794
13973,0.05594758316874504,0.033845920115709305
13974,0.04118536040186882,0.03733891621232033
13975,0.04984255135059357,0.031152915209531784
13976,0.037905678153038025,0.015175942331552505
13977,0.017536653205752373,0.01750824972987175
13978,0.02127843350172043,0.012481452897191048
13979,0.04127765819430351,0.028164206072688103
13980,0.02908414974808693,0.035491351038217545
13981,0.052640143781900406,0.04856302961707115
13982,0.059663258492946625,0.04580932483077049
13983,0.04171327129006386,0.038845304399728775
13984,0.05277542024850845,0.05598003789782524
13985,0.07511595636606216,0.06497876346111298
13986,0.0665576159954071,0.06364469975233078
13987,0.06261063367128372,0.06164896488189697
13988,0.06837833672761917,0.054165955632925034
13989,0.05889892578125,0.04998982325196266
13990,0.06782075762748718,0.05197980999946594
13991,0.06001219525933266,0.04249904677271843
13992,0.02462611347436905,0.02432105876505375
13993,0.028651902452111244,0.03373933956027031
13994,0.045765433460474014,0.025835243985056877
13995,0.017941033467650414,0.01195087656378746
13996,0.020492101088166237,0.009578733704984188
13997,0.038197774440050125,0.0316116064786911
13998,0.06116162985563278,0.05911814793944359
13999,0.06443433463573456,0.0513770766556263
14000,0.0290830098092556,0.029071759432554245
14001,0.03207119554281235,0.034963928163051605
14002,0.0469965822994709,0.04206141084432602
14003,0.04715535789728165,0.04702810198068619
14004,0.05745028704404831,0.038903556764125824
14005,0.045113492757081985,0.04238179326057434
14006,0.056504055857658386,0.042111895978450775
14007,0.028516298159956932,0.023700932040810585
14008,0.02426767908036709,0.009842383675277233
14009,0.034332405775785446,0.037718795239925385
14010,0.04058966413140297,0.03850432112812996
14011,0.05120033398270607,0.036666419357061386
14012,0.04043656960129738,0.03384484723210335
14013,0.035488199442625046,0.012156836688518524
14014,0.02759319543838501,0.025739846751093864
14015,0.030463889241218567,0.03184076026082039
14016,0.05361654609441757,0.05217505618929863
14017,0.046009961515665054,0.03142352029681206
14018,0.08037888258695602,0.07191049307584763
14019,0.05048156529664993,0.039925746619701385
14020,0.047851089388132095,0.0507131963968277
14021,0.06713581830263138,0.05924813821911812
14022,0.06259749084711075,0.05032319575548172
14023,0.05895433947443962,0.04054560139775276
14024,0.04421479254961014,0.0437968373298645
14025,0.050006091594696045,0.0318734236061573
14026,0.02336919866502285,0.016731733456254005
14027,0.02242356352508068,0.03331765532493591
14028,0.021657686680555344,0.011514746583998203
14029,0.01572033204138279,-0.0006873549427837133
14030,0.01979609951376915,0.031346485018730164
14031,0.06462301313877106,0.0580894909799099
14032,0.06344406306743622,0.05082111060619354
14033,0.04066985473036766,0.031601179391145706
14034,0.0189119353890419,0.019431421533226967
14035,0.03581172227859497,0.026302063837647438
14036,0.041685570031404495,0.03275363892316818
14037,0.03600827232003212,0.019986117258667946
14038,0.03715294227004051,0.03423832356929779
14039,0.047437455505132675,0.04252735897898674
14040,0.05381366237998009,0.05281590297818184
14041,0.047510284930467606,0.027210349217057228
14042,0.0491996668279171,0.05207783356308937
14043,0.06838114559650421,0.044615488499403
14044,0.049696002155542374,0.038633253425359726
14045,0.05858587846159935,0.04788583889603615
14046,0.04363606497645378,0.027713149785995483
14047,0.024305598810315132,0.018526706844568253
14048,0.02028775028884411,0.00666391383856535
14049,0.024229642003774643,0.02767493575811386
14050,0.031823355704545975,0.023909201845526695
14051,0.02063833922147751,0.009773111902177334
14052,0.04553486779332161,0.037098612636327744
14053,0.07610910385847092,0.07219797372817993
14054,0.059957388788461685,0.05336996167898178
14055,0.059908490628004074,0.051960404962301254
14056,0.05594689026474953,0.03840142488479614
14057,0.039797671139240265,0.028434352949261665
14058,0.04702937602996826,0.04047161713242531
14059,0.05817833170294762,0.05055787041783333
14060,0.05371355637907982,0.03838886693120003
14061,0.0581451877951622,0.04828440397977829
14062,0.04654836654663086,0.04992401972413063
14063,0.04970923066139221,0.0374029204249382
14064,0.05130096524953842,0.047277942299842834
14065,0.0790204331278801,0.06988697499036789
14066,0.05530581250786781,0.03629114851355553
14067,0.013583753257989883,0.008803966455161572
14068,0.009817104786634445,0.022114234045147896
14069,0.03697221726179123,0.03641433268785477
14070,0.04873795807361603,0.04232420772314072
14071,0.058830272406339645,0.03780320659279823
14072,0.06076567992568016,0.053818829357624054
14073,0.05575450882315636,0.04694525524973869
14074,0.038606733083724976,0.053835492581129074
14075,0.05348783731460571,0.05935456603765488
14076,0.048343487083911896,0.035725291818380356
14077,0.050324104726314545,0.04466458037495613
14078,0.04606582224369049,0.057399649173021317
14079,0.05134923756122589,0.05030960217118263
14080,0.06382253021001816,0.05442187562584877
14081,0.07211470603942871,0.04403912276029587
14082,0.06316009908914566,0.05359542742371559
14083,0.049652524292469025,0.0627073347568512
14084,0.08125383406877518,0.07533702254295349
14085,0.06104826554656029,0.0411907359957695
14086,0.03314619138836861,0.03126564249396324
14087,0.03963339328765869,0.025415891781449318
14088,0.03923437371850014,0.04254213720560074
14089,0.049994807690382004,0.04429998621344566
14090,0.045636482536792755,0.029663309454917908
14091,0.022840142250061035,0.010028657503426075
14092,0.011151611804962158,0.015527201816439629
14093,0.045406319200992584,0.02739393152296543
14094,0.03536522015929222,0.026805080473423004
14095,0.03995333984494209,0.043721042573451996
14096,0.026720242574810982,0.021140746772289276
14097,0.030785825103521347,0.027394335716962814
14098,0.040375005453825,0.03483245521783829
14099,0.04440826177597046,0.03628608584403992
14100,0.03764715418219566,0.033954355865716934
14101,0.04603006690740585,0.035326868295669556
14102,0.04073646664619446,0.04908467456698418
14103,0.04334087297320366,0.05072940140962601
14104,0.0566558800637722,0.05285555124282837
14105,0.0625104233622551,0.0625842809677124
14106,0.06166692450642586,0.052931249141693115
14107,0.048120610415935516,0.018962029367685318
14108,0.04738841950893402,0.03600512444972992
14109,0.04715602099895477,0.05721897631883621
14110,0.06283412128686905,0.05695335939526558
14111,0.06514288485050201,0.04761659353971481
14112,0.055929847061634064,0.042861104011535645
14113,0.0432291142642498,0.02514152228832245
14114,0.04656557738780975,0.042366113513708115
14115,0.0533885583281517,0.046201903373003006
14116,0.058692511171102524,0.05520514026284218
14117,0.043861545622348785,0.048974428325891495
14118,0.05054037645459175,0.04089026525616646
14119,0.04871170222759247,0.04048128053545952
14120,0.04661699756979942,0.039217717945575714
14121,0.05302537977695465,0.05744216963648796
14122,0.06267894059419632,0.05858534947037697
14123,0.0434652604162693,0.025458328425884247
14124,0.049598343670368195,0.04731273651123047
14125,0.06332187354564667,0.06651689112186432
14126,0.07333922386169434,0.06069029122591019
14127,0.07824243605136871,0.05779987573623657
14128,0.04735283553600311,0.05628867447376251
14129,0.042862191796302795,0.0472971647977829
14130,0.04534102603793144,0.0425679087638855
14131,0.05479505658149719,0.047104787081480026
14132,0.03125597909092903,0.03999275341629982
14133,0.03755704686045647,0.034365810453891754
14134,0.051261480897665024,0.051838330924510956
14135,0.05590928718447685,0.041246574372053146
14136,0.04052669182419777,0.043608132749795914
14137,0.055679209530353546,0.047066837549209595
14138,0.04197041690349579,0.026406338438391685
14139,0.03703194111585617,0.032222945243120193
14140,0.06557149440050125,0.032136645168066025
14141,0.058321841061115265,0.037485189735889435
14142,0.0413561575114727,0.03615175560116768
14143,0.04790696129202843,0.034619465470314026
14144,0.04717228561639786,0.03125379607081413
14145,0.030722923576831818,0.017422562465071678
14146,0.026137281209230423,0.026406632736325264
14147,0.03578976169228554,0.02885465696454048
14148,0.03149178624153137,0.039666008204221725
14149,0.040544163435697556,0.03976786509156227
14150,0.0660732164978981,0.06497831642627716
14151,0.058381300419569016,0.04743471369147301
14152,0.060864709317684174,0.05116637051105499
14153,0.0625416487455368,0.04976709932088852
14154,0.0562177412211895,0.05111629515886307
14155,0.07348660379648209,0.0686413124203682
14156,0.04000924155116081,0.04342373460531235
14157,0.027066104114055634,0.0303928442299366
14158,0.04023262485861778,0.03904860466718674
14159,0.05858571454882622,0.04096140339970589
14160,0.050106775015592575,0.024363012984395027
14161,0.0438845232129097,0.024617811664938927
14162,0.03847034275531769,0.029021315276622772
14163,0.04762973263859749,0.04066013917326927
14164,0.04313407093286514,0.0343175008893013
14165,0.035617779940366745,0.018902357667684555
14166,0.0349552184343338,0.05443473905324936
14167,0.05603189393877983,0.0395294725894928
14168,0.0596955269575119,0.04209400713443756
14169,0.046899616718292236,0.05010640621185303
14170,0.060429997742176056,0.05912737920880318
14171,0.06300853192806244,0.04815349727869034
14172,0.03937589377164841,0.042438678443431854
14173,0.04455157741904259,0.044687625020742416
14174,0.04790077358484268,0.04459339752793312
14175,0.060826145112514496,0.059701092541217804
14176,0.05462978035211563,0.047974422574043274
14177,0.05556846782565117,0.038265012204647064
14178,0.03657582402229309,0.028318990021944046
14179,0.03236677125096321,0.012531034648418427
14180,0.026098856702446938,0.030152440071105957
14181,0.04589008912444115,0.040169987827539444
14182,0.0374368354678154,0.034899864345788956
14183,0.038143791258335114,0.04133528470993042
14184,0.06752909719944,0.05645708367228508
14185,0.06516334414482117,0.05536195635795593
14186,0.051308803260326385,0.043765511363744736
14187,0.05979657545685768,0.062116947025060654
14188,0.06011619791388512,0.0496065691113472
14189,0.055134326219558716,0.04987439513206482
14190,0.05234536901116371,0.04368692263960838
14191,0.06504681706428528,0.052164897322654724
14192,0.06399062275886536,0.06184963881969452
14193,0.06093535199761391,0.05114215612411499
14194,0.04333173483610153,0.04481563717126846
14195,0.05662345886230469,0.055342547595500946
14196,0.06132121384143829,0.05778750777244568
14197,0.056958433240652084,0.041428957134485245
14198,0.03734315559267998,0.03551847115159035
14199,0.025560837239027023,0.037477582693099976
14200,0.03644532710313797,0.04706677421927452
14201,0.050917595624923706,0.042891766875982285
14202,0.05894089862704277,0.03730887174606323
14203,0.06823329627513885,0.06070464476943016
14204,0.04503186419606209,0.05201571434736252
14205,0.06833232939243317,0.041247837245464325
14206,0.05847673490643501,0.044266678392887115
14207,0.06544186919927597,0.06975893676280975
14208,0.050203289836645126,0.045097801834344864
14209,0.03820650652050972,0.03339427709579468
14210,0.04669071361422539,0.05264626070857048
14211,0.052756279706954956,0.03986119106411934
14212,0.07979317009449005,0.06025540456175804
14213,0.058344971388578415,0.05100635439157486
14214,0.05750071629881859,0.03693969547748566
14215,0.04911684989929199,0.03820265084505081
14216,0.05072751268744469,0.05829703062772751
14217,0.07063041627407074,0.05462036654353142
14218,0.05931168049573898,0.05467851459980011
14219,0.07181179523468018,0.06598188728094101
14220,0.05612225830554962,0.05547415837645531
14221,0.060492176562547684,0.047096483409404755
14222,0.05043947324156761,0.05036681145429611
14223,0.04548582062125206,0.03143949806690216
14224,0.042946845293045044,0.03191334009170532
14225,0.03616862744092941,0.03054216504096985
14226,0.04255562648177147,0.022762088105082512
14227,0.030609872192144394,0.02825726941227913
14228,0.046208642423152924,0.05320349335670471
14229,0.04116229712963104,0.04611010104417801
14230,0.04165076091885567,0.0345519594848156
14231,0.046825919300317764,0.04883883520960808
14232,0.04176617041230202,0.0386088490486145
14233,0.04516806825995445,0.03517308086156845
14234,0.03579631447792053,0.03435017168521881
14235,0.03251766040921211,0.018754731863737106
14236,0.052228447049856186,0.03936554491519928
14237,0.038801949471235275,0.01702217198908329
14238,0.010550904087722301,0.021735507994890213
14239,0.01482709776610136,0.02082068845629692
14240,0.04384289309382439,0.047364555299282074
14241,0.05662807822227478,0.059609606862068176
14242,0.05643080174922943,0.05118827521800995
14243,0.05818934366106987,0.06242421641945839
14244,0.06615837663412094,0.04216589033603668
14245,0.028692247346043587,0.018412409350275993
14246,0.04367606341838837,0.05824439600110054
14247,0.05087221413850784,0.04175877198576927
14248,0.0635533407330513,0.057382695376873016
14249,0.0713224858045578,0.07333468645811081
14250,0.06306421011686325,0.04952956363558769
14251,0.050962843000888824,0.047036100178956985
14252,0.06538450717926025,0.06451884657144547
14253,0.06954609602689743,0.04257464036345482
14254,0.037993695586919785,0.03303004801273346
14255,0.03363778069615364,0.023886123672127724
14256,0.04519035667181015,0.026966355741024017
14257,0.03337130323052406,0.0298147015273571
14258,0.03387926518917084,0.023070938885211945
14259,0.035839613527059555,0.026301901787519455
14260,0.032370299100875854,0.022423293441534042
14261,0.03680453076958656,0.0262522641569376
14262,0.05594353750348091,0.040770407766103745
14263,0.05386831611394882,0.03764309361577034
14264,0.03342025727033615,0.028111007064580917
14265,0.023833299055695534,0.017321879044175148
14266,0.04418506473302841,0.02491905353963375
14267,0.025584643706679344,0.02794414944946766
14268,0.034861382097005844,0.03763845935463905
14269,0.044182050973176956,0.03587537258863449
14270,0.04479699954390526,0.03376444801688194
14271,0.05552801117300987,0.04836728423833847
14272,0.07932920008897781,0.07313178479671478
14273,0.06616603583097458,0.07347001880407333
14274,0.08117596805095673,0.07553977519273758
14275,0.06965374946594238,0.07409293204545975
14276,0.057756952941417694,0.05672275274991989
14277,0.05565059930086136,0.04333866387605667
14278,0.046870168298482895,0.04819224774837494
14279,0.06682231277227402,0.05443083494901657
14280,0.047739993780851364,0.04049307480454445
14281,0.041672565042972565,0.035547610372304916
14282,0.05160386115312576,0.035301998257637024
14283,0.061102114617824554,0.06333070248365402
14284,0.06089406833052635,0.0373377688229084
14285,0.031199654564261436,0.02904834970831871
14286,0.021923599764704704,0.021471930667757988
14287,0.028233174234628677,0.006608317606151104
14288,0.022405514493584633,0.025108788162469864
14289,0.02517043985426426,0.010730467736721039
14290,0.047166988253593445,0.04040256887674332
14291,0.04479313641786575,0.04168350622057915
14292,0.07214926183223724,0.06348603963851929
14293,0.061163417994976044,0.05001210793852806
14294,0.07044930011034012,0.06644153594970703
14295,0.05705752968788147,0.051925208419561386
14296,0.06470855325460434,0.06360599398612976
14297,0.061724498867988586,0.05062790587544441
14298,0.06176745891571045,0.055730536580085754
14299,0.052359167486429214,0.039549559354782104
14300,0.03545188903808594,0.04358336701989174
14301,0.03545792028307915,0.03639298304915428
14302,0.029317110776901245,0.014600045047700405
14303,0.016415705904364586,0.008629432879388332
14304,0.03107023797929287,0.022250041365623474
14305,0.02455192245543003,0.026185588911175728
14306,0.03188186138868332,0.029885748401284218
14307,0.02800699882209301,0.026094211265444756
14308,0.048832736909389496,0.04691862314939499
14309,0.05571763962507248,0.039227791130542755
14310,0.03318743407726288,0.03024197183549404
14311,0.06895355880260468,0.058902475982904434
14312,0.0639265701174736,0.0462680459022522
14313,0.0463884063065052,0.028582913801074028
14314,0.04034193605184555,0.03989385440945625
14315,0.04220939800143242,0.03345466032624245
14316,0.05997786670923233,0.04279199615120888
14317,0.034365247935056686,0.015553360804915428
14318,0.033781856298446655,0.03908291086554527
14319,0.02516276203095913,0.018913835287094116
14320,0.03765195608139038,0.024488529190421104
14321,0.044191520661115646,0.03821356222033501
14322,0.04282786697149277,0.0460672453045845
14323,0.04554266110062599,0.0372018925845623
14324,0.023523498326539993,0.0168905071914196
14325,0.022160036489367485,0.02430114522576332
14326,0.050752755254507065,0.03761523216962814
14327,0.0650559514760971,0.051914848387241364
14328,0.06798966974020004,0.03882254660129547
14329,0.058192577213048935,0.05049758031964302
14330,0.07639346271753311,0.0775948166847229
14331,0.08859293162822723,0.07508222758769989
14332,0.07818813621997833,0.0776941329240799
14333,0.07356861233711243,0.052590470761060715
14334,0.06856076419353485,0.06381818652153015
14335,0.05116461589932442,0.05119357630610466
14336,0.04257452115416527,0.022913474589586258
14337,0.043382495641708374,0.050886254757642746
14338,0.051333293318748474,0.03864045813679695
14339,0.03564431145787239,0.043030597269535065
14340,0.07785708457231522,0.06190638616681099
14341,0.032331451773643494,0.03463355451822281
14342,0.055234044790267944,0.04931002855300903
14343,0.05318911746144295,0.06312207877635956
14344,0.062166083604097366,0.05045689269900322
14345,0.050827592611312866,0.043718498200178146
14346,0.04797650873661041,0.03146451711654663
14347,0.05330643802881241,0.04467349499464035
14348,0.04979146271944046,0.05004090815782547
14349,0.05217738822102547,0.051064055413007736
14350,0.03757629916071892,0.029262756928801537
14351,0.03219069167971611,0.03401772677898407
14352,0.04766037315130234,0.04785773530602455
14353,0.06305945664644241,0.05759312957525253
14354,0.07685209065675735,0.06877521425485611
14355,0.06387194991111755,0.0690864697098732
14356,0.07444344460964203,0.06555262207984924
14357,0.06449060887098312,0.06112970411777496
14358,0.049292221665382385,0.045402642339468
14359,0.04788492992520332,0.03805926814675331
14360,0.044743407517671585,0.04776769503951073
14361,0.044346898794174194,0.025259917601943016
14362,0.025516776368021965,0.04155796393752098
14363,0.03598463535308838,0.02850187197327614
14364,0.029965441673994064,0.03245096653699875
14365,0.05225755274295807,0.05476408079266548
14366,0.05753975734114647,0.04285868629813194
14367,0.05997111648321152,0.04534035548567772
14368,0.040256913751363754,0.04480826482176781
14369,0.048423342406749725,0.03082066774368286
14370,0.05453014001250267,0.05334729328751564
14371,0.06766681373119354,0.058894578367471695
14372,0.06841035932302475,0.05799810588359833
14373,0.05026809871196747,0.04662596434354782
14374,0.03009432926774025,0.04417745769023895
14375,0.06432110071182251,0.0649174302816391
14376,0.05679941177368164,0.05241737514734268
14377,0.06600625067949295,0.058571238070726395
14378,0.06945651024580002,0.054131217300891876
14379,0.03789312765002251,0.02066010609269142
14380,0.049946654587984085,0.05693919584155083
14381,0.05765687674283981,0.052939847111701965
14382,0.038831762969493866,0.030115436762571335
14383,0.03688948601484299,0.04117131978273392
14384,0.029558299109339714,0.016238844022154808
14385,0.0213335994631052,0.02082984335720539
14386,0.02322305738925934,0.02086404711008072
14387,0.021492576226592064,0.014021660201251507
14388,0.037843603640794754,0.0348915196955204
14389,0.027992088347673416,0.01861877739429474
14390,0.04368337243795395,0.03200894221663475
14391,0.05019248276948929,0.04213595390319824
14392,0.053408242762088776,0.04937811195850372
14393,0.05193113535642624,0.04471737518906593
14394,0.04079056903719902,0.025173893198370934
14395,0.030358487740159035,0.036953605711460114
14396,0.04142322391271591,0.04103656858205795
14397,0.033582597970962524,0.02602204866707325
14398,0.029574422165751457,0.04070296138525009
14399,0.04349452629685402,0.033338259905576706
14400,0.03993119299411774,0.039521828293800354
14401,0.06113247573375702,0.05511081591248512
14402,0.05249737948179245,0.04681972786784172
14403,0.06037583202123642,0.051284052431583405
14404,0.05117902159690857,0.039753884077072144
14405,0.049585264176130295,0.05263005569577217
14406,0.07672751694917679,0.0610651820898056
14407,0.0744103416800499,0.0694369301199913
14408,0.06427311897277832,0.06623875349760056
14409,0.05393112078309059,0.03475561738014221
14410,0.05331956595182419,0.04811923950910568
14411,0.055223409086465836,0.05503977835178375
14412,0.05723066255450249,0.04303039610385895
14413,0.05382297560572624,0.04793037474155426
14414,0.03943856060504913,0.027556445449590683
14415,0.048900406807661057,0.04062271490693092
14416,0.032784100621938705,0.01306653767824173
14417,0.0193999744951725,0.029992347583174706
14418,0.03258730098605156,0.020947450771927834
14419,0.019323905929923058,0.019103826954960823
14420,0.01577131263911724,0.0002271185367135331
14421,0.0052290065214037895,0.0014383528614416718
14422,0.008423331193625927,0.018796367570757866
14423,0.030217068269848824,0.013514800928533077
14424,0.051447685807943344,0.04722953215241432
14425,0.04202153533697128,0.04196831211447716
14426,0.06209202855825424,0.06644830107688904
14427,0.05028326436877251,0.035830192267894745
14428,0.04106271639466286,0.044773221015930176
14429,0.05958351492881775,0.0638781264424324
14430,0.05248655378818512,0.050348006188869476
14431,0.054015133529901505,0.05451681837439537
14432,0.050785988569259644,0.04783835634589195
14433,0.034845270216464996,0.02088051475584507
14434,0.03843503072857857,0.0315462201833725
14435,0.058917250484228134,0.05131160840392113
14436,0.06066587194800377,0.03831399977207184
14437,0.03452311456203461,0.03359147161245346
14438,0.03786410391330719,0.03631068393588066
14439,0.05382250249385834,0.03594735637307167
14440,0.04645691439509392,0.04923572763800621
14441,0.04491627588868141,0.02996443770825863
14442,0.030553877353668213,0.013346614316105843
14443,0.04689814895391464,0.03595134615898132
14444,0.055468205362558365,0.0520438551902771
14445,0.05267167091369629,0.05808379128575325
14446,0.058490391820669174,0.05092109367251396
14447,0.06998838484287262,0.052676793187856674
14448,0.05409511178731918,0.062213096767663956
14449,0.05952632427215576,0.052894361317157745
14450,0.047186512500047684,0.03662487119436264
14451,0.04219895601272583,0.03850569203495979
14452,0.05975868180394173,0.05063054710626602
14453,0.04337862879037857,0.03680606186389923
14454,0.04143919050693512,0.04152953624725342
14455,0.04753458499908447,0.03627938777208328
14456,0.04707513377070427,0.06150326505303383
14457,0.0674983337521553,0.05465542897582054
14458,0.06526777893304825,0.05378687009215355
14459,0.0745713859796524,0.06419320404529572
14460,0.059772662818431854,0.05387791991233826
14461,0.03905966132879257,0.020945409312844276
14462,0.020116407424211502,0.03088417649269104
14463,0.03195393085479736,0.02147183194756508
14464,0.023448998108506203,0.01731117069721222
14465,0.03894587233662605,0.024734830483794212
14466,0.04508456215262413,0.037544988095760345
14467,0.05825762450695038,0.05172678083181381
14468,0.07066059112548828,0.05928942561149597
14469,0.05596555024385452,0.05479608476161957
14470,0.0758495181798935,0.07836131751537323
14471,0.06756435334682465,0.06464318186044693
14472,0.06901001930236816,0.04577185586094856
14473,0.05858436971902847,0.04984904080629349
14474,0.06427782028913498,0.05492953211069107
14475,0.06338836997747421,0.053614478558301926
14476,0.05900736153125763,0.05283185467123985
14477,0.07663969695568085,0.06838226318359375
14478,0.05739063024520874,0.04857436195015907
14479,0.03211447224020958,0.03762653097510338
14480,0.06304661184549332,0.0528770312666893
14481,0.03600933402776718,0.034397102892398834
14482,0.03367927297949791,0.042943622916936874
14483,0.031533997505903244,0.028700150549411774
14484,0.034366972744464874,0.02838674746453762
14485,0.01612439565360546,0.013495300896465778
14486,0.029091035947203636,0.018161753192543983
14487,0.037464141845703125,0.04190361872315407
14488,0.03846444562077522,0.022467419505119324
14489,0.04002193734049797,0.03961864486336708
14490,0.04940344765782356,0.05063902586698532
14491,0.05283409357070923,0.03578256070613861
14492,0.0512506328523159,0.044332098215818405
14493,0.04515122249722481,0.027710480615496635
14494,0.051229510456323624,0.04184303060173988
14495,0.06326383352279663,0.06436403840780258
14496,0.07552198320627213,0.06479009985923767
14497,0.06806113570928574,0.036937665194272995
14498,0.059440527111291885,0.05774527043104172
14499,0.05516424402594566,0.04960761219263077
14500,0.04695616289973259,0.05252395570278168
14501,0.06646972894668579,0.06840545684099197
14502,0.07471539825201035,0.07384218275547028
14503,0.06603079289197922,0.059961047023534775
14504,0.043121423572301865,0.03153420612215996
14505,0.049735330045223236,0.04302293062210083
14506,0.04570707306265831,0.03633171692490578
14507,0.027104239910840988,0.023893112316727638
14508,0.03239421173930168,0.03218967840075493
14509,0.048873115330934525,0.03911390155553818
14510,0.05868653208017349,0.04938005283474922
14511,0.0725545659661293,0.067567840218544
14512,0.04773254692554474,0.03505079075694084
14513,0.03820158913731575,0.029928090050816536
14514,0.042588766664266586,0.018958235159516335
14515,0.038157861679792404,0.036797355860471725
14516,0.04831124469637871,0.0414172001183033
14517,0.06021041050553322,0.045965541154146194
14518,0.052763473242521286,0.046821363270282745
14519,0.0734812393784523,0.05296352878212929
14520,0.07499438524246216,0.06362985074520111
14521,0.05657397583127022,0.051093220710754395
14522,0.05380953848361969,0.042263373732566833
14523,0.042676035314798355,0.03585918992757797
14524,0.02593395859003067,0.01551124919205904
14525,0.03993832692503929,0.04381467401981354
14526,0.06454157084226608,0.052966032177209854
14527,0.05013857036828995,0.05061698332428932
14528,0.04507164657115936,0.03773036599159241
14529,0.020170627161860466,0.0349377803504467
14530,0.055483341217041016,0.045725464820861816
14531,0.04928198829293251,0.02522289752960205
14532,0.03317783400416374,0.038873832672834396
14533,0.04916425049304962,0.04483272507786751
14534,0.05143776163458824,0.04722515493631363
14535,0.05335200950503349,0.0519065223634243
14536,0.05972696468234062,0.05792153999209404
14537,0.04410070553421974,0.0391642265021801
14538,0.05732608959078789,0.04972214251756668
14539,0.06111714243888855,0.057517874985933304
14540,0.06765839457511902,0.04991820827126503
14541,0.06885747611522675,0.0595245435833931
14542,0.05076999217271805,0.05062595754861832
14543,0.055048514157533646,0.059590116143226624
14544,0.06630553305149078,0.05369234085083008
14545,0.05477990582585335,0.029684415087103844
14546,0.04900753125548363,0.04214641451835632
14547,0.02885097824037075,0.02043263614177704
14548,0.03921155259013176,0.04559585824608803
14549,0.05319824814796448,0.062401194125413895
14550,0.07077956944704056,0.07121757417917252
14551,0.0690092220902443,0.05469183996319771
14552,0.06210803985595703,0.07566345483064651
14553,0.07936641573905945,0.07266625761985779
14554,0.06782593578100204,0.053218647837638855
14555,0.05313832312822342,0.03672291710972786
14556,0.05169963091611862,0.04361894354224205
14557,0.04403989389538765,0.035392459481954575
14558,0.041005995124578476,0.05385187640786171
14559,0.04871564731001854,0.04735209047794342
14560,0.07413629442453384,0.06467226892709732
14561,0.060611724853515625,0.05851185694336891
14562,0.06054180860519409,0.042865194380283356
14563,0.04460327327251434,0.05156324431300163
14564,0.04428766667842865,0.03650403767824173
14565,0.051901835948228836,0.05090828984975815
14566,0.052691519260406494,0.0455339141190052
14567,0.05196152627468109,0.04255681112408638
14568,0.0602688193321228,0.045269012451171875
14569,0.03566044196486473,0.03869781643152237
14570,0.062323421239852905,0.05080486461520195
14571,0.046091094613075256,0.029806479811668396
14572,0.04747115075588226,0.02951205149292946
14573,0.051421020179986954,0.039801713079214096
14574,0.04060453549027443,0.03454998880624771
14575,0.049935393035411835,0.04449586942791939
14576,0.04629095271229744,0.029547283425927162
14577,0.04295915737748146,0.026030123233795166
14578,0.02795703522861004,0.03453214094042778
14579,0.04290573671460152,0.040380291640758514
14580,0.04448636248707771,0.03432760760188103
14581,0.025882961228489876,0.0148027203977108
14582,0.04336598888039589,0.04641401767730713
14583,0.04437640681862831,0.03534413129091263
14584,0.04388663172721863,0.044280774891376495
14585,0.03882317990064621,0.032222505658864975
14586,0.04606696590781212,0.0452478863298893
14587,0.036479391157627106,0.03611881658434868
14588,0.04634835943579674,0.0417502336204052
14589,0.04804931953549385,0.04003320261836052
14590,0.044023092836141586,0.046238284558057785
14591,0.02595231495797634,0.022788355126976967
14592,0.038622546941041946,0.029837707057595253
14593,0.0379297100007534,0.0398058220744133
14594,0.04121727868914604,0.02990724705159664
14595,0.02046898938715458,0.015654712915420532
14596,0.038327738642692566,0.04146558791399002
14597,0.0495370477437973,0.03302520141005516
14598,0.020250005647540092,0.026208439841866493
14599,0.030772032216191292,0.027260519564151764
14600,0.028501128777861595,0.023281347006559372
14601,0.029692187905311584,0.03021952137351036
14602,0.04015351086854935,0.041219811886548996
14603,0.03425693139433861,0.03115336038172245
14604,0.048638440668582916,0.050987351685762405
14605,0.03433946520090103,0.02230016142129898
14606,0.053404174745082855,0.04657542333006859
14607,0.0657193660736084,0.05310942605137825
14608,0.07475122809410095,0.06844232976436615
14609,0.06047061085700989,0.0323515422642231
14610,0.04596613720059395,0.03980834037065506
14611,0.06005580723285675,0.05083179846405983
14612,0.05869356542825699,0.06164245307445526
14613,0.06879285722970963,0.06214766576886177
14614,0.06683380156755447,0.06530945003032684
14615,0.07681439071893692,0.06694391369819641
14616,0.06737831234931946,0.058195628225803375
14617,0.060372840613126755,0.06248033419251442
14618,0.07094297558069229,0.05432254448533058
14619,0.0413694903254509,0.03774498775601387
14620,0.037814099341630936,0.02945137210190296
14621,0.0360681377351284,0.036990731954574585
14622,0.038921233266592026,0.03850236162543297
14623,0.04227754846215248,0.02806239388883114
14624,0.05190093815326691,0.03610232472419739
14625,0.04383284971117973,0.04950403422117233
14626,0.05037693679332733,0.04473137483000755
14627,0.04569271579384804,0.04313894361257553
14628,0.07274320721626282,0.06529425084590912
14629,0.0834294930100441,0.05751464515924454
14630,0.07285893708467484,0.0688665583729744
14631,0.0681048184633255,0.07403932511806488
14632,0.07385586947202682,0.05874978378415108
14633,0.07632029056549072,0.06667646765708923
14634,0.07494856417179108,0.06620863080024719
14635,0.06322257220745087,0.06765834987163544
14636,0.06519951671361923,0.05362299457192421
14637,0.050428107380867004,0.04313122108578682
14638,0.033486686646938324,0.02131734974682331
14639,0.06289789080619812,0.05068311095237732
14640,0.06449790298938751,0.05315312370657921
14641,0.041341572999954224,0.032128188759088516
14642,0.041641782969236374,0.04808444902300835
14643,0.05060861259698868,0.03263353556394577
14644,0.028874589130282402,0.021954035386443138
14645,0.05279895290732384,0.03896529600024223
14646,0.060951728373765945,0.0614507831633091
14647,0.0572177991271019,0.05481896921992302
14648,0.06494288146495819,0.06198401376605034
14649,0.060568638145923615,0.04637822136282921
14650,0.0561104416847229,0.05665653944015503
14651,0.0604199543595314,0.03732775151729584
14652,0.047682780772447586,0.046582140028476715
14653,0.031203454360365868,0.013795114122331142
14654,0.008805290795862675,0.00723058870062232
14655,0.018159544095396996,0.028010370209813118
14656,0.026864448562264442,0.013799727894365788
14657,0.029777418822050095,0.031981393694877625
14658,0.05171440169215202,0.048961251974105835
14659,0.04698622226715088,0.03892430663108826
14660,0.04544447734951973,0.04554758593440056
14661,0.0567128024995327,0.04459644854068756
14662,0.06167147681117058,0.05842489004135132
14663,0.06161278858780861,0.06496894359588623
14664,0.05623635649681091,0.059256233274936676
14665,0.05566469952464104,0.06373373419046402
14666,0.08003222942352295,0.06116789951920509
14667,0.06969184428453445,0.058276206254959106
14668,0.06063142046332359,0.04853375256061554
14669,0.047421105206012726,0.04180646315217018
14670,0.04364870488643646,0.03816111758351326
14671,0.04637083038687706,0.027474740520119667
14672,0.04429611563682556,0.0426313690841198
14673,0.06771603226661682,0.050156835466623306
14674,0.056364040821790695,0.0574955940246582
14675,0.07686495780944824,0.06197940185666084
14676,0.06354567408561707,0.0553801991045475
14677,0.07164316624403,0.05409244820475578
14678,0.05397922545671463,0.0501539520919323
14679,0.06007067859172821,0.05584442988038063
14680,0.06076360493898392,0.03971488028764725
14681,0.05407189205288887,0.044080041348934174
14682,0.031426429748535156,0.04398909956216812
14683,0.02591879479587078,0.01794697344303131
14684,0.02157897688448429,0.02224908582866192
14685,0.022226789966225624,0.023756494745612144
14686,0.02894802950322628,0.027068614959716797
14687,0.04730876907706261,0.048206642270088196
14688,0.05020822584629059,0.03136846050620079
14689,0.034177906811237335,0.025858791545033455
14690,0.055248357355594635,0.05443498119711876
14691,0.06054399535059929,0.05217091366648674
14692,0.024469178169965744,0.016202066093683243
14693,0.04362192749977112,0.04114693030714989
14694,0.056793227791786194,0.0560385026037693
14695,0.062132738530635834,0.05728175863623619
14696,0.07121601700782776,0.06828082352876663
14697,0.04430608078837395,0.0408947616815567
14698,0.06836511939764023,0.05989483743906021
14699,0.06779230386018753,0.052717216312885284
14700,0.0544653981924057,0.06525401771068573
14701,0.05565971881151199,0.0624406598508358
14702,0.07185421884059906,0.057549748569726944
14703,0.06769997626543045,0.05721086636185646
14704,0.05144364386796951,0.05137075483798981
14705,0.042850520461797714,0.04616086930036545
14706,0.05761783942580223,0.056310657411813736
14707,0.06421186774969101,0.055130526423454285
14708,0.05138130113482475,0.06066487729549408
14709,0.06752445548772812,0.07167363911867142
14710,0.05642731860280037,0.04726354032754898
14711,0.049178410321474075,0.05801264941692352
14712,0.03998003527522087,0.023240918293595314
14713,0.027793962508440018,0.013833509758114815
14714,0.029775191098451614,0.02374616451561451
14715,0.02710551954805851,0.016443124040961266
14716,0.023825664073228836,0.02064243145287037
14717,0.050699420273303986,0.03953436389565468
14718,0.05091337114572525,0.04084007441997528
14719,0.05804475024342537,0.06988788396120071
14720,0.08130969107151031,0.09228995442390442
14721,0.06041136384010315,0.05047529935836792
14722,0.05761296674609184,0.05115981772542
14723,0.058668602257966995,0.0453152060508728
14724,0.04063057899475098,0.039977412670850754
14725,0.04299961403012276,0.03658610209822655
14726,0.04107658192515373,0.035350698977708817
14727,0.04605240374803543,0.043743763118982315
14728,0.052361272275447845,0.050728511065244675
14729,0.0595582015812397,0.06430353224277496
14730,0.06712353229522705,0.051189228892326355
14731,0.03428215906023979,0.034356359392404556
14732,0.040655702352523804,0.036316875368356705
14733,0.03596043586730957,0.035754308104515076
14734,0.03416923061013222,0.02280435338616371
14735,0.04582232981920242,0.0340307392179966
14736,0.05285290628671646,0.05069383978843689
14737,0.07411616295576096,0.05600515007972717
14738,0.0722273737192154,0.05466338247060776
14739,0.0396881066262722,0.0384233184158802
14740,0.035271815955638885,0.029592514038085938
14741,0.026449032127857208,0.022232195362448692
14742,0.025795603170990944,0.030273927375674248
14743,0.046966832131147385,0.033643756061792374
14744,0.03648321330547333,0.03978271409869194
14745,0.05931754410266876,0.04903365671634674
14746,0.042082857340574265,0.03537537530064583
14747,0.0298598725348711,0.0291141290217638
14748,0.037631742656230927,0.0377829372882843
14749,0.04342561587691307,0.03941178694367409
14750,0.0659012496471405,0.05881403014063835
14751,0.06910747289657593,0.04931792616844177
14752,0.06425092369318008,0.06676747649908066
14753,0.07196195423603058,0.07129276543855667
14754,0.07281878590583801,0.05819758027791977
14755,0.04981797933578491,0.05155213922262192
14756,0.03631313145160675,0.035529837012290955
14757,0.03373892605304718,0.020092427730560303
14758,0.03552502021193504,0.02468269318342209
14759,0.029385264962911606,0.023382699117064476
14760,0.025578919798135757,0.024814020842313766
14761,0.03129686787724495,0.02557321824133396
14762,0.026275211945176125,0.023931367322802544
14763,0.03750977665185928,0.030490102246403694
14764,0.03699054196476936,0.023174341768026352
14765,0.021232392638921738,0.019860772415995598
14766,0.043249912559986115,0.042877454310655594
14767,0.04832414537668228,0.04656082019209862
14768,0.07101602852344513,0.06744230538606644
14769,0.07028601318597794,0.07119248062372208
14770,0.06939154118299484,0.061503998935222626
14771,0.0659949854016304,0.049781348556280136
14772,0.0636703222990036,0.06000686436891556
14773,0.07816178351640701,0.06608002632856369
14774,0.0772935152053833,0.05384417623281479
14775,0.03931797295808792,0.03707894682884216
14776,0.06562288105487823,0.06177714839577675
14777,0.05266157165169716,0.04993882775306702
14778,0.04881852865219116,0.05149500072002411
14779,0.04790262505412102,0.04337311163544655
14780,0.044482313096523285,0.04061159864068031
14781,0.05025603249669075,0.041529566049575806
14782,0.051139574497938156,0.05226823687553406
14783,0.06689439713954926,0.06868354231119156
14784,0.07471322268247604,0.05766907334327698
14785,0.049849119037389755,0.04558899998664856
14786,0.06794492900371552,0.049102749675512314
14787,0.03845840319991112,0.02734232135117054
14788,0.05367998778820038,0.050294458866119385
14789,0.05771522596478462,0.047124624252319336
14790,0.05936700478196144,0.05199157074093819
14791,0.062186241149902344,0.05572768673300743
14792,0.059193119406700134,0.0609818659722805
14793,0.053671568632125854,0.04917922616004944
14794,0.05941953882575035,0.04855240136384964
14795,0.044444214552640915,0.033247172832489014
14796,0.04243972525000572,0.03513950854539871
14797,0.040966179221868515,0.040449753403663635
14798,0.06961743533611298,0.05234330892562866
14799,0.0696612074971199,0.07510676980018616
14800,0.0645734965801239,0.06139063090085983
14801,0.06962587684392929,0.05828893184661865
14802,0.0560433454811573,0.05470643565058708
14803,0.05949327349662781,0.053428541868925095
14804,0.06834497302770615,0.05722806230187416
14805,0.054441582411527634,0.03795161098241806
14806,0.03247256204485893,0.017185131087899208
14807,0.036208122968673706,0.02836468070745468
14808,0.02559044025838375,0.00868609081953764
14809,0.029167136177420616,0.03757243975996971
14810,0.047137901186943054,0.04573046788573265
14811,0.05393247678875923,0.04163515195250511
14812,0.04186533764004707,0.04235711321234703
14813,0.05045995116233826,0.048792239278554916
14814,0.07354060560464859,0.05290614068508148
14815,0.0492560900747776,0.03712859004735947
14816,0.03325294703245163,0.023049209266901016
14817,0.020140105858445168,0.020139193162322044
14818,0.03823043406009674,0.02896939590573311
14819,0.01124466024339199,2.2484728106064722e-05
14820,0.02681884542107582,0.034294575452804565
14821,0.03537958860397339,0.014813931658864021
14822,0.04272208362817764,0.0361928828060627
14823,0.046156078577041626,0.03383737429976463
14824,0.07345817238092422,0.06685059517621994
14825,0.07861269265413284,0.06856384128332138
14826,0.0683010146021843,0.054369788616895676
14827,0.0525435134768486,0.0380842499434948
14828,0.06274672597646713,0.05364226549863815
14829,0.06676250696182251,0.05292471498250961
14830,0.0473095141351223,0.037111807614564896
14831,0.06381922215223312,0.05037238821387291
14832,0.05182577669620514,0.04722829535603523
14833,0.04999808594584465,0.036745861172676086
14834,0.051839835941791534,0.060370072722435
14835,0.07147624343633652,0.06571278721094131
14836,0.046261221170425415,0.03596245497465134
14837,0.05220382660627365,0.053135570138692856
14838,0.04090012609958649,0.027130911126732826
14839,0.02240743860602379,0.005695796571671963
14840,0.014114613644778728,0.01989278569817543
14841,0.043958183377981186,0.03611185401678085
14842,0.053608935326337814,0.046888235956430435
14843,0.0456431582570076,0.024115553125739098
14844,0.04098731279373169,0.030588427558541298
14845,0.02759673073887825,0.023029383271932602
14846,0.048733215779066086,0.0478648878633976
14847,0.06260237097740173,0.04836420714855194
14848,0.044604551047086716,0.04038640856742859
14849,0.06597715616226196,0.06528190523386002
14850,0.06611872464418411,0.0435120053589344
14851,0.06785525381565094,0.06740117818117142
14852,0.058685269206762314,0.054399311542510986
14853,0.07056152820587158,0.06478419154882431
14854,0.08145344257354736,0.08507048338651657
14855,0.07422278076410294,0.05694762244820595
14856,0.060319192707538605,0.05953632667660713
14857,0.06847874075174332,0.046517450362443924
14858,0.05276177078485489,0.04575945436954498
14859,0.0340820774435997,0.0334632508456707
14860,0.06010643020272255,0.05380988493561745
14861,0.0491165928542614,0.044859711080789566
14862,0.04075080528855324,0.03846967965364456
14863,0.03157676383852959,0.023453498259186745
14864,0.031197013333439827,0.021103616803884506
14865,0.030674416571855545,0.03396713361144066
14866,0.04628457874059677,0.02422105148434639
14867,0.03253776580095291,0.03046010620892048
14868,0.033398281782865524,0.02425426058471203
14869,0.021059144288301468,0.009884322993457317
14870,0.037275530397892,0.04602770134806633
14871,0.05230148509144783,0.02915821224451065
14872,0.031176982447504997,0.017687639221549034
14873,0.024587178602814674,0.0028491413686424494
14874,0.030856719240546227,0.01782926544547081
14875,0.0036869824398308992,-0.013724361546337605
14876,0.0028673007618635893,0.009184381924569607
14877,-0.0047425031661987305,-0.006820923648774624
14878,0.017964564263820648,0.018700433894991875
14879,0.03155886381864548,0.03750504180788994
14880,0.03869270905852318,0.017773102968931198
14881,0.03201855719089508,0.03505498543381691
14882,0.061502642929553986,0.056857820600271225
14883,0.06956818699836731,0.05898544192314148
14884,0.055326975882053375,0.042267654091119766
14885,0.04129943996667862,0.053431399166584015
14886,0.06022344529628754,0.050640810281038284
14887,0.05373182147741318,0.030747052282094955
14888,0.05567154288291931,0.04913133382797241
14889,0.05023323744535446,0.046079713851213455
14890,0.03253887593746185,0.031552042812108994
14891,0.044663771986961365,0.05663933977484703
14892,0.061872698366642,0.05005117878317833
14893,0.06072476878762245,0.038721807301044464
14894,0.061292100697755814,0.05259886011481285
14895,0.06021983176469803,0.05271133407950401
14896,0.05274778977036476,0.04971783235669136
14897,0.030797960236668587,0.017456883564591408
14898,0.03977227956056595,0.0335085354745388
14899,0.028382282704114914,0.03186233714222908
14900,0.053610607981681824,0.0301018338650465
14901,0.0369550995528698,0.042420644313097
14902,0.03611497953534126,0.03301059827208519
14903,0.0235139150172472,-0.0038619886618107557
14904,0.009072019718587399,0.0029161409474909306
14905,0.031291015446186066,0.02196074277162552
14906,0.0503530278801918,0.05416681990027428
14907,0.04300353303551674,0.03428865224123001
14908,0.04917034134268761,0.044054560363292694
14909,0.03212101012468338,0.03352304920554161
14910,0.05862056463956833,0.06322585046291351
14911,0.06876863539218903,0.05533096194267273
14912,0.07978099584579468,0.06876210123300552
14913,0.05784382298588753,0.04590428248047829
14914,0.059213317930698395,0.03823458030819893
14915,0.05710085481405258,0.05648169666528702
14916,0.05349345505237579,0.05638201907277107
14917,0.03393738344311714,0.03220208361744881
14918,0.030763333663344383,0.0215288158506155
14919,0.023424575105309486,0.034351084381341934
14920,0.030297912657260895,0.027717238292098045
14921,0.02960103563964367,0.036930911242961884
14922,0.04424899443984032,0.0375196598470211
14923,0.04736299812793732,0.056602198630571365
14924,0.05929826572537422,0.05057225376367569
14925,0.06086555868387222,0.043806977570056915
14926,0.04849932715296745,0.03635389730334282
14927,0.03167792782187462,0.022068412974476814
14928,0.022371048107743263,0.007526639383286238
14929,0.0021047426853328943,-0.008445316925644875
14930,0.023656858131289482,0.017588812857866287
14931,0.03105788491666317,0.04140374809503555
14932,0.053762052208185196,0.04313163459300995
14933,0.059020962566137314,0.05039480701088905
14934,0.0477052666246891,0.046883147209882736
14935,0.04392096400260925,0.036086779087781906
14936,0.03604917228221893,0.026969296857714653
14937,0.06597192585468292,0.033844850957393646
14938,0.05947083607316017,0.04672100394964218
14939,0.038647036999464035,0.03694618120789528
14940,0.06817029416561127,0.049721453338861465
14941,0.02918783761560917,0.020438624545931816
14942,0.03474774956703186,0.030734965577721596
14943,0.0559845007956028,0.04255197197198868
14944,0.0665367990732193,0.047599609941244125
14945,0.05003165826201439,0.03263723477721214
14946,0.04251924529671669,0.03831437975168228
14947,0.07075905799865723,0.07043654471635818
14948,0.06718092411756516,0.0674360990524292
14949,0.052799906581640244,0.04020724073052406
14950,0.03876741603016853,0.029918594285845757
14951,0.03655844181776047,0.03418692573904991
14952,0.04567863419651985,0.04957816004753113
14953,0.056069664657115936,0.04125945642590523
14954,0.06036322936415672,0.052330173552036285
14955,0.05720938369631767,0.04550265520811081
14956,0.039375223219394684,0.03562100604176521
14957,0.02533857710659504,0.027046894654631615
14958,0.049936119467020035,0.030743103474378586
14959,0.05355605110526085,0.051435310393571854
14960,0.055665720254182816,0.06195150688290596
14961,0.07962147146463394,0.06664270907640457
14962,0.04160807281732559,0.04655960947275162
14963,0.051706258207559586,0.05652590095996857
14964,0.05098151043057442,0.03921329975128174
14965,0.03303766995668411,0.034689418971538544
14966,0.03380971401929855,0.01886286400258541
14967,0.032232098281383514,0.02630501054227352
14968,0.06709342449903488,0.055984243750572205
14969,0.04166119918227196,0.039539884775877
14970,0.05246618762612343,0.03219267725944519
14971,0.036337222903966904,0.03687828779220581
14972,0.03523809090256691,0.02466527372598648
14973,0.030495867133140564,0.007291548419743776
14974,0.0181826651096344,0.0028410283848643303
14975,0.01844300702214241,0.0012260536896064878
14976,0.015678171068429947,0.01483883336186409
14977,0.043987080454826355,0.041013676673173904
14978,0.04348660632967949,0.03961941972374916
14979,0.060783810913562775,0.045171402394771576
14980,0.07122164219617844,0.05710301920771599
14981,0.03313246741890907,0.027357012033462524
14982,0.030742885544896126,0.02605479396879673
14983,0.039711158722639084,0.03945934772491455
14984,0.044978849589824677,0.0455995574593544
14985,0.05691875144839287,0.035991184413433075
14986,0.0268928911536932,0.0379360057413578
14987,0.03868694603443146,0.02468757890164852
14988,0.015339662320911884,0.006820921786129475
14989,0.028872517868876457,0.032240163534879684
14990,0.031534526497125626,0.03977318853139877
14991,0.043794021010398865,0.04787684604525566
14992,0.06005202978849411,0.06143160164356232
14993,0.0686078816652298,0.0652446448802948
14994,0.06975346058607101,0.06423177570104599
14995,0.06686311215162277,0.0510362945497036
14996,0.05751301720738411,0.05141584575176239
14997,0.0654444620013237,0.04588545486330986
14998,0.0411798395216465,0.022062040865421295
14999,0.0264953151345253,0.03996053338050842
15000,0.040852438658475876,0.020288245752453804
15001,0.028321323916316032,0.027510207146406174
15002,0.006027336232364178,0.008759179152548313
15003,0.028920525684952736,0.03577692434191704
15004,0.045370541512966156,0.034656547009944916
15005,0.04860856384038925,0.040592316538095474
15006,0.04996565356850624,0.044673457741737366
15007,0.049423735588788986,0.029906461015343666
15008,0.044721364974975586,0.0382080078125
15009,0.05300310254096985,0.04870091378688812
15010,0.06953011453151703,0.06956493854522705
15011,0.06275364011526108,0.05663842335343361
15012,0.0674627348780632,0.049526192247867584
15013,0.0717635452747345,0.0800456628203392
15014,0.07131341844797134,0.047962840646505356
15015,0.058767206966876984,0.05380294471979141
15016,0.04383077472448349,0.03487528860569
15017,0.04046553000807762,0.027221018448472023
15018,0.015017620287835598,0.013522987253963947
15019,0.058255113661289215,0.05178306996822357
15020,0.03308316692709923,0.035391915589571
15021,0.05426141619682312,0.051875583827495575
15022,0.05179086700081825,0.028769616037607193
15023,0.033824265003204346,0.03656512126326561
15024,0.04765672981739044,0.04500504210591316
15025,0.050736743956804276,0.0452728308737278
15026,0.048419855535030365,0.03247522935271263
15027,0.03832327947020531,0.0402444489300251
15028,0.06864902377128601,0.06555811315774918
15029,0.07906981557607651,0.06968280673027039
15030,0.07795661687850952,0.08519682288169861
15031,0.07593517005443573,0.06464239209890366
15032,0.07170746475458145,0.05993371829390526
15033,0.07662881165742874,0.06149584427475929
15034,0.050941962748765945,0.05060550943017006
15035,0.05476360023021698,0.046768877655267715
15036,0.04064255207777023,0.031435925513505936
15037,0.041173748672008514,0.038502227514982224
15038,0.04263146221637726,0.038457613438367844
15039,0.03290862217545509,0.034672852605581284
15040,0.03242170810699463,0.03653651103377342
15041,0.03775236755609512,0.03414345905184746
15042,0.04588419571518898,0.029638975858688354
15043,0.03569933399558067,0.03779832646250725
15044,0.030563348904252052,0.02953544817864895
15045,0.04571966081857681,0.027943570166826248
15046,0.04889679700136185,0.04762601479887962
15047,0.056788600981235504,0.058007411658763885
15048,0.07244464755058289,0.04978695139288902
15049,0.052526991814374924,0.031485073268413544
15050,0.035292062908411026,0.013938485644757748
15051,0.02745475247502327,0.03502243384718895
15052,0.052470505237579346,0.04191020876169205
15053,0.05284750461578369,0.050522252917289734
15054,0.057362642139196396,0.049910519272089005
15055,0.047033265233039856,0.02594299428164959
15056,0.02876518853008747,0.03878696635365486
15057,0.03229598328471184,0.030333703383803368
15058,0.045782074332237244,0.041585538536310196
15059,0.0471908301115036,0.04877538979053497
15060,0.060489505529403687,0.058532487601041794
15061,0.06625974923372269,0.04355095326900482
15062,0.07389143854379654,0.06581782549619675
15063,0.05992211401462555,0.05968606844544411
15064,0.06284806877374649,0.05078627169132233
15065,0.06199466437101364,0.06198698282241821
15066,0.08343689143657684,0.08051023632287979
15067,0.06998758018016815,0.0585772767663002
15068,0.07030168175697327,0.055668506771326065
15069,0.037048570811748505,0.02648777887225151
15070,0.042520761489868164,0.048346951603889465
15071,0.04281764477491379,0.03199904412031174
15072,0.04377530887722969,0.03820691257715225
15073,0.04901785030961037,0.03825182095170021
15074,0.04108760133385658,0.05364371836185455
15075,0.06831128150224686,0.054600659757852554
15076,0.06276384741067886,0.05537716671824455
15077,0.0541381910443306,0.04723617434501648
15078,0.03614332899451256,0.030384190380573273
15079,0.05398465320467949,0.028029730543494225
15080,0.020379599183797836,0.016317520290613174
15081,0.021086828783154488,0.023737816140055656
15082,0.026919739320874214,0.032349374145269394
15083,0.053712256252765656,0.04020616039633751
15084,0.03424445167183876,0.04088437184691429
15085,0.030556604266166687,0.022921422496438026
15086,0.04259715601801872,0.03400249406695366
15087,0.03244215250015259,0.013971399515867233
15088,0.01023094542324543,0.006287128198891878
15089,0.004451915621757507,0.0042817480862140656
15090,0.018465174362063408,0.018362203612923622
15091,0.025626439601182938,0.01592145301401615
15092,0.024195101112127304,0.0072542899288237095
15093,0.03512642905116081,0.02787739597260952
15094,0.031040914356708527,0.022076034918427467
15095,0.011180395260453224,0.0015015038661658764
15096,0.034855663776397705,0.03346233069896698
15097,0.022118842229247093,0.01019649300724268
15098,0.01841408759355545,0.003783236490562558
15099,0.03698337823152542,0.03438187390565872
15100,0.0409933477640152,0.030285337939858437
15101,0.04384630545973778,0.02408386766910553
15102,0.03950265794992447,0.03752122074365616
15103,0.0383395180106163,0.040622688829898834
15104,0.04642563313245773,0.03989144787192345
15105,0.0480012409389019,0.05096577852964401
15106,0.042545974254608154,0.031658221036195755
15107,0.03522704541683197,0.03412504121661186
15108,0.03364615514874458,0.033196885138750076
15109,0.039712198078632355,0.03209453821182251
15110,0.04592074081301689,0.02240721695125103
15111,0.028948424383997917,0.007728534284979105
15112,0.01766544207930565,0.022446632385253906
15113,0.03953809291124344,0.035025764256715775
15114,0.04764871299266815,0.0502711646258831
15115,0.05868271738290787,0.05632724240422249
15116,0.059193406254053116,0.054148320108652115
15117,0.06548970192670822,0.05462776497006416
15118,0.04285283759236336,0.04167015850543976
15119,0.04115653038024902,0.03746051341295242
15120,0.02780942991375923,0.014827567152678967
15121,0.02916320413351059,0.026606442406773567
15122,0.04370179772377014,0.03632529824972153
15123,0.04141269251704216,0.024834051728248596
15124,0.042698852717876434,0.03303053230047226
15125,0.06394477188587189,0.05732466280460358
15126,0.04506071284413338,0.025292713195085526
15127,0.03030119091272354,0.024805210530757904
15128,0.028491927310824394,0.01474412064999342
15129,0.03865444287657738,0.016057368367910385
15130,0.04423435404896736,0.03718128055334091
15131,0.04218009114265442,0.03842524066567421
15132,0.033220671117305756,0.04253918677568436
15133,0.05187353491783142,0.04397781938314438
15134,0.034291815012693405,0.02985777147114277
15135,0.04274950549006462,0.027714448049664497
15136,0.04400886222720146,0.04789412021636963
15137,0.049555160105228424,0.03915674611926079
15138,0.026421552523970604,0.029617134481668472
15139,0.038298044353723526,0.02871629036962986
15140,0.03762657567858696,0.039157968014478683
15141,0.058373745530843735,0.05085267126560211
15142,0.04926135390996933,0.048072636127471924
15143,0.037446241825819016,0.036575887352228165
15144,0.043151505291461945,0.052663713693618774
15145,0.05656985193490982,0.05063819885253906
15146,0.05780560150742531,0.04667014256119728
15147,0.0488063246011734,0.04464445635676384
15148,0.04342569038271904,0.02200712077319622
15149,0.0249851755797863,0.027600765228271484
15150,0.03281126916408539,0.031498365104198456
15151,0.03770117461681366,0.03480623662471771
15152,0.02802572399377823,0.026439912617206573
15153,0.050635144114494324,0.04267450422048569
15154,0.05989789590239525,0.056849729269742966
15155,0.05081379413604736,0.04327038675546646
15156,0.042455922812223434,0.03561048582196236
15157,0.04272017255425453,0.04136757552623749
15158,0.04657193645834923,0.048069316893815994
15159,0.04940662160515785,0.05310411378741264
15160,0.05970564857125282,0.04206458851695061
15161,0.054889190942049026,0.040735431015491486
15162,0.03672898933291435,0.02908528782427311
15163,0.03441876918077469,0.03634430468082428
15164,0.053174249827861786,0.0518963560461998
15165,0.04670823737978935,0.03485942259430885
15166,0.04407171159982681,0.03875691443681717
15167,0.060856807976961136,0.05387819558382034
15168,0.044511813670396805,0.0375736765563488
15169,0.04434908926486969,0.04193170368671417
15170,0.07114426046609879,0.05700574815273285
15171,0.06847219914197922,0.04648420214653015
15172,0.027119919657707214,0.01657571829855442
15173,0.057095080614089966,0.03546055033802986
15174,0.05101049691438675,0.039288222789764404
15175,0.035637401044368744,0.029872560873627663
15176,0.03684493899345398,0.02616155706346035
15177,0.0432606115937233,0.04255454242229462
15178,0.02339969016611576,0.026717165485024452
15179,0.039636000990867615,0.026263369247317314
15180,0.029393866658210754,0.018599890172481537
15181,0.018624305725097656,0.009971069172024727
15182,0.019433803856372833,0.035783056169748306
15183,0.05398795008659363,0.056304898113012314
15184,0.04594409465789795,0.05059417709708214
15185,0.05832905322313309,0.04068472236394882
15186,0.05476215109229088,0.056456390768289566
15187,0.0508294440805912,0.04409640654921532
15188,0.05648551508784294,0.061222150921821594
15189,0.07434184104204178,0.06841694563627243
15190,0.060455504804849625,0.0585370697081089
15191,0.05357186123728752,0.0510144978761673
15192,0.05703284591436386,0.04635637626051903
15193,0.020281841978430748,0.0195360966026783
15194,0.026928503066301346,0.01889892853796482
15195,0.02455190196633339,0.01993449591100216
15196,0.004244028124958277,0.008561369962990284
15197,0.036464154720306396,0.01500698085874319
15198,0.020862223580479622,0.018936851993203163
15199,0.032056987285614014,0.021800043061375618
15200,0.027490247040987015,0.030608676373958588
15201,0.027301540598273277,0.015224277973175049
15202,0.029606427997350693,0.03374362736940384
15203,0.040326766669750214,0.03254959359765053
15204,0.03271005302667618,0.0348617322742939
15205,0.03506062179803848,0.022776413708925247
15206,0.03314601629972458,0.03671804070472717
15207,0.03586682677268982,0.028692079707980156
15208,0.05004752799868584,0.0537787489593029
15209,0.06177091598510742,0.04665151610970497
15210,0.06128837913274765,0.05456973984837532
15211,0.06460908055305481,0.05955062061548233
15212,0.060185015201568604,0.06232190504670143
15213,0.06522688269615173,0.05279580503702164
15214,0.04136078804731369,0.033785659819841385
15215,0.028300732374191284,0.018148789182305336
15216,0.03673849254846573,0.034189797937870026
15217,0.03586871549487114,0.03160952404141426
15218,0.03333042562007904,0.02659507840871811
15219,0.04050793498754501,0.03202151879668236
15220,0.025095026940107346,0.024259664118289948
15221,0.02468942292034626,0.02221362665295601
15222,0.041329946368932724,0.03435647115111351
15223,0.0564301460981369,0.05319575220346451
15224,0.04600474238395691,0.048902902752161026
15225,0.0590381845831871,0.060224659740924835
15226,0.03457273170351982,0.04062587767839432
15227,0.04339545965194702,0.037469010800123215
15228,0.06402640789747238,0.05213078856468201
15229,0.06461155414581299,0.06734134256839752
15230,0.06735460460186005,0.0752483606338501
15231,0.05797477811574936,0.050113070756196976
15232,0.05330703780055046,0.05315709114074707
15233,0.05077633634209633,0.051396872848272324
15234,0.046944763511419296,0.03158314898610115
15235,0.048426222056150436,0.03069826029241085
15236,0.04085969552397728,0.037300657480955124
15237,0.036143649369478226,0.03414873406291008
15238,0.03780904412269592,0.025498975068330765
15239,0.04525921866297722,0.03053724206984043
15240,0.048022519797086716,0.04491167142987251
15241,0.05253828689455986,0.038395244628190994
15242,0.05382902920246124,0.04731440171599388
15243,0.06038311868906021,0.05449659749865532
15244,0.06145644560456276,0.05648219585418701
15245,0.06405632197856903,0.060458458960056305
15246,0.05841204524040222,0.04538513347506523
15247,0.057224348187446594,0.04991723597049713
15248,0.044151801615953445,0.043081942945718765
15249,0.035434238612651825,0.022479789331555367
15250,0.03586818277835846,0.027041448280215263
15251,0.041330788284540176,0.03309668228030205
15252,0.035161785781383514,0.024759335443377495
15253,0.056203458458185196,0.047092802822589874
15254,0.06477514654397964,0.06459905952215195
15255,0.04383956268429756,0.032907698303461075
15256,0.03356748819351196,0.03878052532672882
15257,0.03136686608195305,0.014578836970031261
15258,0.027424799278378487,0.004719338845461607
15259,0.01797163300216198,0.007343993056565523
15260,0.03296318277716637,0.02318154275417328
15261,0.05450749024748802,0.026845740154385567
15262,0.03350326418876648,0.03311929851770401
15263,0.05910603329539299,0.05917617306113243
15264,0.0649389773607254,0.059003155678510666
15265,0.06585848331451416,0.043770141899585724
15266,0.043024227023124695,0.0457242988049984
15267,0.04288816452026367,0.04765745624899864
15268,0.046889595687389374,0.04833177104592323
15269,0.0542093850672245,0.04125458002090454
15270,0.06051303446292877,0.04643823951482773
15271,0.044512420892715454,0.04460611939430237
15272,0.04345518723130226,0.032310035079717636
15273,0.039122480899095535,0.03868197277188301
15274,0.05502215027809143,0.05324806272983551
15275,0.051483020186424255,0.031339727342128754
15276,0.03926866129040718,0.030930351465940475
15277,0.0404280386865139,0.03641171008348465
15278,0.03137683868408203,0.033106107264757156
15279,0.07495801150798798,0.06024673208594322
15280,0.04759734869003296,0.040101464837789536
15281,0.03760933130979538,0.04041014239192009
15282,0.049401212483644485,0.04193465784192085
15283,0.044578999280929565,0.04732848331332207
15284,0.05077262222766876,0.039403535425662994
15285,0.06304813921451569,0.05413364991545677
15286,0.06216532364487648,0.052120279520750046
15287,0.05788656324148178,0.03908973187208176
15288,0.04754352942109108,0.050212033092975616
15289,0.03773904964327812,0.028722528368234634
15290,0.04048122465610504,0.030164804309606552
15291,0.045495424419641495,0.04119803383946419
15292,0.04839228466153145,0.036179929971694946
15293,0.018038712441921234,0.0067705921828746796
15294,0.03624651953577995,0.03180805593729019
15295,0.04889228194952011,0.05506172031164169
15296,0.07027211040258408,0.054770711809396744
15297,0.04652104899287224,0.029376491904258728
15298,0.04411877691745758,0.04851891100406647
15299,0.062180355191230774,0.054944124072790146
15300,0.07548821717500687,0.06253348290920258
15301,0.05335249751806259,0.049852706491947174
15302,0.062054187059402466,0.0670381411910057
15303,0.056312646716833115,0.054927654564380646
15304,0.05920953303575516,0.061725787818431854
15305,0.0618312768638134,0.055014610290527344
15306,0.06247532367706299,0.06285419315099716
15307,0.07602955400943756,0.0757778063416481
15308,0.05484803766012192,0.06291571259498596
15309,0.059326641261577606,0.062361594289541245
15310,0.08471313118934631,0.07683105766773224
15311,0.06381163001060486,0.0630364790558815
15312,0.06485734134912491,0.04689318314194679
15313,0.03933646157383919,0.02998100407421589
15314,0.054742369800806046,0.03450878709554672
15315,0.04994971677660942,0.045362066477537155
15316,0.05287216231226921,0.050587620586156845
15317,0.056925028562545776,0.042323220521211624
15318,0.04310733824968338,0.032527703791856766
15319,0.040218643844127655,0.03914634510874748
15320,0.037972357124090195,0.03177832439541817
15321,0.034247975796461105,0.04240534082055092
15322,0.05274120718240738,0.03734138607978821
15323,0.03898747265338898,0.021576015278697014
15324,0.03693598881363869,0.0381922610104084
15325,0.05337533354759216,0.03887985646724701
15326,0.02040419727563858,0.005143602844327688
15327,0.027041886001825333,0.024331888183951378
15328,0.038881927728652954,0.03151529282331467
15329,0.04255310446023941,0.030773276463150978
15330,0.03528793528676033,0.03241894021630287
15331,0.05183367431163788,0.04898858442902565
15332,0.046271540224552155,0.0247806329280138
15333,0.03425711393356323,0.021617544814944267
15334,0.03398281708359718,0.03133689612150192
15335,0.05029859393835068,0.02307482808828354
15336,0.04230527952313423,0.03813568502664566
15337,0.08250098675489426,0.06846819072961807
15338,0.07346663624048233,0.06352950632572174
15339,0.058091774582862854,0.05670005455613136
15340,0.06527743488550186,0.06315726786851883
15341,0.07839419692754745,0.06147116795182228
15342,0.06283584237098694,0.036674097180366516
15343,0.030872082337737083,0.03751954436302185
15344,0.037105217576026917,0.03369686380028725
15345,0.044623080641031265,0.039516881108284
15346,0.04800022393465042,0.04612211510539055
15347,0.053389210253953934,0.04515857249498367
15348,0.061414316296577454,0.05302578955888748
15349,0.05088705196976662,0.045312751084566116
15350,0.05637827515602112,0.04017516225576401
15351,0.02675512619316578,0.025528863072395325
15352,0.031225314363837242,0.02362339198589325
15353,0.024895401671528816,0.022340737283229828
15354,0.04183154180645943,0.02937823347747326
15355,0.04317315295338631,0.044641800224781036
15356,0.056623950600624084,0.044223539531230927
15357,0.040357574820518494,0.030564993619918823
15358,0.04211798310279846,0.0356111153960228
15359,0.04634180665016174,0.024005159735679626
15360,0.04718419164419174,0.03990649804472923
15361,0.0502362959086895,0.05203180015087128
15362,0.06007346138358116,0.04658305644989014
15363,0.04998837411403656,0.054802704602479935
15364,0.067725270986557,0.06615173071622849
15365,0.05915013328194618,0.04962857440114021
15366,0.05103091523051262,0.04489947110414505
15367,0.060531388968229294,0.03728794679045677
15368,0.046682797372341156,0.04393090307712555
15369,0.035822752863168716,0.03939414396882057
15370,0.027075136080384254,0.028850318863987923
15371,0.026326540857553482,0.014448557049036026
15372,0.0230743158608675,0.01593688689172268
15373,0.03126106783747673,0.03127048537135124
15374,0.04466841369867325,0.0338771715760231
15375,0.044118333607912064,0.021623440086841583
15376,0.039000287652015686,0.045720942318439484
15377,0.04624783620238304,0.03804848715662956
15378,0.019607149064540863,0.015025395900011063
15379,0.01847522146999836,0.0130691546946764
15380,0.013787912204861641,0.014453290961682796
15381,0.03117772750556469,0.03767215088009834
15382,0.04570765420794487,0.04994070902466774
15383,0.0515793077647686,0.03972603380680084
15384,0.05595701187849045,0.05247875675559044
15385,0.039018306881189346,0.023711413145065308
15386,0.028434643521904945,0.01390916295349598
15387,0.02613729238510132,0.019656125456094742
15388,0.027698876336216927,0.028626687824726105
15389,0.04871893301606178,0.04888793081045151
15390,0.05832782760262489,0.036577094346284866
15391,0.03997502475976944,0.03417263180017471
15392,0.03656598925590515,0.0405036099255085
15393,0.041580718010663986,0.0231856107711792
15394,0.02360519766807556,0.023248204961419106
15395,0.052821945399045944,0.021541504189372063
15396,0.02977738343179226,0.03586345911026001
15397,0.04657362774014473,0.04429127275943756
15398,0.049693308770656586,0.04271657392382622
15399,0.060327958315610886,0.04874197021126747
15400,0.06021184101700783,0.045572590082883835
15401,0.03630256652832031,0.024912742897868156
15402,0.054133351892232895,0.045722074806690216
15403,0.06126381829380989,0.04484272748231888
15404,0.055222902446985245,0.04712372273206711
15405,0.06480076164007187,0.05240281671285629
15406,0.058343760669231415,0.053973302245140076
15407,0.06845568865537643,0.064295694231987
15408,0.053753625601530075,0.03517645224928856
15409,0.03957511857151985,0.04035928100347519
15410,0.053128089755773544,0.05985327437520027
15411,0.05725628510117531,0.05491204559803009
15412,0.06935726851224899,0.05558694526553154
15413,0.07040330022573471,0.05773801729083061
15414,0.06961137056350708,0.0633685365319252
15415,0.056898195296525955,0.0468175932765007
15416,0.056877586990594864,0.04198542237281799
15417,0.04446613788604736,0.04953606426715851
15418,0.04910651966929436,0.038739435374736786
15419,0.04277714714407921,0.015312048606574535
15420,0.06838689744472504,0.061423324048519135
15421,0.05556156486272812,0.03882008045911789
15422,0.05881330370903015,0.06723718345165253
15423,0.06315945833921432,0.059920843690633774
15424,0.08376828581094742,0.08798055350780487
15425,0.07403908669948578,0.06348021328449249
15426,0.07623468339443207,0.0615902915596962
15427,0.0403163842856884,0.04356285557150841
15428,0.04608069732785225,0.04721856862306595
15429,0.05308140069246292,0.04349460452795029
15430,0.036221619695425034,0.013817738741636276
15431,0.028108051046729088,0.020627208054065704
15432,0.03126571699976921,0.028262577950954437
15433,0.041958268731832504,0.053220462054014206
15434,0.03734755516052246,0.032617636024951935
15435,0.056388821452856064,0.05456830561161041
15436,0.023005733266472816,0.014917022548615932
15437,0.03993045538663864,0.032972972840070724
15438,0.028488831594586372,0.00907614454627037
15439,0.01531409751623869,0.0070028663612902164
15440,0.0061961086466908455,0.0017440093215554953
15441,0.02017594501376152,0.015051795169711113
15442,0.00031391027732752264,0.008674352429807186
15443,0.05097361281514168,0.04027412831783295
15444,0.057714641094207764,0.062202904373407364
15445,0.055975425988435745,0.05573225021362305
15446,0.05211501568555832,0.05244112014770508
15447,0.054548364132642746,0.05192007124423981
15448,0.0656556487083435,0.06105634570121765
15449,0.05664956569671631,0.0525679737329483
15450,0.05863918364048004,0.05168398842215538
15451,0.06395073235034943,0.054337985813617706
15452,0.046903833746910095,0.042383864521980286
15453,0.06602119654417038,0.05675817281007767
15454,0.06254199892282486,0.05213957279920578
15455,0.047881048172712326,0.04930039867758751
15456,0.0467967689037323,0.04763713479042053
15457,0.05281933769583702,0.03895973414182663
15458,0.03859753534197807,0.030199341475963593
15459,0.004488178063184023,-0.005612739361822605
15460,0.017717164009809494,0.006990125868469477
15461,0.01647244766354561,0.012494722381234169
15462,0.03648968040943146,0.028178149834275246
15463,0.04378505423665047,0.04525222256779671
15464,0.03964339941740036,0.04297861456871033
15465,0.07423947006464005,0.07186248898506165
15466,0.04156285896897316,0.040150050073862076
15467,0.07573900371789932,0.06681255996227264
15468,0.0667579248547554,0.0622737817466259
15469,0.06391718238592148,0.056878723204135895
15470,0.06628295034170151,0.0591420903801918
15471,0.05133753642439842,0.04393633082509041
15472,0.06956090778112411,0.0519842803478241
15473,0.06490881741046906,0.05908053740859032
15474,0.07632041722536087,0.06241653114557266
15475,0.056065671145915985,0.042569756507873535
15476,0.057746198028326035,0.043838582932949066
15477,0.04135384038090706,0.03088870458304882
15478,0.06307792663574219,0.05915674939751625
15479,0.06515515595674515,0.03225872665643692
15480,0.04924076423048973,0.05555764213204384
15481,0.07504132390022278,0.08320967853069305
15482,0.07263024896383286,0.06371878832578659
15483,0.047564540058374405,0.04107605665922165
15484,0.03179199993610382,0.033564887940883636
15485,0.036867838352918625,0.0364157110452652
15486,0.042340684682130814,0.032422084361314774
15487,0.05446059629321098,0.05691027641296387
15488,0.036228593438863754,0.02972278743982315
15489,0.045028895139694214,0.040873683989048004
15490,0.054330263286828995,0.06035005673766136
15491,0.044845640659332275,0.02780367061495781
15492,0.04421929270029068,0.039597611874341965
15493,0.046026669442653656,0.042427290230989456
15494,0.05214059352874756,0.04333193600177765
15495,0.05411393940448761,0.05686677247285843
15496,0.06836708635091782,0.0479513518512249
15497,0.06225288659334183,0.052640195935964584
15498,0.049011677503585815,0.03428997844457626
15499,0.04624909535050392,0.04214451089501381
15500,0.04261905327439308,0.035958003252744675
15501,0.052752282470464706,0.04689832776784897
15502,0.047569192945957184,0.04645512253046036
15503,0.049944959580898285,0.05519053339958191
15504,0.06828796863555908,0.05324792489409447
15505,0.050422973930835724,0.037451621145009995
15506,0.04447948560118675,0.042135030031204224
15507,0.031168697401881218,0.008869988843798637
15508,0.031504638493061066,0.03878499194979668
15509,0.06194278597831726,0.06752941012382507
15510,0.06814637780189514,0.0576140433549881
15511,0.05112491920590401,0.03853278234601021
15512,0.04849840700626373,0.04952443018555641
15513,0.062041137367486954,0.05188639834523201
15514,0.030351918190717697,0.03687374293804169
15515,0.031128117814660072,0.016644537448883057
15516,0.03805788606405258,0.04049988463521004
15517,0.04915953800082207,0.03688814491033554
15518,0.029886797070503235,0.0300134290009737
15519,0.06531703472137451,0.05388626083731651
15520,0.04867660999298096,0.04409711807966232
15521,0.05770786106586456,0.04753939062356949
15522,0.047798991203308105,0.03184670954942703
15523,0.04420533403754234,0.036883365362882614
15524,0.05101592838764191,0.044860854744911194
15525,0.07120642811059952,0.06003251671791077
15526,0.061230018734931946,0.04327438399195671
15527,0.05670173466205597,0.0360029898583889
15528,0.047229867428541183,0.04333893209695816
15529,0.054909899830818176,0.04732786864042282
15530,0.043880656361579895,0.0364377386868
15531,0.029214447364211082,0.024120917543768883
15532,0.040886446833610535,0.03668135032057762
15533,0.0414014607667923,0.0261086393147707
15534,0.030174849554896355,0.03061407059431076
15535,0.04996020719408989,0.04992114380002022
15536,0.05565760284662247,0.05548933520913124
15537,0.04526219516992569,0.040082160383462906
15538,0.0404413565993309,0.044620782136917114
15539,0.06659863144159317,0.060679566115140915
15540,0.05407315865159035,0.029415208846330643
15541,0.03680653125047684,0.03047611378133297
15542,0.03375997394323349,0.027736293151974678
15543,0.016342075541615486,0.0020184116438031197
15544,0.015766175463795662,0.00896218791604042
15545,0.030299833044409752,0.019315218552947044
15546,0.025069016963243484,0.030398987233638763
15547,0.06326737999916077,0.05374107137322426
15548,0.06888655573129654,0.047752849757671356
15549,0.05099472776055336,0.04416533559560776
15550,0.0660456195473671,0.05614858120679855
15551,0.05190124362707138,0.0493449866771698
15552,0.05147605389356613,0.06181012839078903
15553,0.06080889329314232,0.0481431744992733
15554,0.05251772329211235,0.044464968144893646
15555,0.05339837446808815,0.038074929267168045
15556,0.05682177469134331,0.05361079424619675
15557,0.06499531120061874,0.04889896139502525
15558,0.05426810681819916,0.04998067393898964
15559,0.06977585703134537,0.055559348315000534
15560,0.05293717980384827,0.04282291606068611
15561,0.0554937943816185,0.055237628519535065
15562,0.06396134197711945,0.05126117542386055
15563,0.0411108061671257,0.024846797809004784
15564,0.031723614782094955,0.051573704928159714
15565,0.06805367767810822,0.03576032817363739
15566,0.029596606269478798,0.042256686836481094
15567,0.04877118766307831,0.047986529767513275
15568,0.06050800904631615,0.05360455438494682
15569,0.07883065938949585,0.06952716410160065
15570,0.08646927028894424,0.0749572217464447
15571,0.05803222954273224,0.059269197285175323
15572,0.07818402349948883,0.07165618240833282
15573,0.0407731756567955,0.03107951208949089
15574,0.040876131504774094,0.031253915280103683
15575,0.042893458157777786,0.043922461569309235
15576,0.048254042863845825,0.049727968871593475
15577,0.04023999348282814,0.03692616894841194
15578,0.057500116527080536,0.04167089983820915
15579,0.03810872882604599,0.039429664611816406
15580,0.05819631367921829,0.03988184407353401
15581,0.04000401869416237,0.03094298206269741
15582,0.021280797198414803,0.020912079140543938
15583,0.01720932498574257,0.014367140829563141
15584,0.030657334253191948,0.037886183708906174
15585,0.046981796622276306,0.035424236208200455
15586,0.04516802728176117,0.03458498418331146
15587,0.05554383993148804,0.03447306901216507
15588,0.03643978387117386,0.04219382256269455
15589,0.05019510164856911,0.03858848288655281
15590,0.029714234173297882,0.026742195710539818
15591,0.04867163300514221,0.034209080040454865
15592,0.03843212127685547,0.028988944366574287
15593,0.0371532179415226,0.026117859408259392
15594,0.02623848058283329,0.02398236095905304
15595,0.02252833917737007,0.03414887562394142
15596,0.031409624963998795,0.028579775243997574
15597,0.036237820982933044,0.038029368966817856
15598,0.035982776433229446,0.021143974736332893
15599,0.015489421784877777,0.0031494253780692816
15600,0.030249344184994698,0.03412335738539696
15601,0.07344045490026474,0.06821440905332565
15602,0.05049391835927963,0.03144260495901108
15603,0.035722069442272186,0.036094289273023605
15604,0.03416039049625397,0.03883783146739006
15605,0.04010193049907684,0.036838121712207794
15606,0.04322316497564316,0.030591851100325584
15607,0.05336392670869827,0.0521836057305336
15608,0.06051119044423103,0.057919472455978394
15609,0.052236299961805344,0.049270790070295334
15610,0.07461196929216385,0.07133422791957855
15611,0.0759047418832779,0.07963231205940247
15612,0.06691522896289825,0.06497175246477127
15613,0.06857077032327652,0.0838051289319992
15614,0.0949392020702362,0.08889806270599365
15615,0.08053106814622879,0.07808274030685425
15616,0.06544850021600723,0.05982812121510506
15617,0.0599323995411396,0.05808964744210243
15618,0.04058587923645973,0.01703845150768757
15619,0.023617537692189217,0.02129507064819336
15620,0.03225910663604736,0.016878947615623474
15621,0.019907433539628983,0.030616890639066696
15622,0.0441165529191494,0.04279934614896774
15623,0.04796547442674637,0.04041675105690956
15624,0.06358052045106888,0.04742755368351936
15625,0.05972664803266525,0.04515668749809265
15626,0.04731457307934761,0.04262072220444679
15627,0.07251914590597153,0.07814580202102661
15628,0.06059620901942253,0.051308538764715195
15629,0.07042210549116135,0.07470222562551498
15630,0.07657524943351746,0.06558901816606522
15631,0.045805424451828,0.030491480603814125
15632,0.04347695782780647,0.04076600819826126
15633,0.042467303574085236,0.044642623513936996
15634,0.04769894480705261,0.037013646215200424
15635,0.018512262031435966,0.0050994330085814
15636,0.016407079994678497,0.026857838034629822
15637,0.036470573395490646,0.02747458778321743
15638,0.03655587509274483,0.02914438024163246
15639,0.031720392405986786,0.019751057028770447
15640,0.015870075672864914,0.011724717915058136
15641,-0.005521208513528109,-0.0075929295271635056
15642,0.004908311180770397,0.013094387948513031
15643,0.021658409386873245,0.01728535257279873
15644,0.041952524334192276,0.033600252121686935
15645,0.024777740240097046,0.035261496901512146
15646,0.04115372896194458,0.034648749977350235
15647,0.0375383123755455,0.025939851999282837
15648,0.03475625067949295,0.021978382021188736
15649,0.05627887696027756,0.04726807400584221
15650,0.03324742615222931,0.025101544335484505
15651,0.007712581194937229,0.005888321902602911
15652,0.009680738672614098,0.01933388039469719
15653,0.04664180055260658,0.033847033977508545
15654,0.03468551114201546,0.01929212175309658
15655,0.033659566193819046,0.040601227432489395
15656,0.05949042737483978,0.05063560605049133
15657,0.05655850097537041,0.06050558015704155
15658,0.05094297602772713,0.05432453751564026
15659,0.04825853183865547,0.03633725270628929
15660,0.05848735198378563,0.06473236531019211
15661,0.07365881651639938,0.0632329210639
15662,0.05038619413971901,0.039667509496212006
15663,0.04745883867144585,0.03464796766638756
15664,0.03319019451737404,0.046998146921396255
15665,0.057745564728975296,0.04975828900933266
15666,0.06379348784685135,0.05141934007406235
15667,0.04348894953727722,0.02693510800600052
15668,0.05223603546619415,0.043084148317575455
15669,0.06473926454782486,0.062321025878190994
15670,0.04812211915850639,0.0395481139421463
15671,0.05869310721755028,0.052446916699409485
15672,0.06710003316402435,0.04761127382516861
15673,0.0540219284594059,0.055057886987924576
15674,0.06335650384426117,0.053890686482191086
15675,0.05441497266292572,0.045888371765613556
15676,0.040767449885606766,0.03359223157167435
15677,0.04957279935479164,0.04109199345111847
15678,0.06392887979745865,0.043928101658821106
15679,0.058024294674396515,0.04372119531035423
15680,0.052934110164642334,0.048848483711481094
15681,0.042604293674230576,0.036784421652555466
15682,0.047931887209415436,0.03767184913158417
15683,0.05833150073885918,0.047629814594984055
15684,0.03585774078965187,0.03990139439702034
15685,0.04904186725616455,0.04823392257094383
15686,0.06381247937679291,0.0431225560605526
15687,0.0449875108897686,0.046281516551971436
15688,0.05064470320940018,0.038835007697343826
15689,0.053737469017505646,0.062030211091041565
15690,0.06461331993341446,0.05752108246088028
15691,0.0740058571100235,0.04871520400047302
15692,0.06956174969673157,0.06427977234125137
15693,0.05511932820081711,0.05368739739060402
15694,0.05851232260465622,0.05992070585489273
15695,0.08607415109872818,0.08228814601898193
15696,0.07414506375789642,0.06367982923984528
15697,0.0669652596116066,0.05866946280002594
15698,0.051073282957077026,0.02109520323574543
15699,0.024354128167033195,0.009947880171239376
15700,0.03797255456447601,0.028056640177965164
15701,0.04720090702176094,0.04091235250234604
15702,0.051460444927215576,0.03620145842432976
15703,0.02167515642940998,0.015535333193838596
15704,0.02067229524254799,0.030839642509818077
15705,0.040451083332300186,0.04432259872555733
15706,0.054708294570446014,0.05527585744857788
15707,0.056180618703365326,0.04839684069156647
15708,0.0714455097913742,0.05855858698487282
15709,0.058366794139146805,0.04157658666372299
15710,0.05199892073869705,0.0426408126950264
15711,0.05565750598907471,0.04372461885213852
15712,0.038554273545742035,0.03457960486412048
15713,0.0403052493929863,0.04278673231601715
15714,0.036175020039081573,0.034759216010570526
15715,0.04799460992217064,0.03167511895298958
15716,0.040481697767972946,0.03817037492990494
15717,0.058039940893650055,0.043903887271881104
15718,0.04618559032678604,0.04715166985988617
15719,0.06201804056763649,0.039636123925447464
15720,0.05469859391450882,0.04078623279929161
15721,0.038131244480609894,0.02446392923593521
15722,0.047841235995292664,0.0548190139234066
15723,0.050786491483449936,0.03976203501224518
15724,0.05722858011722565,0.04502148553729057
15725,0.05507207289338112,0.041134338825941086
15726,0.03357631340622902,0.04057952016592026
15727,0.052928727120161057,0.04663803428411484
15728,0.03676261752843857,0.030078357085585594
15729,0.036712437868118286,0.04385716840624809
15730,0.06459159404039383,0.07545367628335953
15731,0.08688819408416748,0.06211759150028229
15732,0.050479356199502945,0.053955014795064926
15733,0.04137001559138298,0.03318748250603676
15734,0.04138876125216484,0.023054534569382668
15735,0.04696442559361458,0.04787943512201309
15736,0.06334643810987473,0.05327124148607254
15737,0.05986705422401428,0.04870142415165901
15738,0.043212298303842545,0.03360836207866669
15739,0.046522535383701324,0.04096801206469536
15740,0.04358631372451782,0.04343126341700554
15741,0.05677896365523338,0.043830860406160355
15742,0.0688166692852974,0.04903014749288559
15743,0.04944240301847458,0.03897641971707344
15744,0.05256500467658043,0.044845812022686005
15745,0.05607854202389717,0.04789217188954353
15746,0.05086839571595192,0.05082445591688156
15747,0.0736362561583519,0.07361609488725662
15748,0.09095972031354904,0.0724959522485733
15749,0.07756339013576508,0.07072924077510834
15750,0.05416658893227577,0.039809782058000565
15751,0.05515415593981743,0.04535287246108055
15752,0.05220885947346687,0.035694193094968796
15753,0.028937920928001404,0.020872652530670166
15754,0.03593164682388306,0.03719238564372063
15755,0.03922401741147041,0.047010019421577454
15756,0.06423423439264297,0.06148174777626991
15757,0.044191863387823105,0.008525058627128601
15758,0.002595155965536833,-0.011689537204802036
15759,0.005070156883448362,0.004716023337095976
15760,0.004778474103659391,0.016964271664619446
15761,0.035705629736185074,0.03379182517528534
15762,0.0411720797419548,0.032443758100271225
15763,0.03728507459163666,0.031247252598404884
15764,0.03814084455370903,0.03350724279880524
15765,0.04439761862158775,0.034956902265548706
15766,0.031132327392697334,0.030936408787965775
15767,0.041458383202552795,0.04852326959371567
15768,0.06476243585348129,0.0449657067656517
15769,0.046423349529504776,0.0232884231954813
15770,0.010744557715952396,0.011761228553950787
15771,0.0027947057969868183,-0.00047914814786054194
15772,0.039477087557315826,0.02403208240866661
15773,0.008711440488696098,0.013901458121836185
15774,0.04180336743593216,0.03183871507644653
15775,0.052142418920993805,0.0349273607134819
15776,0.03529328107833862,0.032517608255147934
15777,0.029556255787611008,0.019363487139344215
15778,0.046279631555080414,0.029460586607456207
15779,0.05499585345387459,0.03568900376558304
15780,0.06322946399450302,0.04929961636662483
15781,0.06440535187721252,0.06403849273920059
15782,0.05300828814506531,0.04399369657039642
15783,0.051191773265600204,0.05133778974413872
15784,0.060103870928287506,0.04474175348877907
15785,0.052741363644599915,0.053213100880384445
15786,0.043819572776556015,0.03978904336690903
15787,0.06066593900322914,0.03851566091179848
15788,0.03410766273736954,0.0372195765376091
15789,0.05045292526483536,0.04260540381073952
15790,0.0390816330909729,0.039611369371414185
15791,0.05124196410179138,0.03154468163847923
15792,0.0573963038623333,0.06786306947469711
15793,0.06042243167757988,0.04989155754446983
15794,0.0515294224023819,0.05228222906589508
15795,0.05319506302475929,0.0468224361538887
15796,0.04170128330588341,0.0508459247648716
15797,0.05783316493034363,0.03924136236310005
15798,0.03181137889623642,0.03106875531375408
15799,0.0415414497256279,0.04095059633255005
15800,0.022623246535658836,0.02179371751844883
15801,0.05383545905351639,0.05486593395471573
15802,0.06197488307952881,0.04814746975898743
15803,0.06697039306163788,0.04690100625157356
15804,0.028666537255048752,0.03094029799103737
15805,0.03931436315178871,0.04596414417028427
15806,0.056873321533203125,0.05344009771943092
15807,0.05765300244092941,0.05776209384202957
15808,0.06586354225873947,0.04835498705506325
15809,0.0640353411436081,0.04699267819523811
15810,0.06947121769189835,0.06006631255149841
15811,0.05707281082868576,0.036897215992212296
15812,0.054249849170446396,0.04862947016954422
15813,0.07051064074039459,0.057870328426361084
15814,0.0464760884642601,0.049382660537958145
15815,0.03924852982163429,0.034155070781707764
15816,0.04280401021242142,0.04180247709155083
15817,0.04037034511566162,0.04394449293613434
15818,0.05860146880149841,0.03844761103391647
15819,0.046617042273283005,0.0411461740732193
15820,0.03333553299307823,0.032868675887584686
15821,0.035862505435943604,0.024501044303178787
15822,0.03227400407195091,0.028297077864408493
15823,0.01443745382130146,0.012430781498551369
15824,0.02469669282436371,0.01619609072804451
15825,0.039138488471508026,0.03962641581892967
15826,0.028653690591454506,0.01552970614284277
15827,0.02829071506857872,0.023304231464862823
15828,0.024226399138569832,0.012734200805425644
15829,0.03427616506814957,0.024816004559397697
15830,0.03276446461677551,0.044043365865945816
15831,0.049597401171922684,0.05843781307339668
15832,0.052051298320293427,0.03368135169148445
15833,0.058878980576992035,0.0639350414276123
15834,0.04874497652053833,0.04755862429738045
15835,0.04893224313855171,0.04314901679754257
15836,0.05337623506784439,0.04980994760990143
15837,0.06546377390623093,0.0483744740486145
15838,0.05666843429207802,0.054146211594343185
15839,0.045772653073072433,0.04119708016514778
15840,0.035692114382982254,0.03110310062766075
15841,0.01897072046995163,0.01652766577899456
15842,0.009050273336470127,0.007612846791744232
15843,-0.008384752087295055,0.012208236381411552
15844,0.029564321041107178,0.034500252455472946
15845,0.027510760352015495,0.029561897739768028
15846,0.04711136594414711,0.04979947954416275
15847,0.0555553063750267,0.04904823377728462
15848,0.049961574375629425,0.03214944899082184
15849,0.022107962518930435,0.02173801138997078
15850,0.04383397847414017,0.036026373505592346
15851,0.04356591776013374,0.024656735360622406
15852,0.020234014838933945,0.02146332338452339
15853,0.04314401000738144,0.035262733697891235
15854,0.04378562420606613,0.04262957721948624
15855,0.05413326993584633,0.04858563095331192
15856,0.05337074026465416,0.03947145864367485
15857,0.019311783835291862,0.012511122971773148
15858,0.03528587147593498,0.02890724316239357
15859,0.03620477765798569,0.032415468245744705
15860,0.03747174143791199,0.028946291655302048
15861,0.044432613998651505,0.05606987699866295
15862,0.051444943994283676,0.05023624002933502
15863,0.05263805761933327,0.04442116990685463
15864,0.06109734997153282,0.056864991784095764
15865,0.05949117988348007,0.07518938183784485
15866,0.06750983744859695,0.052673205733299255
15867,0.046910468488931656,0.04282095655798912
15868,0.03995518758893013,0.026761461049318314
15869,0.0271714199334383,0.012853617779910564
15870,0.022752700373530388,0.021515000611543655
15871,0.028927480801939964,0.02519366331398487
15872,0.036638226360082626,0.04036226123571396
15873,0.0542760044336319,0.03185168653726578
15874,0.030187882483005524,0.025664551183581352
15875,0.032525546848773956,0.030235357582569122
15876,0.052461933344602585,0.03600892052054405
15877,0.05645902082324028,0.053696565330028534
15878,0.06438397616147995,0.06154141202569008
15879,0.03802211955189705,0.03922107815742493
15880,0.04466787725687027,0.04513111338019371
15881,0.049614302814006805,0.033999402076005936
15882,0.05673263967037201,0.03882390633225441
15883,0.04077304154634476,0.038015589118003845
15884,0.07181697338819504,0.05965040251612663
15885,0.05357934534549713,0.05036064237356186
15886,0.05195041745901108,0.046984124928712845
15887,0.07179827243089676,0.057810839265584946
15888,0.06875106692314148,0.052925873547792435
15889,0.0590210035443306,0.05184724181890488
15890,0.054092925041913986,0.046608906239271164
15891,0.06897296756505966,0.060473810881376266
15892,0.0668955072760582,0.06878567487001419
15893,0.06809074431657791,0.0513075552880764
15894,0.030462883412837982,0.0406910739839077
15895,0.054141316562891006,0.053736403584480286
15896,0.048986684530973434,0.04344751313328743
15897,0.05372149497270584,0.0454457551240921
15898,0.05036844313144684,0.04583754017949104
15899,0.05976489931344986,0.046526480466127396
15900,0.05781056359410286,0.05279162898659706
15901,0.06733401864767075,0.05545307323336601
15902,0.06102537736296654,0.05286645144224167
15903,0.04302061349153519,0.037931058555841446
15904,0.047705285251140594,0.03381615877151489
15905,0.04955276846885681,0.04955446347594261
15906,0.053172312676906586,0.05439634993672371
15907,0.07454273849725723,0.05506556108593941
15908,0.06626060605049133,0.06100690737366676
15909,0.05358174815773964,0.03941643610596657
15910,0.04807383194565773,0.04667229577898979
15911,0.042813315987586975,0.05173414200544357
15912,0.04635697975754738,0.04527854546904564
15913,0.04730687290430069,0.031107570976018906
15914,0.047860197722911835,0.02483944036066532
15915,0.020754635334014893,0.010571558028459549
15916,0.025647200644016266,0.029019081965088844
15917,0.022993871942162514,0.012606676667928696
15918,0.008292080834507942,0.006153641734272242
15919,0.009246500208973885,0.01217401772737503
15920,0.0417768619954586,0.033792443573474884
15921,0.04214393347501755,0.04258967936038971
15922,0.05217690393328667,0.05917079746723175
15923,0.0621027946472168,0.05234897881746292
15924,0.03539968654513359,0.018411463126540184
15925,0.015088256448507309,0.014712756499648094
15926,0.04370087385177612,0.041017960757017136
15927,0.06000802293419838,0.04629940167069435
15928,0.03202866390347481,0.019604401662945747
15929,0.06182678043842316,0.0527443066239357
15930,0.06866331398487091,0.04883895441889763
15931,0.05576368793845177,0.0389082133769989
15932,0.031138626858592033,0.021360957995057106
15933,0.049248818308115005,0.04916626587510109
15934,0.04073513299226761,0.038017015904188156
15935,0.06115966662764549,0.0399874746799469
15936,0.04534950479865074,0.05191180482506752
15937,0.04900675266981125,0.04981755465269089
15938,0.06928510218858719,0.0540713407099247
15939,0.07456687092781067,0.05664597824215889
15940,0.07040174305438995,0.05250746011734009
15941,0.057250235229730606,0.04349074140191078
15942,0.03461107611656189,0.033745281398296356
15943,0.03732584789395332,0.03370780125260353
15944,0.059824541211128235,0.047264594584703445
15945,0.06452437490224838,0.04559476301074028
15946,0.04144382104277611,0.03227927163243294
15947,0.04848676919937134,0.05088716000318527
15948,0.06010550633072853,0.0621512196958065
15949,0.0525028333067894,0.04999445378780365
15950,0.06134163960814476,0.0420677550137043
15951,0.04365728795528412,0.05255359038710594
15952,0.051819078624248505,0.04993565380573273
15953,0.037616461515426636,0.030384749174118042
15954,0.03493621200323105,0.02721390873193741
15955,0.05274888128042221,0.058700282126665115
15956,0.07849173247814178,0.07416807115077972
15957,0.07188843935728073,0.055168889462947845
15958,0.06021743267774582,0.053405649960041046
15959,0.06552168726921082,0.05472470819950104
15960,0.05803343281149864,0.04084635153412819
15961,0.059500500559806824,0.06486983597278595
15962,0.07367273420095444,0.06068318337202072
15963,0.05484931915998459,0.04042099043726921
15964,0.04086700826883316,0.05498151108622551
15965,0.07236383855342865,0.08361499011516571
15966,0.07894308120012283,0.06175004690885544
15967,0.07013560086488724,0.05597517266869545
15968,0.051130104809999466,0.047950927168130875
15969,0.033270251005887985,0.022404344752430916
15970,0.042229603976011276,0.02874523401260376
15971,0.014913552440702915,0.016842687502503395
15972,0.028489649295806885,0.026268737390637398
15973,0.044303085654973984,0.0391559936106205
15974,0.040818557143211365,0.030250418931245804
15975,0.04050004482269287,0.026690645143389702
15976,0.03903030976653099,0.024067966267466545
15977,0.007810129784047604,0.008805830031633377
15978,0.013184343464672565,0.013212202116847038
15979,0.035584937781095505,0.036076195538043976
15980,0.04397440329194069,0.04409896209836006
15981,0.05539385974407196,0.04828455671668053
15982,0.03807348385453224,0.03541410341858864
15983,0.022633302956819534,0.002481474308297038
15984,0.0252087339758873,0.029580719769001007
15985,0.035209186375141144,0.027254618704319
15986,0.047361284494400024,0.043471407145261765
15987,0.0538460798561573,0.04262414202094078
15988,0.02044520154595375,0.026157120242714882
15989,0.02852293848991394,0.03171990439295769
15990,0.013287446461617947,-0.007313226815313101
15991,0.019798699766397476,0.027042705565690994
15992,0.015393620356917381,0.01920452155172825
15993,0.050696272403001785,0.03641001135110855
15994,0.03927723690867424,0.04588303342461586
15995,0.03055456094443798,0.023674676194787025
15996,0.04680653288960457,0.04722793027758598
15997,0.04997372254729271,0.03884395211935043
15998,0.03553024306893349,0.02780057117342949
15999,0.02473689801990986,0.022092649713158607
16000,0.03335525840520859,0.04339650645852089
16001,0.05891435593366623,0.05616047605872154
16002,0.04939224570989609,0.04373279586434364
16003,0.05318198353052139,0.044953808188438416
16004,0.050513654947280884,0.04940452426671982
16005,0.03544614091515541,0.03757622838020325
16006,0.06030482426285744,0.037452854216098785
16007,0.06464148312807083,0.05341538041830063
16008,0.07639233767986298,0.07747768610715866
16009,0.07587748020887375,0.06733531504869461
16010,0.07440690696239471,0.057787537574768066
16011,0.05762474983930588,0.06173986569046974
16012,0.05031256750226021,0.038232848048210144
16013,0.0491083599627018,0.03926824778318405
16014,0.050237808376550674,0.047306668013334274
16015,0.04550255835056305,0.03146851062774658
16016,0.04326159507036209,0.03656705096364021
16017,0.037096913903951645,0.025765718892216682
16018,0.032106347382068634,0.03437115624547005
16019,0.04475583881139755,0.03543998673558235
16020,0.043876297771930695,0.04815848544239998
16021,0.04014112800359726,0.025166016072034836
16022,0.05009259283542633,0.04873765632510185
16023,0.040024999529123306,0.03272717446088791
16024,0.046228643506765366,0.04321330785751343
16025,0.04427242651581764,0.03218769282102585
16026,0.02183886617422104,0.017285170033574104
16027,0.024866394698619843,0.02016601338982582
16028,0.047577545046806335,0.040630996227264404
16029,0.030421746894717216,0.014440828002989292
16030,0.030084462836384773,0.04256531968712807
16031,0.03669368475675583,0.03935418277978897
16032,0.064217209815979,0.052169736474752426
16033,0.05283193290233612,0.0550064891576767
16034,0.07099352777004242,0.05763519927859306
16035,0.04895272105932236,0.0535876527428627
16036,0.07300745695829391,0.05550726503133774
16037,0.05894550308585167,0.044949110597372055
16038,0.058050598949193954,0.06345505267381668
16039,0.0682341530919075,0.0527573861181736
16040,0.05362851172685623,0.05942076817154884
16041,0.055385522544384,0.04920545965433121
16042,0.05433163791894913,0.043827228248119354
16043,0.033872950822114944,0.010381962172687054
16044,0.047143712639808655,0.04162595421075821
16045,0.04062981903553009,0.03679981455206871
16046,0.04313259571790695,0.0204280037432909
16047,0.032785866409540176,0.023533154278993607
16048,0.041259098798036575,0.03647911176085472
16049,0.050931625068187714,0.053699128329753876
16050,0.07126665860414505,0.05909182131290436
16051,0.07116331905126572,0.06492055952548981
16052,0.05415557697415352,0.04550665244460106
16053,0.04047155752778053,0.03692397102713585
16054,0.046181488782167435,0.034619491547346115
16055,0.04528341442346573,0.02940111979842186
16056,0.01621966063976288,0.004092129413038492
16057,0.0063004870899021626,2.6456766136107035e-05
16058,0.01033509150147438,0.01048055849969387
16059,0.02534463256597519,0.01913481019437313
16060,0.050232503563165665,0.03687848150730133
16061,0.05275336652994156,0.05038277804851532
16062,0.07251498103141785,0.05170464515686035
16063,0.032598674297332764,0.027432337403297424
16064,0.06320804357528687,0.0396406389772892
16065,0.03980519250035286,0.032271333038806915
16066,0.030378226190805435,0.018234044313430786
16067,0.030302146449685097,0.035183802247047424
16068,0.04702286049723625,0.04566743224859238
16069,0.0500544011592865,0.050243884325027466
16070,0.044566985219717026,0.038827553391456604
16071,0.03944559022784233,0.051760729402303696
16072,0.06465136259794235,0.05941404029726982
16073,0.06342381983995438,0.06099725514650345
16074,0.06857941299676895,0.05419505387544632
16075,0.07193707674741745,0.0605420358479023
16076,0.056638170033693314,0.05191173031926155
16077,0.044060319662094116,0.03632279112935066
16078,0.03610711544752121,0.042089853435754776
16079,0.037134505808353424,0.039761219173669815
16080,0.026104964315891266,0.01654304563999176
16081,0.025185147300362587,0.021005434915423393
16082,0.0288214311003685,0.01952299103140831
16083,0.020116537809371948,0.015964314341545105
16084,0.02457207627594471,0.025539835914969444
16085,0.03130849078297615,0.028930744156241417
16086,0.03865968436002731,0.035492490977048874
16087,0.05067560076713562,0.044194452464580536
16088,0.05125151202082634,0.040608227252960205
16089,0.05996885895729065,0.04420313611626625
16090,0.027224304154515266,0.023822227492928505
16091,0.040819402784109116,0.030081618577241898
16092,0.025200653821229935,0.022344840690493584
16093,0.06382112205028534,0.04783550277352333
16094,0.05014922097325325,0.048279955983161926
16095,0.03122875653207302,0.029976792633533478
16096,0.03837982565164566,0.03583788499236107
16097,0.05811239778995514,0.043971650302410126
16098,0.03670613467693329,0.03561340272426605
16099,0.05126526579260826,0.05603944510221481
16100,0.05009324103593826,0.041751209646463394
16101,0.05049201101064682,0.0511789545416832
16102,0.047594811767339706,0.03435377776622772
16103,0.043396610766649246,0.03937708958983421
16104,0.05224426090717316,0.04947201907634735
16105,0.04656938463449478,0.03229231387376785
16106,0.04769317805767059,0.032852571457624435
16107,0.034993480890989304,0.03548901155591011
16108,0.03682665526866913,0.04738759994506836
16109,0.049310024827718735,0.035092923790216446
16110,0.04245646297931671,0.040917929261922836
16111,0.04239022731781006,0.03945149853825569
16112,0.03988621011376381,0.04330827668309212
16113,0.06878390908241272,0.0648772194981575
16114,0.07651705294847488,0.07192245870828629
16115,0.06994182616472244,0.05573662742972374
16116,0.0521765872836113,0.03936077281832695
16117,0.07384693622589111,0.08046271651983261
16118,0.08534950017929077,0.0824841633439064
16119,0.06937424093484879,0.06741449236869812
16120,0.06303669512271881,0.053336527198553085
16121,0.06673126667737961,0.044263485819101334
16122,0.06296945363283157,0.052091334015131
16123,0.07039123773574829,0.05646774172782898
16124,0.0535038523375988,0.04808728024363518
16125,0.0493813082575798,0.03273013234138489
16126,0.04081903398036957,0.025674061849713326
16127,0.03917519748210907,0.03653446212410927
16128,0.041078101843595505,0.03385468199849129
16129,0.05495883524417877,0.05736146867275238
16130,0.06565268337726593,0.06032271683216095
16131,0.05803515017032623,0.04655860364437103
16132,0.02887622080743313,0.009061562828719616
16133,0.01146470382809639,-0.006095645483583212
16134,0.021398207172751427,0.018847467377781868
16135,0.032978832721710205,0.03861279785633087
16136,0.03983735665678978,0.048189036548137665
16137,0.07668431848287582,0.05751579627394676
16138,0.08041433990001678,0.0746602788567543
16139,0.07488620281219482,0.05461008474230766
16140,0.08410780131816864,0.07874368131160736
16141,0.040310874581336975,0.029519962146878242
16142,0.041855741292238235,0.031936466693878174
16143,0.03597823902964592,0.03481494262814522
16144,0.04173566773533821,0.022702714428305626
16145,0.012188264168798923,-0.002265554154291749
16146,0.03829837590456009,0.03984975069761276
16147,0.051673438400030136,0.054229654371738434
16148,0.04234819486737251,0.034376829862594604
16149,0.017817804589867592,0.018280433490872383
16150,0.026603637263178825,0.01646122895181179
16151,0.02952178381383419,0.019157396629452705
16152,0.03215411305427551,0.027989868074655533
16153,0.0342327356338501,0.023326797410845757
16154,0.03577996790409088,0.02746930904686451
16155,0.04010003060102463,0.043912820518016815
16156,0.06364815682172775,0.05469797924160957
16157,0.06978397071361542,0.07070749253034592
16158,0.05426587909460068,0.060747649520635605
16159,0.06288103014230728,0.0645681843161583
16160,0.0863584354519844,0.06768979132175446
16161,0.06745873391628265,0.04239899292588234
16162,0.02869904600083828,0.026892757043242455
16163,0.04377668723464012,0.04422072693705559
16164,0.04075976461172104,0.03693093731999397
16165,0.06145118176937103,0.05797116458415985
16166,0.0419723279774189,0.03371989354491234
16167,0.047818541526794434,0.043791066855192184
16168,0.06504746526479721,0.059117767959833145
16169,0.08461282402276993,0.06654155254364014
16170,0.08172953873872757,0.08159101009368896
16171,0.0837562307715416,0.06264703720808029
16172,0.05889992415904999,0.06253553181886673
16173,0.051850177347660065,0.04131900519132614
16174,0.05338139459490776,0.03979901224374771
16175,0.06025262549519539,0.053154852241277695
16176,0.0594109408557415,0.04635879397392273
16177,0.06493640691041946,0.04914294183254242
16178,0.046725500375032425,0.03630313649773598
16179,0.047166869044303894,0.05647125467658043
16180,0.04539282247424126,0.03852531686425209
16181,0.046248458325862885,0.0392751544713974
16182,0.044851962476968765,0.04230421036481857
16183,0.03789689019322395,0.0345393568277359
16184,0.03763303905725479,0.040968310087919235
16185,0.052025120705366135,0.05326816812157631
16186,0.03394279256463051,0.023469479754567146
16187,0.036941058933734894,0.03613992780447006
16188,0.04045932739973068,0.028764614835381508
16189,0.01902778632938862,0.019720394164323807
16190,0.042721569538116455,0.0347113311290741
16191,0.0393504835665226,0.03895602375268936
16192,0.04110553488135338,0.03715304657816887
16193,0.05794777348637581,0.034420207142829895
16194,0.03660912439227104,0.03234943374991417
16195,0.05493969842791557,0.0408162921667099
16196,0.05783415958285332,0.043813880532979965
16197,0.04861624911427498,0.05402608588337898
16198,0.05330625921487808,0.04798917472362518
16199,0.0507015660405159,0.04919414594769478
16200,0.06330204755067825,0.04680986329913139
16201,0.035627931356430054,0.021356090903282166
16202,0.04337562620639801,0.047352809458971024
16203,0.03970429301261902,0.040568314492702484
16204,0.047998588532209396,0.04128558188676834
16205,0.04091905802488327,0.03442462161183357
16206,0.02785114198923111,0.033476222306489944
16207,0.025431226938962936,0.013555919751524925
16208,0.030628768727183342,0.03403322398662567
16209,0.047784604132175446,0.02809150516986847
16210,0.05207562819123268,0.054025717079639435
16211,0.056963492184877396,0.041849710047245026
16212,0.06460180878639221,0.05485625937581062
16213,0.06456989794969559,0.06620194017887115
16214,0.07507124543190002,0.057254236191511154
16215,0.07982975244522095,0.0628637745976448
16216,0.043944671750068665,0.03381511569023132
16217,0.020493367686867714,0.00557400519028306
16218,0.023245831951498985,0.025225220248103142
16219,0.05194850638508797,0.05496850609779358
16220,0.04924371838569641,0.04618329927325249
16221,0.06451047956943512,0.05876845493912697
16222,0.05276058241724968,0.05324438959360123
16223,0.04392072930932045,0.04325408488512039
16224,0.049599774181842804,0.030994007363915443
16225,0.03090876154601574,0.028086621314287186
16226,0.0257258303463459,0.015488353557884693
16227,0.03326096758246422,0.023126179352402687
16228,0.04989086836576462,0.055706750601530075
16229,0.0714452788233757,0.07276757061481476
16230,0.0677538588643074,0.06605158746242523
16231,0.046785276383161545,0.030576085671782494
16232,0.021242456510663033,0.016314314678311348
16233,0.034991711378097534,0.033166997134685516
16234,0.028776369988918304,0.028566304594278336
16235,0.04122181981801987,0.029465747997164726
16236,0.04222269728779793,0.037894997745752335
16237,0.03328102454543114,0.026729345321655273
16238,0.04295686259865761,0.02304830588400364
16239,0.0322054959833622,0.03676639124751091
16240,0.04295115917921066,0.040821317583322525
16241,0.03465597704052925,0.033823832869529724
16242,0.035656675696372986,0.035741906613111496
16243,0.05789104104042053,0.0556759275496006
16244,0.06463158875703812,0.06508488208055496
16245,0.04814399033784866,0.04675418138504028
16246,0.06178625673055649,0.04220312088727951
16247,0.05431174859404564,0.054216884076595306
16248,0.04130341112613678,0.01654507964849472
16249,0.04607854038476944,0.03994729369878769
16250,0.048763878643512726,0.028403349220752716
16251,0.04826826974749565,0.03585926443338394
16252,0.04361840710043907,0.03414103761315346
16253,0.048201560974121094,0.046547748148441315
16254,0.04548869654536247,0.04220395162701607
16255,0.04434889927506447,0.0350089967250824
16256,0.04606052115559578,0.030040033161640167
16257,0.049578920006752014,0.045001231133937836
16258,0.03635546192526817,0.04660555720329285
16259,0.046937696635723114,0.042400017380714417
16260,0.05578738823533058,0.05312667787075043
16261,0.048003509640693665,0.03423847258090973
16262,0.04203449562191963,0.04144381731748581
16263,0.03704513981938362,0.02622993104159832
16264,0.05657302960753441,0.04232000559568405
16265,0.040819257497787476,0.05567023158073425
16266,0.05150425806641579,0.046146146953105927
16267,0.0674901157617569,0.06658222526311874
16268,0.08055698126554489,0.07655829936265945
16269,0.05768430233001709,0.05339953675866127
16270,0.06083167344331741,0.04964529722929001
16271,0.05659574642777443,0.059320587664842606
16272,0.06594967097043991,0.06525488942861557
16273,0.0666227638721466,0.05890808254480362
16274,0.06453794240951538,0.06623978167772293
16275,0.07120013236999512,0.06085730716586113
16276,0.04050520434975624,0.04072834178805351
16277,0.04798851162195206,0.04578225314617157
16278,0.035098444670438766,0.021286310628056526
16279,0.03965524956583977,0.03444557636976242
16280,0.016570502892136574,0.010383469983935356
16281,0.03718840703368187,0.04177933186292648
16282,0.05179964005947113,0.04888733848929405
16283,0.06847388297319412,0.06811600178480148
16284,0.06116968020796776,0.07170583307743073
16285,0.0745365172624588,0.06073208153247833
16286,0.06425568461418152,0.052018117159605026
16287,0.050273049622774124,0.056781478226184845
16288,0.0699508860707283,0.06637922674417496
16289,0.06807655096054077,0.052635736763477325
16290,0.05932621657848358,0.039768900722265244
16291,0.03779595345258713,0.028507625684142113
16292,0.06855644285678864,0.06045181676745415
16293,0.04945454001426697,0.0490373857319355
16294,0.05198661610484123,0.04893127828836441
16295,0.04746441915631294,0.041659943759441376
16296,0.0691760703921318,0.059390176087617874
16297,0.06930648535490036,0.07042722404003143
16298,0.05881955474615097,0.05675897374749184
16299,0.059781190007925034,0.05851411446928978
16300,0.06723977625370026,0.05110207572579384
16301,0.04342048242688179,0.04672202095389366
16302,0.02812931127846241,0.013902048580348492
16303,0.03968985378742218,0.03387179598212242
16304,0.061321601271629333,0.06300140917301178
16305,0.05413521081209183,0.04483972489833832
16306,0.055620428174734116,0.039733730256557465
16307,0.03618517890572548,0.0271762702614069
16308,0.027348561212420464,0.018297437578439713
16309,0.040668778121471405,0.03333963826298714
16310,0.027080461382865906,0.05358294025063515
16311,0.05369618535041809,0.046666331589221954
16312,0.0463600791990757,0.03672962635755539
16313,0.026020240038633347,0.01683783531188965
16314,0.02398313768208027,0.0182446651160717
16315,0.03830861672759056,0.030240695923566818
16316,0.046145617961883545,0.03478699177503586
16317,0.035024501383304596,0.028445854783058167
16318,0.051985349506139755,0.04947340115904808
16319,0.044838957488536835,0.05083022266626358
16320,0.06556816399097443,0.050273347645998
16321,0.033127933740615845,0.029906783252954483
16322,0.03162984549999237,0.025949764996767044
16323,0.029798122122883797,0.0191982202231884
16324,0.018419411033391953,0.02279309369623661
16325,0.051682427525520325,0.037641897797584534
16326,0.024374917149543762,0.036283086985349655
16327,0.0535113587975502,0.04542333260178566
16328,0.0433790422976017,0.036114487797021866
16329,0.050390761345624924,0.0549965463578701
16330,0.06525077670812607,0.055139921605587006
16331,0.06125161051750183,0.05759681388735771
16332,0.052869487553834915,0.039920538663864136
16333,0.0717460885643959,0.06581377238035202
16334,0.06553161144256592,0.05722029507160187
16335,0.0397346094250679,0.033083368092775345
16336,0.04016945883631706,0.027959177270531654
16337,0.04166421294212341,0.02434444986283779
16338,0.021174637600779533,0.03192799910902977
16339,0.04914790391921997,0.04142291843891144
16340,0.058236077427864075,0.05304272845387459
16341,0.06410592049360275,0.0648566409945488
16342,0.07323010265827179,0.057492051273584366
16343,0.07077521085739136,0.05506553128361702
16344,0.07366004586219788,0.0661650151014328
16345,0.0665985718369484,0.04756594076752663
16346,0.06027812883257866,0.033002231270074844
16347,0.03587958216667175,0.024012897163629532
16348,0.04887034744024277,0.03934828191995621
16349,0.05084798112511635,0.03649383410811424
16350,0.06440522521734238,0.05990752577781677
16351,0.05022244155406952,0.037844669073820114
16352,0.044250451028347015,0.025125999003648758
16353,0.017776180058717728,0.011236281134188175
16354,0.024196229875087738,0.011732466518878937
16355,0.03607133775949478,0.03294359892606735
16356,0.031053422018885612,0.028227638453245163
16357,0.04970680549740791,0.030502844601869583
16358,0.05550912022590637,0.041865501552820206
16359,0.037125639617443085,0.026711758226156235
16360,0.03646906092762947,0.03528393805027008
16361,0.039694178849458694,0.03447497636079788
16362,0.027750885114073753,0.030959317460656166
16363,0.05030215159058571,0.04867557808756828
16364,0.03374945744872093,0.026654236018657684
16365,0.02848084084689617,0.021868210285902023
16366,0.030531305819749832,0.02849995158612728
16367,0.043971188366413116,0.029200512915849686
16368,0.02380266971886158,0.012848957441747189
16369,0.03724922984838486,0.022952573373913765
16370,0.027162032201886177,0.02874966338276863
16371,0.03814566507935524,0.039365142583847046
16372,0.060898251831531525,0.05614480376243591
16373,0.04983869194984436,0.04780435934662819
16374,0.05023152753710747,0.04292625933885574
16375,0.04482654482126236,0.05144041031599045
16376,0.0795922800898552,0.06190953031182289
16377,0.047787800431251526,0.04445844516158104
16378,0.021028807386755943,0.019886234775185585
16379,0.035750504583120346,0.02267593704164028
16380,0.038115911185741425,0.03649149090051651
16381,0.04476632550358772,0.04917161911725998
16382,0.03239157795906067,0.02858651615679264
16383,0.047273293137550354,0.04242706671357155
16384,0.04956760257482529,0.05976284295320511
16385,0.07442068308591843,0.06727508455514908
16386,0.05959341302514076,0.06003269925713539
16387,0.04824297875165939,0.03412041440606117
16388,0.04012644290924072,0.040195103734731674
16389,0.05601068213582039,0.045804012566804886
16390,0.04229170083999634,0.03984968736767769
16391,0.06384995579719543,0.04921618103981018
16392,0.054012347012758255,0.0392337404191494
16393,0.06435244530439377,0.055338289588689804
16394,0.05912148952484131,0.03776543587446213
16395,0.03829994052648544,0.03308332711458206
16396,0.052172254770994186,0.06642953306436539
16397,0.054434534162282944,0.042951129376888275
16398,0.039701301604509354,0.02953825704753399
16399,0.02880152501165867,0.016746843233704567
16400,0.0527791865170002,0.030685901641845703
16401,0.037431780248880386,0.04149431362748146
16402,0.0651690661907196,0.0576859749853611
16403,0.06244657188653946,0.05103660747408867
16404,0.04683678224682808,0.03612271323800087
16405,0.04946248605847359,0.024638736620545387
16406,0.056750811636447906,0.03891802206635475
16407,0.05389650911092758,0.03890256956219673
16408,0.04802503064274788,0.03863731026649475
16409,0.047592807561159134,0.049557849764823914
16410,0.057071369141340256,0.056760936975479126
16411,0.04505966976284981,0.04967110604047775
16412,0.057169850915670395,0.02788834273815155
16413,0.029862679541110992,0.023594951257109642
16414,0.048098959028720856,0.04213928431272507
16415,0.0489705428481102,0.03709215298295021
16416,0.05883161723613739,0.04360838234424591
16417,0.04514460638165474,0.03576592355966568
16418,0.04242955520749092,0.026612624526023865
16419,0.038415491580963135,0.024648606777191162
16420,0.038217514753341675,0.02904610149562359
16421,0.060143496841192245,0.05546009540557861
16422,0.05005040392279625,0.040617331862449646
16423,0.040354613214731216,0.04435498267412186
16424,0.05326736718416214,0.04533254727721214
16425,0.051830656826496124,0.053373783826828
16426,0.058066919445991516,0.04441041871905327
16427,0.044093769043684006,0.029836365953087807
16428,0.04346693679690361,0.04502414911985397
16429,0.0479290634393692,0.033604562282562256
16430,0.04557965695858002,0.04106557369232178
16431,0.04827563464641571,0.0312805138528347
16432,0.08394654095172882,0.07339329272508621
16433,0.0786893293261528,0.08164369314908981
16434,0.05971960350871086,0.06127525866031647
16435,0.0759737491607666,0.05957677215337753
16436,0.07686115801334381,0.08400698751211166
16437,0.05844287946820259,0.04414942115545273
16438,0.06580133736133575,0.050128061324357986
16439,0.07354147732257843,0.0627240240573883
16440,0.07458752393722534,0.06593335419893265
16441,0.07809371501207352,0.07990726083517075
16442,0.06755535304546356,0.060852162539958954
16443,0.048053331673145294,0.04957055300474167
16444,0.06003288924694061,0.05867547541856766
16445,0.060798004269599915,0.04876990243792534
16446,0.06990956515073776,0.06571457535028458
16447,0.05743669718503952,0.050618626177310944
16448,0.05211244523525238,0.046855729073286057
16449,0.03766557201743126,0.02346309833228588
16450,0.029629986733198166,0.006475330330431461
16451,0.010582229122519493,0.0047951857559382915
16452,0.027383629232645035,0.022176498547196388
16453,0.05085047706961632,0.04873078688979149
16454,0.05656205117702484,0.04991794377565384
16455,0.04208395257592201,0.04476896673440933
16456,0.03668297827243805,0.031043730676174164
16457,0.04131186008453369,0.040394607931375504
16458,0.04101819917559624,0.042605046182870865
16459,0.048526108264923096,0.04258207976818085
16460,0.04253646358847618,0.04356211796402931
16461,0.05372786521911621,0.04328754171729088
16462,0.05405361205339432,0.06213335320353508
16463,0.05049700662493706,0.04970838874578476
16464,0.07591277360916138,0.0698358565568924
16465,0.06258979439735413,0.05155154690146446
16466,0.050542719662189484,0.05195876210927963
16467,0.06519695371389389,0.057620491832494736
16468,0.06380518525838852,0.05734391137957573
16469,0.06085427105426788,0.04829096421599388
16470,0.03976188600063324,0.029438398778438568
16471,0.043679382652044296,0.03624086454510689
16472,0.0212606992572546,0.014018748886883259
16473,0.016053875908255577,0.005498343147337437
16474,0.023642806336283684,0.03164684399962425
16475,0.02488374523818493,0.02844066359102726
16476,0.021213166415691376,0.021507859230041504
16477,0.030530273914337158,0.019388020038604736
16478,0.03686625510454178,0.03468162193894386
16479,0.04206886887550354,0.02697068266570568
16480,0.03114212676882744,0.03177477791905403
16481,0.02907795086503029,0.022995561361312866
16482,0.04458947107195854,0.04723474755883217
16483,0.059529662132263184,0.04814600571990013
16484,0.04780418798327446,0.04492505267262459
16485,0.052185770124197006,0.039904624223709106
16486,0.04619156941771507,0.0424780547618866
16487,0.061475969851017,0.050953928381204605
16488,0.023833975195884705,0.012887018732726574
16489,0.03441344574093819,0.0221859123557806
16490,0.04552803933620453,0.03016803413629532
16491,0.05257152020931244,0.05547872930765152
16492,0.052959900349378586,0.03208262100815773
16493,0.04365767166018486,0.034427184611558914
16494,0.014840733259916306,0.004547754302620888
16495,0.009573510847985744,0.008711160160601139
16496,0.039497144520282745,0.04380097612738609
16497,0.04331588372588158,0.05371027812361717
16498,0.06787793338298798,0.04720617085695267
16499,0.05468510091304779,0.04447025805711746
16500,0.051148612052202225,0.057672999799251556
16501,0.07023775577545166,0.047989849001169205
16502,0.028475217521190643,0.035055942833423615
16503,0.05192627012729645,0.04549935832619667
16504,0.05898633226752281,0.052462007850408554
16505,0.046607181429862976,0.04508982226252556
16506,0.05763969197869301,0.04600698873400688
16507,0.06072317808866501,0.05363823100924492
16508,0.028962818905711174,0.017244670540094376
16509,0.01787716895341873,0.020972836762666702
16510,0.037674855440855026,0.02571669965982437
16511,0.027362847700715065,0.03417600691318512
16512,0.049392856657505035,0.05431973189115524
16513,0.04363183677196503,0.03430783748626709
16514,0.040960799902677536,0.04248441383242607
16515,0.03827344626188278,0.026417091488838196
16516,0.04470289126038551,0.02464272454380989
16517,0.02910028025507927,0.020038779824972153
16518,0.03722308203577995,0.030101876705884933
16519,0.03044707141816616,0.028148729354143143
16520,0.023651111871004105,0.017981670796871185
16521,0.03331313654780388,0.02724354900419712
16522,0.032805945724248886,0.04029533267021179
16523,0.04795760288834572,0.050498515367507935
16524,0.06822609156370163,0.05121956765651703
16525,0.06752686947584152,0.059890419244766235
16526,0.05979785695672035,0.042811259627342224
16527,0.048352714627981186,0.031134292483329773
16528,0.044187381863594055,0.027553385123610497
16529,0.05509763956069946,0.06284769624471664
16530,0.07585115730762482,0.060430269688367844
16531,0.06409159302711487,0.04114824905991554
16532,0.06062950938940048,0.0516386553645134
16533,0.06778689473867416,0.04582821950316429
16534,0.04457442834973335,0.03154131770133972
16535,0.03316975012421608,0.019744278863072395
16536,0.026984840631484985,0.017622996121644974
16537,0.036935821175575256,0.039836034178733826
16538,0.0528506375849247,0.042520228773355484
16539,0.03553337976336479,0.03199002891778946
16540,0.048131901770830154,0.041337937116622925
16541,0.038750678300857544,0.0395626462996006
16542,0.084425188601017,0.07773113995790482
16543,0.06631501764059067,0.043727807700634
16544,0.0450109988451004,0.030439332127571106
16545,0.01680140011012554,0.012846200726926327
16546,0.001290338346734643,-0.000205587362870574
16547,0.007171520497649908,0.013290932402014732
16548,0.019072413444519043,0.01407663058489561
16549,0.02150503545999527,0.02108697034418583
16550,0.05634235218167305,0.04732580855488777
16551,0.05018448084592819,0.06157693266868591
16552,0.0652560219168663,0.05744875222444534
16553,0.0573175884783268,0.05171601101756096
16554,0.048815324902534485,0.04009183496236801
16555,0.04039405286312103,0.030129449442029
16556,0.04012404754757881,0.03670112043619156
16557,0.05090548098087311,0.03852254897356033
16558,0.03899609297513962,0.015591831877827644
16559,0.04898308590054512,0.06079639494419098
16560,0.051713909953832626,0.03509701415896416
16561,0.02750282548367977,0.019367098808288574
16562,0.042536716908216476,0.0486622117459774
16563,0.047557979822158813,0.028263580054044724
16564,0.04441051930189133,0.04045041278004646
16565,0.04234818369150162,0.03853723779320717
16566,0.03649033606052399,0.03523322194814682
16567,0.03860089182853699,0.032975129783153534
16568,0.03843510150909424,0.03558476269245148
16569,0.03816242888569832,0.05584554374217987
16570,0.06113370135426521,0.052951619029045105
16571,0.05515876039862633,0.056673500686883926
16572,0.06849586963653564,0.05002928525209427
16573,0.035372622311115265,0.0317019447684288
16574,0.04344647377729416,0.042675986886024475
16575,0.02817799150943756,0.021770033985376358
16576,0.029562782496213913,0.019381646066904068
16577,0.05342455580830574,0.05848431587219238
16578,0.07575211673974991,0.06326162070035934
16579,0.09437419474124908,0.08569983392953873
16580,0.07270374894142151,0.07412588596343994
16581,0.051918841898441315,0.04073956981301308
16582,0.05140915885567665,0.03224492445588112
16583,0.05664137378334999,0.04253267124295235
16584,0.056458741426467896,0.03937782347202301
16585,0.04347009211778641,0.03504166752099991
16586,0.03346601501107216,0.01996742933988571
16587,0.011903678998351097,0.010736743919551373
16588,0.02504984475672245,0.010716426186263561
16589,0.024067960679531097,0.026025664061307907
16590,0.049221619963645935,0.049405865371227264
16591,0.05599780008196831,0.06251758337020874
16592,0.06918006390333176,0.06291984766721725
16593,0.06041184812784195,0.047385748475790024
16594,0.03136290982365608,0.025784112513065338
16595,0.05490706115961075,0.048561856150627136
16596,0.0575392059981823,0.053835898637771606
16597,0.03433350846171379,0.03536437824368477
16598,0.04264739155769348,0.038182418793439865
16599,0.0480407252907753,0.02891651727259159
16600,0.018185904249548912,0.026727447286248207
16601,0.04810497164726257,0.031204700469970703
16602,0.06310725957155228,0.0615340955555439
16603,0.04188426211476326,0.04072616249322891
16604,0.05212650075554848,0.04626694694161415
16605,0.046327147632837296,0.05181768536567688
16606,0.06973369419574738,0.06046357378363609
16607,0.0486697293817997,0.05962467938661575
16608,0.06184406578540802,0.04530836641788483
16609,0.030623339116573334,0.031261712312698364
16610,0.04914647713303566,0.039666011929512024
16611,0.03623417764902115,0.03238241374492645
16612,0.05378759279847145,0.04355887696146965
16613,0.051095250993967056,0.04837671294808388
16614,0.06438443064689636,0.056639205664396286
16615,0.03622493892908096,0.03002474270761013
16616,0.05770079791545868,0.061057742685079575
16617,0.07104696333408356,0.06152987852692604
16618,0.08999380469322205,0.06254803389310837
16619,0.0592849925160408,0.045195672661066055
16620,0.044963765889406204,0.031130485236644745
16621,0.04224582388997078,0.030383387580513954
16622,0.043668199330568314,0.03487292304635048
16623,0.02714802511036396,0.025355035439133644
16624,0.0425124429166317,0.01955515332520008
16625,0.023029275238513947,0.025969745591282845
16626,0.03642662242054939,0.03378145024180412
16627,0.04568959400057793,0.040966425091028214
16628,0.048227425664663315,0.03785998001694679
16629,0.04556697607040405,0.03256858140230179
16630,0.05124516412615776,0.026386233046650887
16631,0.026583796367049217,0.029941288754343987
16632,0.04313706234097481,0.020985879004001617
16633,0.046926818788051605,0.04352646693587303
16634,0.053882498294115067,0.04398268088698387
16635,0.06355411559343338,0.05547500029206276
16636,0.08333193510770798,0.055372316390275955
16637,0.032123371958732605,0.01916790008544922
16638,0.0437135212123394,0.04033595696091652
16639,0.05061575397849083,0.04155777022242546
16640,0.049977634102106094,0.03725175932049751
16641,0.05891575291752815,0.05537521094083786
16642,0.06140010803937912,0.06281957775354385
16643,0.06816578656435013,0.05765310302376747
16644,0.042855940759181976,0.030524173751473427
16645,0.035871490836143494,0.025639697909355164
16646,0.014832906424999237,0.014536579139530659
16647,0.005372938700020313,0.009633105248212814
16648,0.03785143420100212,0.028035735711455345
16649,0.023152226582169533,0.011132978834211826
16650,0.029040800407528877,0.029286831617355347
16651,0.052383724600076675,0.051011454313993454
16652,0.0574682243168354,0.04178760200738907
16653,0.0526808425784111,0.059745244681835175
16654,0.07010233402252197,0.06627879291772842
16655,0.062003158032894135,0.048493385314941406
16656,0.05341492220759392,0.04607059806585312
16657,0.0464269295334816,0.03521067649126053
16658,0.021133897826075554,0.021566564217209816
16659,0.0310986191034317,0.018255988135933876
16660,0.013810776174068451,0.02886822633445263
16661,0.06184445321559906,0.042956139892339706
16662,0.054211243987083435,0.04977843910455704
16663,0.06700778752565384,0.06399102509021759
16664,0.05918552726507187,0.040760330855846405
16665,0.041099097579717636,0.03703509643673897
16666,0.047832924872636795,0.04946134611964226
16667,0.061040569096803665,0.0429077222943306
16668,0.042117904871702194,0.028798416256904602
16669,0.03291061893105507,0.026774898171424866
16670,0.03290089592337608,0.020403889939188957
16671,0.03287544101476669,0.0317729152739048
16672,0.05210603401064873,0.057624634355306625
16673,0.05498778447508812,0.04024580121040344
16674,0.0400264747440815,0.034659914672374725
16675,0.023571355268359184,0.008191656321287155
16676,0.03225032240152359,0.023985782638192177
16677,0.03717076778411865,0.04014971852302551
16678,0.05727164447307587,0.06087666004896164
16679,0.05855992063879967,0.0476483479142189
16680,0.04808010533452034,0.047601163387298584
16681,0.03488411754369736,0.03692684695124626
16682,0.046524737030267715,0.038989510387182236
16683,0.04645124077796936,0.03237510472536087
16684,0.04114478453993797,0.04229196161031723
16685,0.05588413029909134,0.04393238201737404
16686,0.03195854276418686,0.01913396269083023
16687,0.04123992100358009,0.037858933210372925
16688,0.0642741248011589,0.052432622760534286
16689,0.04624347388744354,0.03190665319561958
16690,0.03673175349831581,0.04105124622583389
16691,0.043118834495544434,0.03743530437350273
16692,0.041646525263786316,0.036780208349227905
16693,0.04572751000523567,0.04499002918601036
16694,0.04191729426383972,0.05068127065896988
16695,0.06113334745168686,0.054050032049417496
16696,0.04148748517036438,0.034670524299144745
16697,0.033445436507463455,0.007970239035785198
16698,0.016049610450863838,0.007889140397310257
16699,0.025084251537919044,0.0326964408159256
16700,0.04581385478377342,0.04189680144190788
16701,0.05035834386944771,0.051886916160583496
16702,0.04804864898324013,0.029280424118041992
16703,0.0367695577442646,0.014035051688551903
16704,0.02170463278889656,0.00970613956451416
16705,0.013280048966407776,0.02083224058151245
16706,0.03950396925210953,0.04274388775229454
16707,0.035611238330602646,0.03000466525554657
16708,0.04251853749155998,0.0351753905415535
16709,0.03461645916104317,0.0350053645670414
16710,0.05501657351851463,0.03432336449623108
16711,0.052558060735464096,0.05287541076540947
16712,0.062483806163072586,0.05160687491297722
16713,0.06078406050801277,0.05888789892196655
16714,0.061054766178131104,0.04757887125015259
16715,0.0535067543387413,0.049249887466430664
16716,0.07711733877658844,0.06589372456073761
16717,0.0582008883357048,0.052774906158447266
16718,0.05060044303536415,0.04705489054322243
16719,0.04275064170360565,0.04928024113178253
16720,0.05989936739206314,0.05397062748670578
16721,0.06395705044269562,0.03624969348311424
16722,0.0212287325412035,0.00933130457997322
16723,0.037698086351156235,0.03582391515374184
16724,0.053269390016794205,0.05137128755450249
16725,0.06124697998166084,0.052056070417165756
16726,0.05387752130627632,0.0459570474922657
16727,0.06100650131702423,0.044286783784627914
16728,0.06784854829311371,0.05226593837141991
16729,0.04989731311798096,0.03972259908914566
16730,0.0096021369099617,0.013746905140578747
16731,0.01311028003692627,0.009957409463822842
16732,0.02470274083316326,0.03154595196247101
16733,0.04793757572770119,0.05037592351436615
16734,0.040710460394620895,0.03825794532895088
16735,0.053810879588127136,0.04509001597762108
16736,0.031236745417118073,0.02911394275724888
16737,0.036974284797906876,0.03374839201569557
16738,0.027641823515295982,0.028000682592391968
16739,0.02167871594429016,0.00984091218560934
16740,0.02905839867889881,0.011307775042951107
16741,0.025809047743678093,0.02870720438659191
16742,0.03546126186847687,0.02127964235842228
16743,0.034545764327049255,0.026785973459482193
16744,0.02581866830587387,0.026498036459088326
16745,0.03970920667052269,0.034316107630729675
16746,0.05424400418996811,0.04966622218489647
16747,0.04078109934926033,0.03962268680334091
16748,0.05683651193976402,0.054318368434906006
16749,0.060823678970336914,0.05208365246653557
16750,0.06806435436010361,0.05056428909301758
16751,0.05642057582736015,0.04955640062689781
16752,0.045086294412612915,0.03673616424202919
16753,0.04038005694746971,0.03104529343545437
16754,0.043304961174726486,0.03651341423392296
16755,0.051465198397636414,0.03686976432800293
16756,0.015015891753137112,0.013231510296463966
16757,0.007423546630889177,0.00925089605152607
16758,0.017749540507793427,0.021213844418525696
16759,0.03713024780154228,0.04048152267932892
16760,0.06083425506949425,0.06041286885738373
16761,0.06689760833978653,0.0419197715818882
16762,0.03770631551742554,0.024700576439499855
16763,0.028618359938263893,0.030604546889662743
16764,0.03607293590903282,0.0276056919246912
16765,0.03556133061647415,0.033033572137355804
16766,0.05496390163898468,0.04283377528190613
16767,0.06223928555846214,0.05341191217303276
16768,0.054322633892297745,0.05910588800907135
16769,0.08854757249355316,0.05858645215630531
16770,0.07392710447311401,0.05499916523694992
16771,0.07015042006969452,0.05897824838757515
16772,0.054060012102127075,0.0681319460272789
16773,0.06550981849431992,0.046839192509651184
16774,0.04743706062436104,0.049683865159749985
16775,0.0626579150557518,0.049894094467163086
16776,0.0585339181125164,0.05096368119120598
16777,0.0373140387237072,0.030861252918839455
16778,0.027980061247944832,0.0349075049161911
16779,0.06245601922273636,0.040794480592012405
16780,0.044141821563243866,0.030502747744321823
16781,0.04223528131842613,0.03519980609416962
16782,0.05296342819929123,0.046944696456193924
16783,0.020568907260894775,0.018532108515501022
16784,0.03088342398405075,0.021254925057291985
16785,0.02332255244255066,0.02206289954483509
16786,0.011488747783005238,0.010260237380862236
16787,0.030423160642385483,0.03145015984773636
16788,0.044624049216508865,0.0310321394354105
16789,0.05880606174468994,0.04277137666940689
16790,0.04649168625473976,0.024814002215862274
16791,0.041443828493356705,0.035412754863500595
16792,0.04991764947772026,0.03919642046093941
16793,0.040439505130052567,0.021583430469036102
16794,0.020654868334531784,0.025060109794139862
16795,0.030445946380496025,0.03465404734015465
16796,0.052843090146780014,0.05656590312719345
16797,0.06714201718568802,0.05268722027540207
16798,0.05497832968831062,0.033606018871068954
16799,0.05589376017451286,0.04570707306265831
16800,0.055775199085474014,0.051806624978780746
16801,0.07136894762516022,0.06152385100722313
16802,0.055821530520915985,0.04283228516578674
16803,0.06302741914987564,0.06617201119661331
16804,0.05480575934052467,0.042266178876161575
16805,0.0401301346719265,0.029257534071803093
16806,0.020584721118211746,0.0038258375134319067
16807,-0.005413284990936518,-0.001576287904754281
16808,0.0012041798327118158,-0.0009357724338769913
16809,0.027318302541971207,0.027035245671868324
16810,0.04521708935499191,0.026650823652744293
16811,0.04250496253371239,0.04511883109807968
16812,0.04479121044278145,0.030491048470139503
16813,0.06167501211166382,0.059680696576833725
16814,0.055745337158441544,0.059486258774995804
16815,0.05887546390295029,0.05187581852078438
16816,0.05851214751601219,0.05250970274209976
16817,0.052912477403879166,0.05762607976794243
16818,0.052305735647678375,0.044805724173784256
16819,0.06128106638789177,0.04702764376997948
16820,0.06567487120628357,0.05597997084259987
16821,0.05838387459516525,0.04235464334487915
16822,0.02924308553338051,0.04834478348493576
16823,0.06140800565481186,0.0494157150387764
16824,0.056135017424821854,0.06490951031446457
16825,0.03920833766460419,0.02397945150732994
16826,0.04217346012592316,0.026855096220970154
16827,0.05081303417682648,0.03644288703799248
16828,0.03152991458773613,0.03333285450935364
16829,0.04326250031590462,0.03785053640604019
16830,0.052147090435028076,0.050605785101652145
16831,0.03275126591324806,0.029763558879494667
16832,0.03656882792711258,0.01945704221725464
16833,0.031340718269348145,0.020286299288272858
16834,0.01909879595041275,0.02938438020646572
16835,0.04235714301466942,0.03406437486410141
16836,0.06378450989723206,0.043580085039138794
16837,0.042398594319820404,0.04377119615674019
16838,0.03994935378432274,0.02467408962547779
16839,0.030856093391776085,0.023425821214914322
16840,0.04468506574630737,0.0415399931371212
16841,0.0457465685904026,0.03186635673046112
16842,0.06604960560798645,0.055023785680532455
16843,0.056586481630802155,0.04860770329833031
16844,0.05600365251302719,0.04588431119918823
16845,0.06315281987190247,0.05245524272322655
16846,0.061614591628313065,0.039946455508470535
16847,0.0488530732691288,0.03742082044482231
16848,0.027605876326560974,0.03514186665415764
16849,0.06015648692846298,0.059374839067459106
16850,0.04397596791386604,0.043530724942684174
16851,0.053321272134780884,0.044979844242334366
16852,0.06985942274332047,0.04933803901076317
16853,0.038190264254808426,0.03437723219394684
16854,0.029636021703481674,0.021078042685985565
16855,0.021640731021761894,0.01680302433669567
16856,0.031596895307302475,0.049597326666116714
16857,0.06214166432619095,0.04902626946568489
16858,0.03791383281350136,0.0335070863366127
16859,0.04433687776327133,0.04650796577334404
16860,0.033997196704149246,0.016007734462618828
16861,0.036120980978012085,0.0298733152449131
16862,0.026675742119550705,0.010260239243507385
16863,0.026825182139873505,0.025029826909303665
16864,0.03177175670862198,0.021686039865016937
16865,0.04209819436073303,0.04694123566150665
16866,0.049057263880968094,0.03675612062215805
16867,0.053397037088871,0.0522264689207077
16868,0.04501783475279808,0.024968400597572327
16869,0.029118452221155167,0.024806145578622818
16870,0.028433678671717644,0.03265560045838356
16871,0.046407636255025864,0.053172193467617035
16872,0.0371885672211647,0.050049737095832825
16873,0.040078263729810715,0.03765413910150528
16874,0.038916926831007004,0.02831416390836239
16875,0.019168373197317123,0.009725959040224552
16876,0.029094034805893898,0.014468850567936897
16877,0.03737235814332962,0.04901449382305145
16878,0.07467121630907059,0.060522496700286865
16879,0.06620300561189651,0.06345249712467194
16880,0.06121768802404404,0.05491022393107414
16881,0.05431737005710602,0.047015801072120667
16882,0.06151682883501053,0.052332554012537
16883,0.0480213463306427,0.0345902219414711
16884,0.043338775634765625,0.0392046794295311
16885,0.031895264983177185,0.018246449530124664
16886,0.03758518025279045,0.018304206430912018
16887,0.02571209706366062,0.03563161939382553
16888,0.06587999314069748,0.07128873467445374
16889,0.06696253269910812,0.05747902765870094
16890,0.04836669936776161,0.03556342422962189
16891,0.05310935899615288,0.039929039776325226
16892,0.04357542842626572,0.03647490218281746
16893,0.05272647365927696,0.05398089811205864
16894,0.06218433380126953,0.06732317805290222
16895,0.06650923937559128,0.05316183343529701
16896,0.06006738916039467,0.05118606984615326
16897,0.04997098445892334,0.05271530896425247
16898,0.07353512942790985,0.06620707362890244
16899,0.06128745526075363,0.06425822526216507
16900,0.07852940261363983,0.07362665981054306
16901,0.07492175698280334,0.07023005932569504
16902,0.06808795779943466,0.05577464401721954
16903,0.057487644255161285,0.045288823544979095
16904,0.04985601827502251,0.04868711903691292
16905,0.0633445605635643,0.04531766474246979
16906,0.06620541960000992,0.05372035875916481
16907,0.05319737270474434,0.04932068660855293
16908,0.062203213572502136,0.05662640556693077
16909,0.054499950259923935,0.046782106161117554
16910,0.049216240644454956,0.048022810369729996
16911,0.043311670422554016,0.05415637418627739
16912,0.047023504972457886,0.046164996922016144
16913,0.06734713912010193,0.06512978672981262
16914,0.04689881578087807,0.03235568106174469
16915,0.03155624866485596,0.039294760674238205
16916,0.037393298000097275,0.030688229948282242
16917,0.03051871806383133,0.04138265550136566
16918,0.030465271323919296,0.03125310316681862
16919,0.055132582783699036,0.048257216811180115
16920,0.04996124655008316,0.04677481949329376
16921,0.05494147539138794,0.04194100946187973
16922,0.04143994674086571,0.031031392514705658
16923,0.04353884607553482,0.026380065828561783
16924,0.027983803302049637,0.03486688807606697
16925,0.051639486104249954,0.05082640424370766
16926,0.061144884675741196,0.05803672596812248
16927,0.06230006739497185,0.048752401024103165
16928,0.0445975735783577,0.03676066920161247
16929,0.039458267390728,0.023668676614761353
16930,0.03141619637608528,0.03291730582714081
16931,0.04217078164219856,0.04734894260764122
16932,0.05378785729408264,0.04087956249713898
16933,0.04916103556752205,0.047018326818943024
16934,0.02287985011935234,0.02915644831955433
16935,0.057223740965127945,0.054907768964767456
16936,0.06394749879837036,0.061554525047540665
16937,0.06994946300983429,0.049973174929618835
16938,0.0466194823384285,0.03548786789178848
16939,0.02456694468855858,0.030958188697695732
16940,0.03411949798464775,0.029661180451512337
16941,0.02089405618607998,0.020035894587635994
16942,0.05670482665300369,0.0412285290658474
16943,0.055662672966718674,0.047879140824079514
16944,0.06379615515470505,0.05028148368000984
16945,0.048307087272405624,0.04815395921468735
16946,0.06564661860466003,0.05208048224449158
16947,0.07541469484567642,0.06249309331178665
16948,0.060634102672338486,0.059695128351449966
16949,0.04073893651366234,0.028021888807415962
16950,0.023573635146021843,0.015935149043798447
16951,0.008317867293953896,0.01872844621539116
16952,0.04252759367227554,0.02039109356701374
16953,0.04884495213627815,0.04291418939828873
16954,0.03738709166646004,0.02173273079097271
16955,0.03075023554265499,0.02258775755763054
16956,0.048686809837818146,0.05506860464811325
16957,0.036357734352350235,0.027906030416488647
16958,0.037377338856458664,0.03837927058339119
16959,0.054728876799345016,0.055269043892621994
16960,0.06357470154762268,0.05617206171154976
16961,0.04955965280532837,0.03317530080676079
16962,0.03796503320336342,0.027710597962141037
16963,0.04525609314441681,0.04221980273723602
16964,0.06089276820421219,0.04849287495017052
16965,0.03642313554883003,0.03124622255563736
16966,0.0553203783929348,0.05315825715661049
16967,0.06045009568333626,0.045723557472229004
16968,0.054577939212322235,0.05282715708017349
16969,0.0597589910030365,0.03172151371836662
16970,0.04665977507829666,0.05161959305405617
16971,0.06268277019262314,0.04323570430278778
16972,0.04601657763123512,0.03998688980937004
16973,0.03441740572452545,0.029077894985675812
16974,0.04163789749145508,0.032235171645879745
16975,0.05560056492686272,0.048674747347831726
16976,0.04979493468999863,0.0606403611600399
16977,0.07498247176408768,0.049320004880428314
16978,0.04672969505190849,0.0357174426317215
16979,0.04082200303673744,0.03832019120454788
16980,0.04392613470554352,0.023872533813118935
16981,0.04736972972750664,0.0417727492749691
16982,0.048726923763751984,0.047662604600191116
16983,0.04175824671983719,0.047653961926698685
16984,0.06163642182946205,0.041285354644060135
16985,0.04791495203971863,0.04307381808757782
16986,0.06510145217180252,0.05138476565480232
16987,0.04680507630109787,0.04917742684483528
16988,0.06307181715965271,0.06033952906727791
16989,0.07539708912372589,0.0722036361694336
16990,0.06039407476782799,0.05487621948122978
16991,0.06464918702840805,0.05650782585144043
16992,0.0799170508980751,0.06976982951164246
16993,0.07392218708992004,0.0711899921298027
16994,0.06486217677593231,0.06210834160447121
16995,0.028624583035707474,0.023020673543214798
16996,0.03798161447048187,0.03772513568401337
16997,0.04800756275653839,0.02826463058590889
16998,0.02723623998463154,0.020346563309431076
16999,0.035293951630592346,0.03539460152387619
17000,0.044255875051021576,0.03760702162981033
17001,0.047588981688022614,0.04629536345601082
17002,0.0346960611641407,0.02683473750948906
17003,0.05504757910966873,0.052757974714040756
17004,0.04853256046772003,0.04578781500458717
17005,0.054413534700870514,0.05021587014198303
17006,0.06304562836885452,0.06955846399068832
17007,0.06240394338965416,0.051803529262542725
17008,0.07116813212633133,0.06629358232021332
17009,0.061400800943374634,0.050658728927373886
17010,0.06386293470859528,0.05715648829936981
17011,0.07048110663890839,0.06257668137550354
17012,0.04008505120873451,0.030505813658237457
17013,0.04875925928354263,0.04876653850078583
17014,0.04547052085399628,0.04192657023668289
17015,0.03711851313710213,0.04329518973827362
17016,0.06385535001754761,0.05299447476863861
17017,0.044288963079452515,0.03451266512274742
17018,0.05427597835659981,0.037534818053245544
17019,0.05595198646187782,0.05724643915891647
17020,0.0706552118062973,0.06049920618534088
17021,0.07307936996221542,0.06009022146463394
17022,0.0785352885723114,0.07439114898443222
17023,0.07450652867555618,0.06147557124495506
17024,0.07646514475345612,0.06680499762296677
17025,0.08656100928783417,0.07400260865688324
17026,0.08767932653427124,0.07980513572692871
17027,0.08891050517559052,0.07961833477020264
17028,0.06312694400548935,0.034473177045583725
17029,0.02497486025094986,0.011291769333183765
17030,0.015531554818153381,0.03709647059440613
17031,0.021608179435133934,0.016154464334249496
17032,0.03505309298634529,0.028174394741654396
17033,0.029174532741308212,0.04577912017703056
17034,0.04547350853681564,0.04431513324379921
17035,0.057400524616241455,0.048418737947940826
17036,0.06794760376214981,0.06320063024759293
17037,0.05213890224695206,0.03207412734627724
17038,0.04469498246908188,0.03608395531773567
17039,0.04139932990074158,0.0339343287050724
17040,0.03079860284924507,0.02519196830689907
17041,0.025944320484995842,0.03114960342645645
17042,0.025633417069911957,0.014537042006850243
17043,0.04873977601528168,0.048295941203832626
17044,0.04544343426823616,0.026401814073324203
17045,0.019006304442882538,0.020921293646097183
17046,0.03385593369603157,0.0327640138566494
17047,0.04066290706396103,0.037269264459609985
17048,0.07069560885429382,0.04795113205909729
17049,0.061056602746248245,0.06858237832784653
17050,0.06700032204389572,0.041880425065755844
17051,0.03802494332194328,0.022711770609021187
17052,0.04783524572849274,0.052607886493206024
17053,0.061582837253808975,0.057926807552576065
17054,0.06509874761104584,0.053608473390340805
17055,0.06060190871357918,0.04885183647274971
17056,0.06253184378147125,0.05183626338839531
17057,0.06962503492832184,0.06960997730493546
17058,0.049188774079084396,0.05960598587989807
17059,0.07174374908208847,0.04985121637582779
17060,0.0591098852455616,0.05815616622567177
17061,0.07618720084428787,0.05837969854474068
17062,0.0733192190527916,0.06625388562679291
17063,0.0564519427716732,0.05017764866352081
17064,0.05173833668231964,0.042583487927913666
17065,0.06927589327096939,0.05629189684987068
17066,0.050715427845716476,0.03692904859781265
17067,0.046775851398706436,0.02695556916296482
17068,0.03238166496157646,0.026878658682107925
17069,0.025669647380709648,0.014024029485881329
17070,0.03553692623972893,0.04124413803219795
17071,0.05823111906647682,0.05027244985103607
17072,0.029021745547652245,0.015905912965536118
17073,0.030332904309034348,0.03338031470775604
17074,0.040133699774742126,0.03866751492023468
17075,0.05621140077710152,0.045343656092882156
17076,0.05721961706876755,0.05073695629835129
17077,0.05933423340320587,0.05096042528748512
17078,0.07015757262706757,0.07412154972553253
17079,0.06756935268640518,0.058008965104818344
17080,0.05380084365606308,0.03787490352988243
17081,0.04229750111699104,0.03236383944749832
17082,0.06090346351265907,0.05875285342335701
17083,0.0641055628657341,0.04957736283540726
17084,0.036650486290454865,0.023392099887132645
17085,0.044318124651908875,0.04163946211338043
17086,0.029777321964502335,0.02567037008702755
17087,0.028515297919511795,0.021255536004900932
17088,0.021341877058148384,0.04085635021328926
17089,0.03388252481818199,0.03537881001830101
17090,0.0349978506565094,0.023688320070505142
17091,0.05254121869802475,0.05425642058253288
17092,0.06828010082244873,0.056495822966098785
17093,0.05831529200077057,0.05376332998275757
17094,0.04800976440310478,0.04792362451553345
17095,0.03981326147913933,0.022424910217523575
17096,0.04068773239850998,0.040860723704099655
17097,0.06531815230846405,0.066510409116745
17098,0.03557727485895157,0.0318467803299427
17099,0.036452531814575195,0.020441854372620583
17100,0.03492609038949013,0.03964162617921829
17101,0.0377495177090168,0.038544949144124985
17102,0.03795229271054268,0.03151596710085869
17103,0.057598844170570374,0.052937645465135574
17104,0.041807424277067184,0.04213893786072731
17105,0.04105379432439804,0.03993568196892738
17106,0.04312306270003319,0.03279244899749756
17107,0.051200106739997864,0.047933001071214676
17108,0.044699545949697495,0.0494854599237442
17109,0.05680073797702789,0.042529601603746414
17110,0.03232710063457489,0.023219315335154533
17111,0.03901103883981705,0.05950016900897026
17112,0.0564308725297451,0.0499163456261158
17113,0.07948014885187149,0.07457285374403
17114,0.07371224462985992,0.07074576616287231
17115,0.061481695622205734,0.05766362324357033
17116,0.06944461911916733,0.06614835560321808
17117,0.06222644820809364,0.060478609055280685
17118,0.059982623904943466,0.04996124282479286
17119,0.04991042613983154,0.047146838158369064
17120,0.06477833539247513,0.05189424008131027
17121,0.0637940838932991,0.05853310599923134
17122,0.07352374494075775,0.06206117942929268
17123,0.052171140909194946,0.057225555181503296
17124,0.045477863401174545,0.030716849491000175
17125,0.051036983728408813,0.059952542185783386
17126,0.0550231970846653,0.03891996294260025
17127,0.043712541460990906,0.031335972249507904
17128,0.04379342123866081,0.0306285060942173
17129,0.0442093163728714,0.02689567767083645
17130,0.042123306542634964,0.03864949569106102
17131,0.049745745956897736,0.03975822776556015
17132,0.02687152288854122,0.034666966646909714
17133,0.04523502290248871,0.033682309091091156
17134,0.04877634346485138,0.040904950350522995
17135,0.045473307371139526,0.02315051108598709
17136,0.05709740146994591,0.04037986695766449
17137,0.03808894753456116,0.03499646112322807
17138,0.040491294115781784,0.054826296865940094
17139,0.055008869618177414,0.05488711968064308
17140,0.05802248418331146,0.053262412548065186
17141,0.04949471354484558,0.03130758926272392
17142,0.038842443376779556,0.048115458339452744
17143,0.05233589559793472,0.0522041991353035
17144,0.02371448464691639,0.019787466153502464
17145,0.02094288356602192,0.029457680881023407
17146,0.056328948587179184,0.055462975054979324
17147,0.057319268584251404,0.04013989865779877
17148,0.03447483107447624,0.03164780139923096
17149,0.05571269616484642,0.05010221526026726
17150,0.03927340731024742,0.03981873020529747
17151,0.07835450023412704,0.06765535473823547
17152,0.06591390073299408,0.044121552258729935
17153,0.05038417875766754,0.04207201302051544
17154,0.047457560896873474,0.037298157811164856
17155,0.047906871885061264,0.03382125124335289
17156,0.04886021092534065,0.043657079339027405
17157,0.04392009600996971,0.03321214020252228
17158,0.03245275467634201,0.03689908608794212
17159,0.03348265588283539,0.021619537845253944
17160,0.0408332422375679,0.04661840945482254
17161,0.05387412756681442,0.053633321076631546
17162,0.05851828306913376,0.06047983840107918
17163,0.07605311274528503,0.08363030850887299
17164,0.07553360611200333,0.07059565931558609
17165,0.04566704481840134,0.055584151297807693
17166,0.046640366315841675,0.03783775493502617
17167,0.03774544969201088,0.013658924959599972
17168,0.027781400829553604,0.02143627032637596
17169,0.03559110686182976,0.042249973863363266
17170,0.03731345012784004,0.019995655864477158
17171,0.032891836017370224,0.020611779764294624
17172,0.018369151279330254,0.012353353202342987
17173,0.02058330737054348,0.02464338205754757
17174,0.03417002782225609,0.037077415734529495
17175,0.055591244250535965,0.06302045285701752
17176,0.08137500286102295,0.06633655726909637
17177,0.06074702367186546,0.05045107379555702
17178,0.059167612344026566,0.05213148519396782
17179,0.05550920218229294,0.05548812821507454
17180,0.06845583021640778,0.04961466044187546
17181,0.050079647451639175,0.03658026456832886
17182,0.045913174748420715,0.048952408134937286
17183,0.03961187228560448,0.02378039062023163
17184,0.0497511550784111,0.04697225242853165
17185,0.0451083704829216,0.0397648811340332
17186,0.0440131239593029,0.028082454577088356
17187,0.03584783524274826,0.023790735751390457
17188,0.03560713678598404,0.03712024912238121
17189,0.03827594593167305,0.037782616913318634
17190,0.02933557890355587,0.018275365233421326
17191,0.03084043227136135,0.028103835880756378
17192,0.049497466534376144,0.029315708205103874
17193,0.016514578834176064,0.017944395542144775
17194,0.028617318719625473,0.025072865188121796
17195,0.029847856611013412,0.03171006590127945
17196,0.032296258956193924,0.03324997425079346
17197,0.03785960003733635,0.024239493533968925
17198,0.020623421296477318,0.027113094925880432
17199,0.021089741960167885,0.026330284774303436
17200,0.056548457592725754,0.05043742433190346
17201,0.052913542836904526,0.039714712649583817
17202,0.05855529010295868,0.05827467143535614
17203,0.07722368836402893,0.07539575546979904
17204,0.07268442213535309,0.07625771313905716
17205,0.05896271765232086,0.06506815552711487
17206,0.07751553505659103,0.07030516117811203
17207,0.06957448273897171,0.06885869801044464
17208,0.06320949643850327,0.06734063476324081
17209,0.06927673518657684,0.051816049963235855
17210,0.06171048432588577,0.05307167395949364
17211,0.04211459681391716,0.03309278562664986
17212,0.05233101546764374,0.051928646862506866
17213,0.060416605323553085,0.056314434856176376
17214,0.054594818502664566,0.0475415363907814
17215,0.05111173540353775,0.04412373527884483
17216,0.058203209191560745,0.0439201295375824
17217,0.05639120563864708,0.048908576369285583
17218,0.045965127646923065,0.03766438364982605
17219,0.05673642456531525,0.05250787362456322
17220,0.05794781818985939,0.03928619250655174
17221,0.04574693366885185,0.05150835961103439
17222,0.05680091306567192,0.03584527596831322
17223,0.021473275497555733,0.009380513802170753
17224,0.016660964116454124,0.005571265704929829
17225,0.025007089599967003,0.015031310729682446
17226,0.027407748624682426,0.039405353367328644
17227,0.05504537746310234,0.03704537823796272
17228,0.019856909289956093,0.02075040712952614
17229,0.037728238850831985,0.036094456911087036
17230,0.04385529085993767,0.029322130605578423
17231,0.044826656579971313,0.040557704865932465
17232,0.07231679558753967,0.0687732920050621
17233,0.07274013012647629,0.05783103406429291
17234,0.08084595203399658,0.06859724968671799
17235,0.07245102524757385,0.056785888969898224
17236,0.06570059061050415,0.04862397909164429
17237,0.04327581450343132,0.03446910157799721
17238,0.04485053941607475,0.035861045122146606
17239,0.058089643716812134,0.04464266076683998
17240,0.04525679722428322,0.047674380242824554
17241,0.04849313199520111,0.028527462854981422
17242,0.029247768223285675,0.017492633312940598
17243,0.036016639322042465,0.023757850751280785
17244,0.03822587803006172,0.03660668432712555
17245,0.0527813583612442,0.05204874277114868
17246,0.044316768646240234,0.026503685861825943
17247,0.06403400748968124,0.05888679251074791
17248,0.05862979590892792,0.05840478092432022
17249,0.057435743510723114,0.05699297413229942
17250,0.06154167652130127,0.05277947336435318
17251,0.06344562023878098,0.059412963688373566
17252,0.06717083603143692,0.046016842126846313
17253,0.04925915598869324,0.031170014292001724
17254,0.04855358973145485,0.039217617362737656
17255,0.06883032619953156,0.07404160499572754
17256,0.07890144735574722,0.071042500436306
17257,0.06369545310735703,0.04952505603432655
17258,0.06975297629833221,0.06817838549613953
17259,0.06155726686120033,0.05569227784872055
17260,0.03945146128535271,0.028134360909461975
17261,0.048716992139816284,0.03463749587535858
17262,0.046760186553001404,0.0357636921107769
17263,0.04105975478887558,0.03755693882703781
17264,0.04756094887852669,0.05012522265315056
17265,0.06445825845003128,0.04391377791762352
17266,0.04904463142156601,0.040547773241996765
17267,0.04885858669877052,0.056793179363012314
17268,0.027943534776568413,0.025161102414131165
17269,0.03557208180427551,0.03379564732313156
17270,0.03630692884325981,0.032059065997600555
17271,0.0473913811147213,0.04734460264444351
17272,0.0767093300819397,0.06556616723537445
17273,0.049866676330566406,0.05937124788761139
17274,0.057032980024814606,0.048810578882694244
17275,0.04945887252688408,0.031439635902643204
17276,0.020861580967903137,0.01743452437222004
17277,0.023901835083961487,0.03591202199459076
17278,0.0592849962413311,0.03650318458676338
17279,0.027697449550032616,0.01639542356133461
17280,0.009550055488944054,0.006982611957937479
17281,0.03430059552192688,0.029286548495292664
17282,0.035020869225263596,0.02778499200940132
17283,0.04024460166692734,0.032537803053855896
17284,0.04843243211507797,0.04320155456662178
17285,0.024447700008749962,0.03553562983870506
17286,0.0317046232521534,0.03455308824777603
17287,0.04369015991687775,0.03234698995947838
17288,0.05207179859280586,0.04060030356049538
17289,0.04148734733462334,0.013897465541958809
17290,0.030353115871548653,0.010065143927931786
17291,0.050402816385030746,0.04379425570368767
17292,0.06064827740192413,0.05527570843696594
17293,0.04314802214503288,0.03730351850390434
17294,0.03639388829469681,0.023698600009083748
17295,0.049169640988111496,0.05240435153245926
17296,0.037133000791072845,0.03540463000535965
17297,0.03311789035797119,0.033351052552461624
17298,0.035859886556863785,0.03825787082314491
17299,0.0634896382689476,0.052873753011226654
17300,0.062100984156131744,0.05647643655538559
17301,0.044586360454559326,0.028492188081145287
17302,0.048307958990335464,0.05665097013115883
17303,0.05184507742524147,0.04979932680726051
17304,0.05222352594137192,0.052460335195064545
17305,0.07570428401231766,0.062031667679548264
17306,0.06459249556064606,0.0578966923058033
17307,0.05921102315187454,0.05331908538937569
17308,0.05541815608739853,0.028771335259079933
17309,0.03946355730295181,0.04236598685383797
17310,0.046338897198438644,0.0471111498773098
17311,0.05401943251490593,0.04491398483514786
17312,0.046064961701631546,0.03107023797929287
17313,0.022101769223809242,0.018644778057932854
17314,0.03448324277997017,0.035622488707304
17315,0.03872183710336685,0.03543958440423012
17316,0.03431100398302078,0.017590217292308807
17317,0.04424336925148964,0.027992717921733856
17318,0.04454446956515312,0.0461590476334095
17319,0.043250348418951035,0.038168177008628845
17320,0.0573151558637619,0.04784337431192398
17321,0.05755296349525452,0.042586397379636765
17322,0.049986064434051514,0.03642529994249344
17323,0.035121552646160126,0.03597838804125786
17324,0.022341487929224968,0.02715884894132614
17325,0.03443127125501633,0.03411577269434929
17326,0.04042527824640274,0.03967756778001785
17327,0.03532818332314491,0.022363949567079544
17328,0.02713368646800518,0.021086078137159348
17329,0.035855185240507126,0.030831698328256607
17330,0.03905617445707321,0.03556807339191437
17331,0.03925611823797226,0.027731649577617645
17332,0.02149253524839878,0.018701912835240364
17333,0.027705902233719826,0.008749221451580524
17334,0.037843555212020874,0.028668105602264404
17335,0.02106970176100731,0.016604680567979813
17336,0.0325562059879303,0.016536353155970573
17337,0.027862869203090668,0.018505172803997993
17338,0.01082570943981409,0.007260406389832497
17339,0.006925650872290134,0.00885951891541481
17340,0.02132079377770424,0.011083375662565231
17341,0.004418504890054464,0.0023738935124129057
17342,0.024921508505940437,0.0009908584179356694
17343,0.032504331320524216,0.026827769353985786
17344,0.033194635063409805,0.047481197863817215
17345,0.08095349371433258,0.06444554030895233
17346,0.07001207768917084,0.06514664739370346
17347,0.07363688945770264,0.06524591147899628
17348,0.06052810698747635,0.05513935163617134
17349,0.0576801635324955,0.048080168664455414
17350,0.04928476735949516,0.03822394087910652
17351,0.030295338481664658,0.030626868829131126
17352,0.02490183711051941,0.019970795139670372
17353,0.042180921882390976,0.030238717794418335
17354,0.0615314319729805,0.06649737060070038
17355,0.06909462064504623,0.05511382967233658
17356,0.06228937581181526,0.038693491369485855
17357,0.04981524124741554,0.04563198238611221
17358,0.057123638689517975,0.04873999208211899
17359,0.06760068982839584,0.056340716779232025
17360,0.07042236626148224,0.07456868141889572
17361,0.05649954453110695,0.05628342181444168
17362,0.06128786876797676,0.05130133405327797
17363,0.06879620999097824,0.06278008967638016
17364,0.06240907311439514,0.05320671573281288
17365,0.044894032180309296,0.027336731553077698
17366,0.049258824437856674,0.03884183242917061
17367,0.025456031784415245,0.017809713259339333
17368,0.020779868587851524,0.022853203117847443
17369,0.035492315888404846,0.03209032863378525
17370,0.05216803401708603,0.05029277876019478
17371,0.043231260031461716,0.03761037066578865
17372,0.05311385169625282,0.056237079203128815
17373,0.054547980427742004,0.054881688207387924
17374,0.08151030540466309,0.07326407730579376
17375,0.0776221826672554,0.06955302506685257
17376,0.06125437095761299,0.05876355245709419
17377,0.06784316152334213,0.05171080678701401
17378,0.04118909686803818,0.021638905629515648
17379,0.029034802690148354,0.023096464574337006
17380,0.04982313513755798,0.05106421187520027
17381,0.06965279579162598,0.05253294110298157
17382,0.05492369830608368,0.051538631319999695
17383,0.05428055301308632,0.03941994160413742
17384,0.044956885278224945,0.021867990493774414
17385,0.008186670020222664,-0.002442070282995701
17386,0.019912514835596085,0.0018644925439730287
17387,0.02503419667482376,0.004803788382560015
17388,0.015624305233359337,0.020204724743962288
17389,0.04229206219315529,0.03695067763328552
17390,0.06442909687757492,0.05755917355418205
17391,0.06909171491861343,0.05559476464986801
17392,0.057561103254556656,0.049065761268138885
17393,0.037266090512275696,0.03811577335000038
17394,0.03049273043870926,0.003399088280275464
17395,0.019473670050501823,0.021711133420467377
17396,0.01718386821448803,0.012694626115262508
17397,0.031304799020290375,0.0411100797355175
17398,0.041837647557258606,0.028274793177843094
17399,0.03590763360261917,0.021426154300570488
17400,0.03838955610990524,0.03923533111810684
17401,0.04425119608640671,0.04663284868001938
17402,0.04474465548992157,0.04462959244847298
17403,0.05386124923825264,0.06380023807287216
17404,0.05305111035704613,0.03484572097659111
17405,0.043008286505937576,0.03362467885017395
17406,0.05414643883705139,0.051845330744981766
17407,0.03924059867858887,0.03484645113348961
17408,0.05923149734735489,0.0567258782684803
17409,0.09651483595371246,0.06773552298545837
17410,0.06199745461344719,0.056081440299749374
17411,0.059664275497198105,0.04296405613422394
17412,0.03497236222028732,0.02537314034998417
17413,0.015572015196084976,0.014429083094000816
17414,0.019637761637568474,0.023420698940753937
17415,0.01754188910126686,0.01628951169550419
17416,0.03600551187992096,0.04405364766716957
17417,0.04769952595233917,0.03798886761069298
17418,0.03344767540693283,0.028810439631342888
17419,0.02949371375143528,0.022429710254073143
17420,0.03607138618826866,0.0285552479326725
17421,0.0371926911175251,0.02093483693897724
17422,0.03492989018559456,0.022193118929862976
17423,0.027988919988274574,0.03609449788928032
17424,0.06425557285547256,0.05545676872134209
17425,0.04653933271765709,0.028198648244142532
17426,0.03818559646606445,0.025986352935433388
17427,0.011070468463003635,0.010142798535525799
17428,0.02593930810689926,0.014326400123536587
17429,0.03623459115624428,0.027966003865003586
17430,0.053355131298303604,0.047218307852745056
17431,0.06081753224134445,0.03207092732191086
17432,0.0369853749871254,0.03449157997965813
17433,0.030270280316472054,0.02990764193236828
17434,0.04097159951925278,0.03990259766578674
17435,0.054421983659267426,0.04572755843400955
17436,0.04087226092815399,0.05399702489376068
17437,0.0670723021030426,0.06790529191493988
17438,0.05817071720957756,0.04291136562824249
17439,0.03967345878481865,0.02904997579753399
17440,0.05525040999054909,0.058258380740880966
17441,0.06030324101448059,0.06755361706018448
17442,0.054446496069431305,0.03851672261953354
17443,0.041264940053224564,0.02428557351231575
17444,0.03465709835290909,0.02477036789059639
17445,0.031888097524642944,0.023099903017282486
17446,0.05700942128896713,0.04984993860125542
17447,0.05608512461185455,0.054876454174518585
17448,0.060438401997089386,0.061564281582832336
17449,0.042108722031116486,0.040746912360191345
17450,0.041457682847976685,0.03359672799706459
17451,0.038859616965055466,0.027614900842308998
17452,0.05038755014538765,0.04763297736644745
17453,0.04564310982823372,0.03545260801911354
17454,0.050812073051929474,0.04842695966362953
17455,0.05493760481476784,0.04942069575190544
17456,0.060859598219394684,0.042761459946632385
17457,0.04831357300281525,0.04789065569639206
17458,0.0628650113940239,0.061424706131219864
17459,0.0745956152677536,0.0514301173388958
17460,0.05402015522122383,0.04706663265824318
17461,0.04779435694217682,0.026256486773490906
17462,0.030949629843235016,0.02905193343758583
17463,0.035153284668922424,0.036177732050418854
17464,0.04164809733629227,0.03548615798354149
17465,0.03782046213746071,0.014654496684670448
17466,0.023574361577630043,0.008650965057313442
17467,0.02536078169941902,0.009118760004639626
17468,0.03310725465416908,0.04070613905787468
17469,0.050418972969055176,0.052200816571712494
17470,0.02693181298673153,0.027511781081557274
17471,0.049302708357572556,0.0369902178645134
17472,0.044471923261880875,0.025004412978887558
17473,0.02899765409529209,0.03205852955579758
17474,0.044773515313863754,0.041073329746723175
17475,0.04851330444216728,0.050496362149715424
17476,0.06938477605581284,0.05756313353776932
17477,0.0602688305079937,0.04445977509021759
17478,0.06600983440876007,0.05557984113693237
17479,0.07706326246261597,0.059615008533000946
17480,0.05670861154794693,0.0547696053981781
17481,0.0583098903298378,0.05782231688499451
17482,0.061726491898298264,0.06141678988933563
17483,0.0630892664194107,0.05108603835105896
17484,0.05417199805378914,0.048135701566934586
17485,0.05395332723855972,0.051084406673908234
17486,0.03216835483908653,0.025692394003272057
17487,0.061101283878088,0.05626317486166954
17488,0.0605560801923275,0.040232282131910324
17489,0.03254738077521324,0.02288110926747322
17490,0.012926088646054268,0.016895737498998642
17491,0.037007756531238556,0.028362151235342026
17492,0.04398941621184349,0.028181103989481926
17493,0.04412874951958656,0.03070712834596634
17494,0.035552408546209335,0.035646550357341766
17495,0.047863539308309555,0.031100111082196236
17496,0.05442044138908386,0.04550669342279434
17497,0.04979487508535385,0.04936257749795914
17498,0.05337097868323326,0.05168856680393219
17499,0.08256711065769196,0.0657903403043747
17500,0.06879603117704391,0.06541459262371063
17501,0.062649667263031,0.05243020877242088
17502,0.04503636807203293,0.0406707227230072
17503,0.04658206179738045,0.050675734877586365
17504,0.04270070046186447,0.02856586128473282
17505,0.0510757640004158,0.042131394147872925
17506,0.04911593347787857,0.0449819378554821
17507,0.04443162679672241,0.04500197619199753
17508,0.04922132194042206,0.029374677687883377
17509,0.02853350341320038,0.01692580245435238
17510,0.04176678508520126,0.03765352815389633
17511,0.01013120450079441,0.013092641718685627
17512,0.037281334400177,0.02763000689446926
17513,0.03476114198565483,0.0310737993568182
17514,0.048932090401649475,0.048594824969768524
17515,0.05390533059835434,0.0486411489546299
17516,0.04856688529253006,0.04815516248345375
17517,0.05082736164331436,0.048009566962718964
17518,0.07220961153507233,0.056874606758356094
17519,0.07910088449716568,0.07541368156671524
17520,0.06180064007639885,0.061274100095033646
17521,0.06321254372596741,0.05270558223128319
17522,0.06444400548934937,0.06234492361545563
17523,0.05082959681749344,0.050264813005924225
17524,0.04244168847799301,0.03683895245194435
17525,0.04845797270536423,0.034096915274858475
17526,0.03457781299948692,0.025440791621804237
17527,0.03798442333936691,0.03942200541496277
17528,0.0517318956553936,0.03048526681959629
17529,0.06964075565338135,0.051649294793605804
17530,0.05729587748646736,0.035347744822502136
17531,0.043207839131355286,0.04294909909367561
17532,0.055788103491067886,0.047829870134592056
17533,0.06686274707317352,0.06532073765993118
17534,0.055816955864429474,0.03967493399977684
17535,0.04254963994026184,0.016103452071547508
17536,0.05330200865864754,0.049518804997205734
17537,0.031865764409303665,0.029645904898643494
17538,0.025849202647805214,0.022922886535525322
17539,0.023472947999835014,0.012079987674951553
17540,0.019640102982521057,0.03925560787320137
17541,0.051861051470041275,0.0385160855948925
17542,0.04034573584794998,0.042248308658599854
17543,0.04057019576430321,0.037298232316970825
17544,0.05532139167189598,0.06028622016310692
17545,0.0871967151761055,0.07325166463851929
17546,0.0684882178902626,0.06051475182175636
17547,0.05873764306306839,0.06644339114427567
17548,0.04693140834569931,0.0354347750544548
17549,0.05388609692454338,0.04356697201728821
17550,0.049952223896980286,0.046429622918367386
17551,0.04406743496656418,0.03883245959877968
17552,0.020893104374408722,0.013892313465476036
17553,0.01721256971359253,0.006437741219997406
17554,0.030102791264653206,0.023352768272161484
17555,0.02349996007978916,0.009120902977883816
17556,0.020447522401809692,0.006008172873407602
17557,0.010627097450196743,0.006958509795367718
17558,0.016889456659555435,0.012000747956335545
17559,0.02645961381494999,0.013126405887305737
17560,0.03516972064971924,0.02441837452352047
17561,0.0449228473007679,0.051714785397052765
17562,0.0501859188079834,0.03630727529525757
17563,0.04843660816550255,0.03349562734365463
17564,0.039076901972293854,0.05744200199842453
17565,0.05321899428963661,0.047287508845329285
17566,0.051010243594646454,0.046349696815013885
17567,0.038427431136369705,0.041112158447504044
17568,0.0544593445956707,0.05217985063791275
17569,0.06075742468237877,0.05832870677113533
17570,0.06206481158733368,0.056737352162599564
17571,0.07646394520998001,0.06705483049154282
17572,0.08162784576416016,0.06728393584489822
17573,0.05128790810704231,0.03904233127832413
17574,0.04725189134478569,0.04419489949941635
17575,0.07237239927053452,0.07044434547424316
17576,0.07036890834569931,0.0741335079073906
17577,0.0773351863026619,0.0570187121629715
17578,0.06427107006311417,0.05441012233495712
17579,0.04841705039143562,0.0411623939871788
17580,0.05036352202296257,0.038183532655239105
17581,0.06033877655863762,0.05208500847220421
17582,0.044406451284885406,0.03277862071990967
17583,0.03327656537294388,0.028133321553468704
17584,0.043232619762420654,0.04305228218436241
17585,0.04442744702100754,0.033976517617702484
17586,0.042286261916160583,0.030219290405511856
17587,0.03622114658355713,0.04280177131295204
17588,0.031214667484164238,0.039027225226163864
17589,0.07187169790267944,0.06052906811237335
17590,0.06947449594736099,0.05889375880360603
17591,0.05456102266907692,0.05121989920735359
17592,0.04231904074549675,0.035793863236904144
17593,0.04476217180490494,0.036461491137742996
17594,0.042674899101257324,0.034074101597070694
17595,0.04401693865656853,0.03817260265350342
17596,0.06293068081140518,0.04661557823419571
17597,0.04253159463405609,0.036554235965013504
17598,0.0171000137925148,0.011173775419592857
17599,0.018725618720054626,0.033058151602745056
17600,0.06274912506341934,0.06123469024896622
17601,0.060479551553726196,0.046761877834796906
17602,0.036346208304166794,0.0248098224401474
17603,0.025058239698410034,0.025937523692846298
17604,0.018512701615691185,0.009586450643837452
17605,0.04879728704690933,0.04144338518381119
17606,0.05719567835330963,0.04398117586970329
17607,0.05463191494345665,0.04728472977876663
17608,0.050573863089084625,0.037108201533555984
17609,0.042378731071949005,0.029692567884922028
17610,0.0410488061606884,0.03480897471308708
17611,0.04767603054642677,0.04076773300766945
17612,0.05014608055353165,0.05413181334733963
17613,0.06002875417470932,0.05693800002336502
17614,0.04506254941225052,0.0338563546538353
17615,0.08139614760875702,0.062416862696409225
17616,0.04705798998475075,0.04214971885085106
17617,0.04182930290699005,0.028843097388744354
17618,0.041509613394737244,0.03413056954741478
17619,0.040624238550662994,0.04208671674132347
17620,0.04699818789958954,0.04350689798593521
17621,0.02294042520225048,0.020119208842515945
17622,0.02173483371734619,0.0163421593606472
17623,0.033209558576345444,0.011005349457263947
17624,0.043084677308797836,0.01630699820816517
17625,0.022982319816946983,0.02746638096868992
17626,0.05070403963327408,0.05336102098226547
17627,0.05953197553753853,0.04632224142551422
17628,0.04238003119826317,0.026818012818694115
17629,0.029474303126335144,0.03324173763394356
17630,0.04367109388113022,0.04094797000288963
17631,0.04311668872833252,0.04299861565232277
17632,0.07528479397296906,0.07263614237308502
17633,0.09448733925819397,0.08632281422615051
17634,0.06912662088871002,0.05549158528447151
17635,0.06279116868972778,0.026305852457880974
17636,0.049600645899772644,0.026467110961675644
17637,0.03933661803603172,0.02760172449052334
17638,0.036966029554605484,0.03023127093911171
17639,0.03325680270791054,0.0392739363014698
17640,0.03682895377278328,0.05288700386881828
17641,0.05982281267642975,0.054471712559461594
17642,0.04273949936032295,0.03937116265296936
17643,0.019545262679457664,0.010242030955851078
17644,0.033293355256319046,0.027597149834036827
17645,0.030610134825110435,0.019089503213763237
17646,0.027120213955640793,0.026096835732460022
17647,0.03252554312348366,0.032459646463394165
17648,0.05860495567321777,0.05715664103627205
17649,0.058754488825798035,0.05152551829814911
17650,0.03145977482199669,0.036012839525938034
17651,0.03761454299092293,0.03734813258051872
17652,0.04544191434979439,0.04651545733213425
17653,0.05629239231348038,0.04955829679965973
17654,0.07058711349964142,0.05399315059185028
17655,0.048142414540052414,0.03737745061516762
17656,0.04795670881867409,0.05389246717095375
17657,0.05278972536325455,0.05128287896513939
17658,0.06171143427491188,0.049576833844184875
17659,0.052692435681819916,0.03706330806016922
17660,0.06016302481293678,0.04616088420152664
17661,0.04533341899514198,0.04559257626533508
17662,0.046995971351861954,0.043930135667324066
17663,0.027980122715234756,0.007679081987589598
17664,0.023895058780908585,0.021362029016017914
17665,0.023938458412885666,0.01705029048025608
17666,0.03625214472413063,0.025951987132430077
17667,0.0558173805475235,0.05839275196194649
17668,0.04034670069813728,0.023837966844439507
17669,0.05735473707318306,0.05309528484940529
17670,0.05455905571579933,0.04483649507164955
17671,0.05647149309515953,0.04068746417760849
17672,0.03211544454097748,0.027255166321992874
17673,0.02831997163593769,0.03803921863436699
17674,0.04443545639514923,0.03109910525381565
17675,0.05613977834582329,0.04680614173412323
17676,0.04666248336434364,0.03242339938879013
17677,0.034480832517147064,0.019457459449768066
17678,0.04900311306118965,0.037252649664878845
17679,0.041029758751392365,0.03284623101353645
17680,0.042365651577711105,0.04143153131008148
17681,0.06371429562568665,0.05013008415699005
17682,0.056904736906290054,0.046654243022203445
17683,0.051495302468538284,0.04909653589129448
17684,0.058931246399879456,0.05701145902276039
17685,0.04407523572444916,0.040156543254852295
17686,0.0699019506573677,0.05218541994690895
17687,0.03611065819859505,0.033626019954681396
17688,0.013978816568851471,0.023613261058926582
17689,0.040135156363248825,0.038306254893541336
17690,0.045389387756586075,0.03675903007388115
17691,0.04114416614174843,0.03292938321828842
17692,0.03314390406012535,0.03309590741991997
17693,0.047168437391519547,0.032217416912317276
17694,0.04824289306998253,0.0387309305369854
17695,0.040237296372652054,0.040299832820892334
17696,0.05250592529773712,0.04257125034928322
17697,0.0408669039607048,0.03983604162931442
17698,0.05277324840426445,0.04109286144375801
17699,0.06635600328445435,0.056332286447286606
17700,0.06388137489557266,0.05823054537177086
17701,0.04391687363386154,0.0353364497423172
17702,0.06542302668094635,0.06536461412906647
17703,0.06620147824287415,0.056685205549001694
17704,0.05500827357172966,0.04251961037516594
17705,0.03757128491997719,0.03217542544007301
17706,0.03975512832403183,0.04561619833111763
17707,0.0510580837726593,0.05969882756471634
17708,0.07046440988779068,0.0664382353425026
17709,0.08570829033851624,0.06162915378808975
17710,0.05126519501209259,0.0346485935151577
17711,0.06687940657138824,0.06307510286569595
17712,0.05654819309711456,0.056564368307590485
17713,0.05293890833854675,0.04208530858159065
17714,0.06836023181676865,0.06060655415058136
17715,0.07231343537569046,0.06202937662601471
17716,0.05897243693470955,0.0498611219227314
17717,0.052597448229789734,0.04735473543405533
17718,0.057148050516843796,0.06229207664728165
17719,0.05740328133106232,0.058084361255168915
17720,0.05579410493373871,0.041530266404151917
17721,0.04547274485230446,0.04590737074613571
17722,0.04130390286445618,0.05035741999745369
17723,0.03272701054811478,0.02751368097960949
17724,0.04958060383796692,0.044399194419384
17725,0.0561479777097702,0.0407479964196682
17726,0.04840962961316109,0.0545964315533638
17727,0.049615561962127686,0.03811611980199814
17728,0.029880734160542488,0.022883225232362747
17729,0.04089004918932915,0.031726181507110596
17730,0.04394087567925453,0.04294489696621895
17731,0.044875871390104294,0.038525234907865524
17732,0.043712787330150604,0.035273466259241104
17733,0.046883780509233475,0.04446990415453911
17734,0.04985249042510986,0.03944241255521774
17735,0.04324471950531006,0.043634165078401566
17736,0.0485084168612957,0.04015664756298065
17737,0.040857944637537,0.03974216803908348
17738,0.041431549936532974,0.03321204334497452
17739,0.026558002457022667,0.02923239953815937
17740,0.03762074559926987,0.030999870970845222
17741,0.032795488834381104,0.02730635553598404
17742,0.043511662632226944,0.04751836135983467
17743,0.06275507062673569,0.06085094064474106
17744,0.06541863083839417,0.061727482825517654
17745,0.05577841401100159,0.05384249985218048
17746,0.057424552738666534,0.051641933619976044
17747,0.05653824284672737,0.04177100956439972
17748,0.04324490949511528,0.026413628831505775
17749,0.04293106496334076,0.03852366283535957
17750,0.0489632822573185,0.04649580642580986
17751,0.04088608920574188,0.04609084501862526
17752,0.07480260729789734,0.0666409283876419
17753,0.0384773351252079,0.03687401860952377
17754,0.04716499522328377,0.03727169707417488
17755,0.024583978578448296,0.03275919705629349
17756,0.033489760011434555,0.039118748158216476
17757,0.02477603405714035,0.0348886176943779
17758,0.028592916205525398,0.021589556708931923
17759,0.03424694389104843,0.02952500432729721
17760,0.01842411421239376,0.024756846949458122
17761,0.03372494876384735,0.0368097759783268
17762,0.06511560827493668,0.06338614225387573
17763,0.07686435431241989,0.056230880320072174
17764,0.084634929895401,0.08076654374599457
17765,0.08019280433654785,0.06129402294754982
17766,0.046960122883319855,0.024270348250865936
17767,0.04917043074965477,0.042468853294849396
17768,0.05425916984677315,0.03616634011268616
17769,0.036442458629608154,0.035569388419389725
17770,0.04924420267343521,0.04597603157162666
17771,0.060999803245067596,0.046575069427490234
17772,0.05719893425703049,0.06359223276376724
17773,0.06507379561662674,0.0587882474064827
17774,0.060457199811935425,0.04139747470617294
17775,0.042742908000946045,0.0362890362739563
17776,0.05407748371362686,0.06689665466547012
17777,0.05781359225511551,0.04610117897391319
17778,0.05538609251379967,0.04533100500702858
17779,0.0795448049902916,0.06531774997711182
17780,0.04847530648112297,0.05258680135011673
17781,0.07414792478084564,0.06161973625421524
17782,0.05751451849937439,0.0460004061460495
17783,0.03637341037392616,0.045315150171518326
17784,0.07755673676729202,0.06842190772294998
17785,0.08254887908697128,0.08689527213573456
17786,0.10112178325653076,0.09396784007549286
17787,0.0970616489648819,0.08650390803813934
17788,0.06259888410568237,0.06245141103863716
17789,0.05909554287791252,0.04864658787846565
17790,0.021434079855680466,0.021506665274500847
17791,0.03742678835988045,0.028184153139591217
17792,0.02134142443537712,0.02297951839864254
17793,0.041056547313928604,0.032280951738357544
17794,0.06005162373185158,0.04696504399180412
17795,0.03601006790995598,0.03351207822561264
17796,0.054637596011161804,0.05576680973172188
17797,0.07271111756563187,0.06131812930107117
17798,0.07806475460529327,0.06719470024108887
17799,0.05784599483013153,0.04893111437559128
17800,0.07376530021429062,0.06386761367321014
17801,0.052380941808223724,0.05235984921455383
17802,0.0683109313249588,0.05449434742331505
17803,0.06484013795852661,0.05933896824717522
17804,0.05446097254753113,0.04473459720611572
17805,0.04171362891793251,0.025747235864400864
17806,0.020958727225661278,0.019428003579378128
17807,0.03600514307618141,0.03092656098306179
17808,0.04082289710640907,0.025134515017271042
17809,0.027238070964813232,0.018878696486353874
17810,0.04855896532535553,0.0276504997164011
17811,0.026298362761735916,0.013527672737836838
17812,0.0222002100199461,0.023772435262799263
17813,0.031063292175531387,0.020480215549468994
17814,0.0369005911052227,0.026431987062096596
17815,0.026864787563681602,0.015642281621694565
17816,0.016979455947875977,0.012868059799075127
17817,0.036343514919281006,0.04681318998336792
17818,0.051525481045246124,0.03397390991449356
17819,0.04548698291182518,0.03465517237782478
17820,0.0250597782433033,0.01587715931236744
17821,0.006781134754419327,0.0024718442000448704
17822,0.027061671018600464,0.021380964666604996
17823,0.024860283359885216,0.019217107445001602
17824,0.006182586774230003,-0.0005974688101559877
17825,0.012996843084692955,0.01888344995677471
17826,0.042787104845047,0.038487326353788376
17827,0.03300774097442627,0.026159564033150673
17828,0.02075086534023285,0.025118231773376465
17829,0.049306098371744156,0.04148811846971512
17830,0.04986743628978729,0.03757551684975624
17831,0.0628100261092186,0.06431546807289124
17832,0.06178930774331093,0.05825220048427582
17833,0.056061625480651855,0.0418192557990551
17834,0.059034720063209534,0.05083943158388138
17835,0.04288633540272713,0.03262041509151459
17836,0.045964132994413376,0.03164951130747795
17837,0.062107451260089874,0.04740223288536072
17838,0.05733264237642288,0.03962945193052292
17839,0.04585222899913788,0.04528562352061272
17840,0.05142821744084358,0.03409229964017868
17841,0.04890082776546478,0.021257003769278526
17842,0.04094083234667778,0.054855428636074066
17843,0.04078744724392891,0.038141824305057526
17844,0.05396897345781326,0.032914094626903534
17845,0.029374856501817703,0.025574756786227226
17846,0.05281074345111847,0.05873105674982071
17847,0.06549594551324844,0.05585620924830437
17848,0.05170740932226181,0.03344203159213066
17849,0.03714675456285477,0.02215593494474888
17850,0.05061889812350273,0.046371910721063614
17851,0.030755462124943733,0.02319168485701084
17852,0.011015626601874828,0.009392762556672096
17853,0.011135740205645561,0.0012741441605612636
17854,0.030360886827111244,0.024287519976496696
17855,0.030963411554694176,0.026054898276925087
17856,0.057752154767513275,0.05799879506230354
17857,0.06244097650051117,0.04939514398574829
17858,0.04798277094960213,0.040325917303562164
17859,0.05345230922102928,0.046825870871543884
17860,0.046785589307546616,0.04139240086078644
17861,0.058455705642700195,0.04727454110980034
17862,0.05214680731296539,0.05398433655500412
17863,0.05516710504889488,0.058076802641153336
17864,0.05323302000761032,0.041505150496959686
17865,0.05151200667023659,0.05079945921897888
17866,0.05384436994791031,0.05125485733151436
17867,0.06850393116474152,0.06593596190214157
17868,0.055308759212493896,0.04656906798481941
17869,0.040209610015153885,0.04628599435091019
17870,0.05894044041633606,0.0501345731317997
17871,0.0611366331577301,0.04710698500275612
17872,0.040296416729688644,0.02589374966919422
17873,0.027752459049224854,0.013477886095643044
17874,0.03151860460639,0.035661883652210236
17875,0.0432962141931057,0.02547852136194706
17876,0.03731370344758034,0.031990181654691696
17877,0.04479502514004707,0.02661680057644844
17878,0.036780063062906265,0.039332691580057144
17879,0.04435862600803375,0.04318772256374359
17880,0.036608632653951645,0.016199180856347084
17881,0.03416251018643379,0.04256083443760872
17882,0.06136419251561165,0.04780766740441322
17883,0.04271041974425316,0.039989132434129715
17884,0.03052949532866478,0.02493632212281227
17885,0.0471254363656044,0.04296288639307022
17886,0.04181516543030739,0.030874153599143028
17887,0.03537372127175331,0.037718240171670914
17888,0.06897901743650436,0.05952687934041023
17889,0.07034044712781906,0.04401392489671707
17890,0.04529580846428871,0.025051597505807877
17891,0.02555612474679947,0.044428203254938126
17892,0.04725342616438866,0.042211614549160004
17893,0.04857414960861206,0.025260405614972115
17894,0.04530853405594826,0.036511972546577454
17895,0.05197203531861305,0.0462668277323246
17896,0.04067375883460045,0.039443157613277435
17897,0.03956340625882149,0.01977860927581787
17898,0.0350801907479763,0.028103796765208244
17899,0.03673416003584862,0.04034128040075302
17900,0.07741498947143555,0.07090522348880768
17901,0.05670926719903946,0.06734734773635864
17902,0.06208060681819916,0.053368136286735535
17903,0.06422661989927292,0.04763098061084747
17904,0.04792529344558716,0.047130849212408066
17905,0.04534580558538437,0.03910896182060242
17906,0.05464084818959236,0.044293880462646484
17907,0.07199209928512573,0.06792468577623367
17908,0.057143572717905045,0.04464619979262352
17909,0.03754253685474396,0.03650715947151184
17910,0.03813548386096954,0.0175183042883873
17911,0.013327913358807564,0.010981395840644836
17912,0.026567567139863968,0.035946015268564224
17913,0.06552881002426147,0.059815093874931335
17914,0.05603314936161041,0.05387716367840767
17915,0.0371132418513298,0.016801053658127785
17916,0.037816330790519714,0.025475868955254555
17917,0.034964799880981445,0.04292899742722511
17918,0.055405132472515106,0.02491791360080242
17919,0.048214398324489594,0.04739817604422569
17920,0.05013198405504227,0.04655391350388527
17921,0.038274675607681274,0.0379098504781723
17922,0.05537883937358856,0.06662151962518692
17923,0.05124618113040924,0.03982025384902954
17924,0.03662852942943573,0.04522264376282692
17925,0.051667336374521255,0.04955802857875824
17926,0.05035628005862236,0.04007717967033386
17927,0.03945823013782501,0.022942712530493736
17928,0.03818231076002121,0.023890646174550056
17929,0.028148628771305084,0.02189645729959011
17930,0.02698145993053913,0.02444486692547798
17931,0.029010221362113953,0.043484222143888474
17932,0.04419170320034027,0.037962522357702255
17933,0.05456634983420372,0.06441199779510498
17934,0.046826668083667755,0.03258587047457695
17935,0.021530287340283394,0.018205495551228523
17936,0.046499237418174744,0.040916360914707184
17937,0.0483219176530838,0.026567362248897552
17938,0.049752213060855865,0.05752326548099518
17939,0.06010275334119797,0.046804532408714294
17940,0.05033548176288605,0.04299512505531311
17941,0.05776037275791168,0.04470226168632507
17942,0.06312204152345657,0.06182735785841942
17943,0.07178915292024612,0.05834144726395607
17944,0.04647346958518028,0.03979284316301346
17945,0.053123921155929565,0.03307666629552841
17946,0.02962563745677471,0.017219537869095802
17947,0.02210988663136959,0.0261517446488142
17948,0.030396001413464546,0.028739696368575096
17949,0.0375182181596756,0.038239736109972
17950,0.02981516532599926,0.030791720375418663
17951,0.028298718854784966,0.021503925323486328
17952,0.032574981451034546,0.020504117012023926
17953,0.03397996351122856,0.028590131551027298
17954,0.048723697662353516,0.044167641550302505
17955,0.044340282678604126,0.052024804055690765
17956,0.050044264644384384,0.0504041351377964
17957,0.07148891687393188,0.05119270458817482
17958,0.043852128088474274,0.03949149698019028
17959,0.04900762438774109,0.03532346338033676
17960,0.04722639173269272,0.03964764624834061
17961,0.05217567831277847,0.04206296056509018
17962,0.04391903057694435,0.032712824642658234
17963,0.04819856956601143,0.06588985025882721
17964,0.056578561663627625,0.04250786080956459
17965,0.055936310440301895,0.035939570516347885
17966,0.06751876324415207,0.051431383937597275
17967,0.04887606203556061,0.031859271228313446
17968,0.05513695627450943,0.042854610830545425
17969,0.0626477524638176,0.0519038587808609
17970,0.06594003736972809,0.05545741692185402
17971,0.03758907690644264,0.033651843667030334
17972,0.04238080605864525,0.03313247486948967
17973,0.04382940009236336,0.050122376531362534
17974,0.03444153070449829,0.037338122725486755
17975,0.04289606586098671,0.03531606122851372
17976,0.04188401252031326,0.04024358466267586
17977,0.040911369025707245,0.03527182340621948
17978,0.04809330776333809,0.03689919039607048
17979,0.04376741498708725,0.03953725844621658
17980,0.06336214393377304,0.06702157109975815
17981,0.06232619285583496,0.05197163671255112
17982,0.04162761941552162,0.02968151494860649
17983,0.03028305247426033,0.024111365899443626
17984,0.05060897395014763,0.04559466615319252
17985,0.0569600835442543,0.051496997475624084
17986,0.04964910075068474,0.039058618247509
17987,0.06321629136800766,0.04932529851794243
17988,0.056618254631757736,0.0419163852930069
17989,0.04674925282597542,0.03600228205323219
17990,0.049775734543800354,0.04798300936818123
17991,0.04396232217550278,0.036700598895549774
17992,0.0438292995095253,0.04083961993455887
17993,0.037341758608818054,0.03055262751877308
17994,0.05741402506828308,0.0582665354013443
17995,0.06096547469496727,0.04104819521307945
17996,0.04409224912524223,0.04080384597182274
17997,0.055786147713661194,0.052943155169487
17998,0.051149867475032806,0.04094140976667404
17999,0.05112553387880325,0.042641203850507736
18000,0.019164036959409714,0.024368520826101303
18001,0.04381520301103592,0.03332551568746567
18002,0.04079460725188255,0.02081642858684063
18003,0.036365944892168045,0.03303850442171097
18004,0.02099793776869774,0.023490669205784798
18005,0.022352728992700577,0.0230450090020895
18006,0.035818830132484436,0.0353638157248497
18007,0.034196898341178894,0.031131820753216743
18008,0.05825360491871834,0.06975153088569641
18009,0.0617850199341774,0.06099798157811165
18010,0.06795725971460342,0.05999520421028137
18011,0.05437055975198746,0.044687338173389435
18012,0.053639233112335205,0.039211779832839966
18013,0.037338610738515854,0.04290953278541565
18014,0.050721198320388794,0.047202955931425095
18015,0.0599077008664608,0.050575267523527145
18016,0.065016008913517,0.05855746194720268
18017,0.0713338851928711,0.07219233363866806
18018,0.06964638084173203,0.04936141520738602
18019,0.0692790076136589,0.05457983911037445
18020,0.06093010678887367,0.04025813937187195
18021,0.053394950926303864,0.04079801216721535
18022,0.04822152853012085,0.04559703543782234
18023,0.053028855472803116,0.04890722781419754
18024,0.04276667535305023,0.030423669144511223
18025,0.04827195778489113,0.0377083495259285
18026,0.043429698795080185,0.056201811879873276
18027,0.06573527306318283,0.03988112509250641
18028,0.06197342649102211,0.0672064796090126
18029,0.0624903179705143,0.05903815105557442
18030,0.06647785007953644,0.03847305104136467
18031,0.055649418383836746,0.04411211237311363
18032,0.04317807778716087,0.0451558493077755
18033,0.04640598222613335,0.04384027048945427
18034,0.0509406253695488,0.050931598991155624
18035,0.04711112380027771,0.042716383934020996
18036,0.06089653819799423,0.05949521064758301
18037,0.060514166951179504,0.052448149770498276
18038,0.018136631697416306,0.018813971430063248
18039,0.03328331559896469,0.022951945662498474
18040,0.027992183342576027,0.02422209270298481
18041,0.022102516144514084,0.0059344875626266
18042,0.019936539232730865,0.023245269432663918
18043,0.031231490895152092,0.02009253203868866
18044,0.04479542374610901,0.02345719188451767
18045,0.03422608971595764,0.03722130507230759
18046,0.06163365766406059,0.05352378264069557
18047,0.05832047015428543,0.05076294764876366
18048,0.07060343027114868,0.05957990512251854
18049,0.06296143680810928,0.05527704209089279
18050,0.05690202862024307,0.049035824835300446
18051,0.050634726881980896,0.041936662048101425
18052,0.030942093580961227,0.016712334007024765
18053,0.0016062482027336955,0.0032658076379448175
18054,0.012525033205747604,0.0124167799949646
18055,0.03774012625217438,0.030667096376419067
18056,0.048221878707408905,0.03752903267741203
18057,0.05161122605204582,0.03845207020640373
18058,0.028051413595676422,0.04055202379822731
18059,0.05564962327480316,0.04005760699510574
18060,0.0519658662378788,0.04866567999124527
18061,0.06391303241252899,0.06006002426147461
18062,0.060675203800201416,0.05490869656205177
18063,0.0576186329126358,0.0374632366001606
18064,0.053874626755714417,0.048126209527254105
18065,0.03055427223443985,0.03286633640527725
18066,0.04634987190365791,0.03300220146775246
18067,0.030969344079494476,0.023210851475596428
18068,0.02003438025712967,0.014853769913315773
18069,0.032223086804151535,0.030266502872109413
18070,0.04107522591948509,0.03474386781454086
18071,0.0540022999048233,0.0397106297314167
18072,0.04536621645092964,0.04087695851922035
18073,0.038052406162023544,0.037313565611839294
18074,0.03509530797600746,0.029259471222758293
18075,0.03250344097614288,0.04593408480286598
18076,0.06383396685123444,0.04794960096478462
18077,0.04100549966096878,0.022961795330047607
18078,0.04186930134892464,0.0333893820643425
18079,0.05629406496882439,0.041777778416872025
18080,0.047078851610422134,0.03625568747520447
18081,0.037476927042007446,0.03932071849703789
18082,0.035750288516283035,0.03929075598716736
18083,0.04388037323951721,0.026230037212371826
18084,0.04079114645719528,0.028177699074149132
18085,0.03902798891067505,0.041005998849868774
18086,0.02014976553618908,0.02515941858291626
18087,0.04318488761782646,0.03921659290790558
18088,0.04838931933045387,0.041662003844976425
18089,0.041338928043842316,0.02601812407374382
18090,0.04178096354007721,0.038251765072345734
18091,0.03476656973361969,0.015646591782569885
18092,0.013197418302297592,0.0036737399641424417
18093,0.04098307713866234,0.02649530954658985
18094,0.014107383787631989,0.015864484012126923
18095,0.030324118211865425,0.02126067690551281
18096,0.026161666959524155,0.021557293832302094
18097,0.03648371621966362,0.02846876159310341
18098,0.04631352797150612,0.04666836932301521
18099,0.016990628093481064,0.010040519759058952
18100,0.030731258913874626,0.036441922187805176
18101,0.04800383001565933,0.04370029643177986
18102,0.0474429652094841,0.04344414919614792
18103,0.03635171055793762,0.028352607041597366
18104,0.01728525571525097,0.015694767236709595
18105,0.04319518432021141,0.05213598906993866
18106,0.056169524788856506,0.05612611025571823
18107,0.04947645217180252,0.03627137467265129
18108,0.0364663191139698,0.02693834714591503
18109,0.02476630173623562,0.01695987395942211
18110,0.01406167820096016,0.014737174846231937
18111,0.010884284973144531,-0.0026165086310356855
18112,0.03135203942656517,0.022561395540833473
18113,0.05022164806723595,0.03386513143777847
18114,0.04396608844399452,0.02701561525464058
18115,0.04046926647424698,0.03299819305539131
18116,0.035745587199926376,0.03130427375435829
18117,0.048208143562078476,0.05491117388010025
18118,0.05908600613474846,0.052051082253456116
18119,0.052575916051864624,0.03787339851260185
18120,0.05147000774741173,0.04218660667538643
18121,0.05466746538877487,0.04216999188065529
18122,0.03960731625556946,0.046362653374671936
18123,0.0484732948243618,0.035931628197431564
18124,0.05340760946273804,0.053383708000183105
18125,0.0618097223341465,0.05602337419986725
18126,0.07251551747322083,0.056427083909511566
18127,0.04844580218195915,0.028523622080683708
18128,0.03798849880695343,0.018631521612405777
18129,0.026865392923355103,0.019994540140032768
18130,0.04586556926369667,0.037893977016210556
18131,0.0597783662378788,0.06529612839221954
18132,0.06024453043937683,0.051110707223415375
18133,0.07932355999946594,0.07641849666833878
18134,0.061907313764095306,0.040684375911951065
18135,0.052379071712493896,0.04921431839466095
18136,0.048424337059259415,0.041776906698942184
18137,0.05777527019381523,0.05423857271671295
18138,0.07768653333187103,0.07163750380277634
18139,0.07020486891269684,0.057757530361413956
18140,0.06738162785768509,0.06040219962596893
18141,0.07235216349363327,0.05927125737071037
18142,0.04728081077337265,0.04451270028948784
18143,0.05337999761104584,0.04754699394106865
18144,0.04934878274798393,0.05180569738149643
18145,0.058971840888261795,0.05576704815030098
18146,0.04941554367542267,0.03415316343307495
18147,0.02776126191020012,0.012322752736508846
18148,0.025804519653320312,0.024394795298576355
18149,0.046994809061288834,0.03073722869157791
18150,0.02325037494301796,0.021685129031538963
18151,0.03339774161577225,0.029421577230095863
18152,0.03489008545875549,0.02229602076113224
18153,0.013823396526277065,0.009621554985642433
18154,0.026055270805954933,0.02588297426700592
18155,0.05384456366300583,0.04524098336696625
18156,0.052795544266700745,0.04461921378970146
18157,0.034585606306791306,0.021698448807001114
18158,0.0415012501180172,0.02189810574054718
18159,0.021072005853056908,0.007191337179392576
18160,0.019028451293706894,0.017882952466607094
18161,0.012988620437681675,0.006331694312393665
18162,0.04051641374826431,0.042468201369047165
18163,0.04463741183280945,0.05456079542636871
18164,0.045433010905981064,0.03448834642767906
18165,0.04151178523898125,0.040007852017879486
18166,0.04042601212859154,0.038388095796108246
18167,0.04844321310520172,0.048265062272548676
18168,0.0500669963657856,0.03805466741323471
18169,0.025047091767191887,0.033941637724637985
18170,0.03629440814256668,0.03343002125620842
18171,0.055367808789014816,0.04634067788720131
18172,0.05475696548819542,0.03750437870621681
18173,0.04114479571580887,0.052566543221473694
18174,0.053328171372413635,0.04078418016433716
18175,0.05945684015750885,0.04431039094924927
18176,0.058123815804719925,0.0508183017373085
18177,0.026653429493308067,0.03675957769155502
18178,0.07029902935028076,0.0600818395614624
18179,0.0722944363951683,0.05111733078956604
18180,0.04738177731633186,0.029915712773799896
18181,0.039912983775138855,0.030010800808668137
18182,0.029898202046751976,0.021595899015665054
18183,0.03415307402610779,0.024637090042233467
18184,0.05143146961927414,0.047661036252975464
18185,0.05755636841058731,0.04731149971485138
18186,0.05755780264735222,0.058727774769067764
18187,0.06704595685005188,0.07315462827682495
18188,0.06868641078472137,0.05440643057227135
18189,0.07077847421169281,0.05255521088838577
18190,0.04394761472940445,0.03201133385300636
18191,0.0488080270588398,0.044236332178115845
18192,0.04631967097520828,0.0579821914434433
18193,0.05628502741456032,0.03238869830965996
18194,0.041972815990448,0.03151477500796318
18195,0.03899681195616722,0.033005490899086
18196,0.06162961572408676,0.05668181553483009
18197,0.04706791415810585,0.039147429168224335
18198,0.0324338898062706,0.02749290131032467
18199,0.03018958680331707,0.04075833037495613
18200,0.03484104573726654,0.025895236060023308
18201,0.03779582679271698,0.029772065579891205
18202,0.03686881437897682,0.048376087099313736
18203,0.03172222897410393,0.022284172475337982
18204,0.040526773780584335,0.031080983579158783
18205,0.046461112797260284,0.049268051981925964
18206,0.0400630384683609,0.02359270490705967
18207,0.039907846599817276,0.0296282060444355
18208,0.04537358507514,0.04745364189147949
18209,0.05447724834084511,0.04067612066864967
18210,0.04179444909095764,0.034495700150728226
18211,0.02944849245250225,0.018105046823620796
18212,0.03248010203242302,0.02081393636763096
18213,-0.0021648521069437265,-0.012376424856483936
18214,0.022515958175063133,0.03184289485216141
18215,0.031512148678302765,0.026768812909722328
18216,0.030995231121778488,0.02902483381330967
18217,0.05189843475818634,0.050182778388261795
18218,0.046338144689798355,0.04324006289243698
18219,0.060833655297756195,0.07119165360927582
18220,0.06261900067329407,0.055953919887542725
18221,0.06021331250667572,0.041866227984428406
18222,0.04996884614229202,0.03540850803256035
18223,0.04932800307869911,0.04305245354771614
18224,0.05167822539806366,0.044475406408309937
18225,0.05068333074450493,0.0417046882212162
18226,0.05842585489153862,0.04662397503852844
18227,0.07014258205890656,0.06374910473823547
18228,0.05477556958794594,0.03476151451468468
18229,0.03315115347504616,0.020733769983053207
18230,0.04303496703505516,0.03529416024684906
18231,0.03097345493733883,0.023601343855261803
18232,0.03131508082151413,0.030360998585820198
18233,0.04772814363241196,0.04155316948890686
18234,0.03216133266687393,0.02160554938018322
18235,0.025126392021775246,0.02619050070643425
18236,0.03754132241010666,0.039176974445581436
18237,0.05070444196462631,0.04594571888446808
18238,0.05849858745932579,0.04599188640713692
18239,0.03763895854353905,0.044103845953941345
18240,0.05337055027484894,0.04779347404837608
18241,0.0511617586016655,0.029762910678982735
18242,0.044590819627046585,0.033319734036922455
18243,0.037462443113327026,0.02457168884575367
18244,0.024314558133482933,0.016630372032523155
18245,0.022706380113959312,0.013400230556726456
18246,0.03438931703567505,0.03493881970643997
18247,0.04439523071050644,0.036816906183958054
18248,0.052547480911016464,0.03821664676070213
18249,0.05967821180820465,0.0585709773004055
18250,0.0490553118288517,0.03436310589313507
18251,0.037217289209365845,0.027926146984100342
18252,0.025058848783373833,0.015825537964701653
18253,0.029485240578651428,0.021051162853837013
18254,0.03051161579787731,0.03013269603252411
18255,0.03266308456659317,0.028321875259280205
18256,0.038568563759326935,0.03283188119530678
18257,0.04747508093714714,0.03486928716301918
18258,0.044359348714351654,0.04001421853899956
18259,0.06732425838708878,0.05825752764940262
18260,0.04884812608361244,0.02988441102206707
18261,0.02735414355993271,0.02283410355448723
18262,0.03644772991538048,0.0188304390758276
18263,0.04136067256331444,0.03755372017621994
18264,0.05115284398198128,0.060167841613292694
18265,0.0451427698135376,0.036465298384428024
18266,0.07170841842889786,0.055141136050224304
18267,0.055633459240198135,0.04972775653004646
18268,0.06975546479225159,0.05794672295451164
18269,0.06625420600175858,0.04800901189446449
18270,0.04017973691225052,0.030334314331412315
18271,0.045192569494247437,0.02913890779018402
18272,0.03623008355498314,0.04005080461502075
18273,0.04172860085964203,0.022076789289712906
18274,0.02895195782184601,0.011513888835906982
18275,0.025925412774086,0.022258460521697998
18276,0.03920940309762955,0.031200600787997246
18277,0.02829992212355137,0.02237706072628498
18278,0.031890351325273514,0.02371932379901409
18279,0.03304949775338173,0.03452816978096962
18280,0.048783447593450546,0.040613818913698196
18281,0.04715878888964653,0.042034029960632324
18282,0.03341062739491463,0.03915410116314888
18283,0.05340522900223732,0.040497273206710815
18284,0.060203224420547485,0.052728813141584396
18285,0.050673339515924454,0.04338682442903519
18286,0.07512860000133514,0.046174921095371246
18287,0.06916992366313934,0.060942258685827255
18288,0.06286633759737015,0.05909555405378342
18289,0.06761269271373749,0.060367401689291
18290,0.04106835648417473,0.031480271369218826
18291,0.06876017898321152,0.05734192952513695
18292,0.04079838842153549,0.03651599958539009
18293,0.05926281213760376,0.0567319355905056
18294,0.05076531693339348,0.03455197438597679
18295,0.0415835976600647,0.03650089353322983
18296,0.06321872025728226,0.06732188910245895
18297,0.07149601727724075,0.054681479930877686
18298,0.07465888559818268,0.06905509531497955
18299,0.06326454132795334,0.042042870074510574
18300,0.04629470035433769,0.03717923164367676
18301,0.04634809121489525,0.035291239619255066
18302,0.03573229908943176,0.02123398147523403
18303,0.04169450327754021,0.029611162841320038
18304,0.04404763877391815,0.03181488811969757
18305,0.04678811877965927,0.03199533000588417
18306,0.027231279760599136,0.014031619764864445
18307,0.025930538773536682,0.02585221640765667
18308,0.021369075402617455,0.03684296831488609
18309,0.05909673497080803,0.06508972495794296
18310,0.07265833765268326,0.06334235519170761
18311,0.057320255786180496,0.035934653133153915
18312,0.03282548487186432,0.03130696713924408
18313,0.03646738454699516,0.016948722302913666
18314,0.01247641071677208,0.01500331424176693
18315,0.03333460912108421,0.02250088006258011
18316,0.035835590213537216,0.027275623753666878
18317,0.04439115524291992,0.04030871391296387
18318,0.041913826018571854,0.048694711178541183
18319,0.06192749738693237,0.0437694787979126
18320,0.05595245957374573,0.038989726454019547
18321,0.07268305867910385,0.07757356762886047
18322,0.07897115498781204,0.07293953001499176
18323,0.061761703342199326,0.06316664069890976
18324,0.0520596019923687,0.045936405658721924
18325,0.050970207899808884,0.04052358120679855
18326,0.045116446912288666,0.024984082207083702
18327,0.056340232491493225,0.04970534145832062
18328,0.04973244667053223,0.03362899273633957
18329,0.042100563645362854,0.034939493983983994
18330,0.03215568885207176,0.01656181737780571
18331,0.01969042979180813,0.015684308484196663
18332,0.030075090005993843,0.01347788143903017
18333,0.022858548909425735,0.017978357151150703
18334,0.03689418360590935,0.03050345741212368
18335,0.06289736926555634,0.061625946313142776
18336,0.07074495404958725,0.06679177284240723
18337,0.057763971388339996,0.054329853504896164
18338,0.06806934624910355,0.05254640057682991
18339,0.057722657918930054,0.04322649911046028
18340,0.051722802221775055,0.05000223591923714
18341,0.04922235757112503,0.03276825323700905
18342,0.05630236864089966,0.05463404208421707
18343,0.05700111761689186,0.052606791257858276
18344,0.06136052682995796,0.05642593652009964
18345,0.06440653651952744,0.05674569681286812
18346,0.05042538046836853,0.04191027581691742
18347,0.041058506816625595,0.044199712574481964
18348,0.057723768055438995,0.03821633756160736
18349,0.044847775250673294,0.01382520142942667
18350,0.05029087886214256,0.0334901288151741
18351,0.026492830365896225,0.026768537238240242
18352,0.020005308091640472,0.01132816169410944
18353,0.026616185903549194,0.014209886081516743
18354,0.030734049156308174,0.026679879054427147
18355,0.037307385355234146,0.027432279661297798
18356,0.050285838544368744,0.05700712278485298
18357,0.05085399001836777,0.05028660595417023
18358,0.05443509668111801,0.027374396100640297
18359,0.04930957779288292,0.03795159235596657
18360,0.04916919022798538,0.03389807790517807
18361,0.04441799595952034,0.04175221920013428
18362,0.05065486952662468,0.045479532331228256
18363,0.05927564948797226,0.046948421746492386
18364,0.03789408504962921,0.04752989485859871
18365,0.05579410493373871,0.04934287443757057
18366,0.05235175043344498,0.04029121622443199
18367,0.047893375158309937,0.048773396760225296
18368,0.058748017996549606,0.0543585941195488
18369,0.04293050244450569,0.04292735829949379
18370,0.04890556260943413,0.051460493355989456
18371,0.05851433426141739,0.05728987604379654
18372,0.06539513915777206,0.05780305713415146
18373,0.04666043072938919,0.037253785878419876
18374,0.047412775456905365,0.03952658921480179
18375,0.04513902589678764,0.035830315202474594
18376,0.04084239900112152,0.037216395139694214
18377,0.03936418890953064,0.043368756771087646
18378,0.03007846139371395,0.023884553462266922
18379,0.03159438818693161,0.02942890115082264
18380,0.03885606303811073,0.033174779266119
18381,0.035196252167224884,0.015818553045392036
18382,0.04138592258095741,0.03701484203338623
18383,0.04849345237016678,0.03957540914416313
18384,0.05499310791492462,0.048112109303474426
18385,0.06595557928085327,0.0627937763929367
18386,0.06136609986424446,0.05275522544980049
18387,0.05641729384660721,0.05183380842208862
18388,0.04132235422730446,0.024842265993356705
18389,0.03783917427062988,0.03264303132891655
18390,0.038689304143190384,0.04632272571325302
18391,0.05843065306544304,0.04968186840415001
18392,0.04919128119945526,0.043255943804979324
18393,0.04208992421627045,0.04529206454753876
18394,0.060819461941719055,0.036733873188495636
18395,0.04852057620882988,0.031178660690784454
18396,0.03877563029527664,0.03491366282105446
18397,0.05492258071899414,0.04820550978183746
18398,0.05788953974843025,0.05159211903810501
18399,0.04219910502433777,0.04758833348751068
18400,0.06251753121614456,0.03412986919283867
18401,0.02310376800596714,0.020133808255195618
18402,0.02185691148042679,0.02106836810708046
18403,0.0219735000282526,0.0033129616640508175
18404,0.03897722065448761,0.05443325638771057
18405,0.042123448103666306,0.036689262837171555
18406,0.035164088010787964,0.025624249130487442
18407,0.028647921979427338,0.03871564939618111
18408,0.043081846088171005,0.04080008342862129
18409,0.04453975707292557,0.035758793354034424
18410,0.031548239290714264,0.030086256563663483
18411,0.031185200437903404,0.031710706651210785
18412,0.029350697994232178,0.015898674726486206
18413,0.043908946216106415,0.03316060081124306
18414,0.06305104494094849,0.07659030705690384
18415,0.07917337864637375,0.0598832406103611
18416,0.061626698821783066,0.06324179470539093
18417,0.07019099593162537,0.058985982090234756
18418,0.05532624572515488,0.05316396430134773
18419,0.0549456812441349,0.05015912652015686
18420,0.05220895633101463,0.046203576028347015
18421,0.032141488045454025,0.03892538323998451
18422,0.04768073186278343,0.03362371399998665
18423,0.031086867675185204,0.023723360151052475
18424,0.030975406989455223,0.03135252743959427
18425,0.04283953458070755,0.03727325424551964
18426,0.028711721301078796,0.01657443679869175
18427,0.023710377514362335,0.019190756604075432
18428,0.04937346279621124,0.02414648048579693
18429,0.028938638046383858,0.021579500287771225
18430,0.026710350066423416,0.031336329877376556
18431,0.026033174246549606,0.03200167044997215
18432,0.03161440044641495,0.01919395662844181
18433,0.04662200063467026,0.054775338619947433
18434,0.08399447053670883,0.07343374192714691
18435,0.06188090890645981,0.05243358016014099
18436,0.05209236219525337,0.0532320961356163
18437,0.053395599126815796,0.04849744215607643
18438,0.049739789217710495,0.030092082917690277
18439,0.04834756255149841,0.04521839693188667
18440,0.052730925381183624,0.04063256457448006
18441,0.047014299780130386,0.03432918339967728
18442,0.02573479898273945,0.03822389245033264
18443,0.033348359167575836,0.03094915859401226
18444,0.04019470512866974,0.03857145458459854
18445,0.0459558367729187,0.055144570767879486
18446,0.043375834822654724,0.03345860540866852
18447,0.033553384244441986,0.026339352130889893
18448,0.018927056342363358,0.01585315726697445
18449,0.021110232919454575,0.011417101137340069
18450,0.027228297665715218,0.03338821977376938
18451,0.04140428453683853,0.036416370421648026
18452,0.055909112095832825,0.039710357785224915
18453,0.04223360866308212,0.03202378377318382
18454,0.04154042527079582,0.03704977408051491
18455,0.03646017238497734,0.031073318794369698
18456,0.03242139145731926,0.02728896029293537
18457,0.054793912917375565,0.04883148521184921
18458,0.04889766126871109,0.041613686829805374
18459,0.041622985154390335,0.03855656087398529
18460,0.05240650102496147,0.044444505125284195
18461,0.06223740056157112,0.06056340038776398
18462,0.06263132393360138,0.05689716339111328
18463,0.06349289417266846,0.048206571489572525
18464,0.04385433346033096,0.04039023444056511
18465,0.04402260109782219,0.04582313448190689
18466,0.04887022450566292,0.04329608008265495
18467,0.023140862584114075,0.02350284345448017
18468,0.05059861019253731,0.04085169732570648
18469,0.053831811994314194,0.04526790231466293
18470,0.03915794938802719,0.023102423176169395
18471,0.03254564106464386,0.016702964901924133
18472,0.0060380809009075165,0.009812467731535435
18473,0.0012273795437067747,-0.0009814533405005932
18474,0.016581134870648384,0.00927765853703022
18475,0.013835601508617401,0.013317682780325413
18476,0.02745751664042473,0.02775481343269348
18477,0.034842755645513535,0.026270443573594093
18478,0.03202245384454727,0.02654809132218361
18479,0.03360747545957565,0.02655279077589512
18480,0.020711926743388176,0.010257706977427006
18481,0.028287768363952637,0.03236840292811394
18482,0.04405771940946579,0.023440921679139137
18483,0.03009009175002575,0.018054120242595673
18484,0.01759234443306923,0.021212363615632057
18485,0.011190935038030148,-0.0028118493501096964
18486,0.007695132400840521,0.0054281651973724365
18487,0.024638423696160316,0.02702164277434349
18488,0.03645247966051102,0.03266414254903793
18489,0.040094200521707535,0.030267242342233658
18490,0.03028200753033161,0.043636199086904526
18491,0.031154008582234383,0.031355198472738266
18492,0.03709512948989868,0.03227584809064865
18493,0.0389874130487442,0.034380629658699036
18494,0.04561920464038849,0.039486002177000046
18495,0.043810274451971054,0.031615883111953735
18496,0.0536709763109684,0.04749073460698128
18497,0.05181847885251045,0.046666909009218216
18498,0.0673477053642273,0.054829854518175125
18499,0.06151917949318886,0.04698910191655159
18500,0.04459844529628754,0.04798788204789162
18501,0.05752342566847801,0.05309312418103218
18502,0.06902062147855759,0.06138516217470169
18503,0.06069548428058624,0.05528848245739937
18504,0.04306406155228615,0.02367609366774559
18505,0.044774383306503296,0.05433184653520584
18506,0.04161185026168823,0.043072089552879333
18507,0.022354885935783386,0.020666301250457764
18508,0.03495368734002113,0.033690549433231354
18509,0.03625476732850075,0.021277302876114845
18510,0.03066406399011612,0.03127644211053848
18511,0.03403933346271515,0.023710571229457855
18512,0.05227791517972946,0.058194804936647415
18513,0.07145847380161285,0.059833552688360214
18514,0.05028144642710686,0.04416521638631821
18515,0.059852857142686844,0.05065343901515007
18516,0.06769055128097534,0.06699024885892868
18517,0.07735913246870041,0.06406303495168686
18518,0.06465474516153336,0.045750636607408524
18519,0.03921094536781311,0.0154028395190835
18520,0.05806819349527359,0.038428813219070435
18521,0.04131743684411049,0.04107770323753357
18522,0.03429373726248741,0.028073212131857872
18523,0.04332484304904938,0.04078364372253418
18524,0.04066704213619232,0.041768018156290054
18525,0.044361263513565063,0.036700163036584854
18526,0.049127280712127686,0.03795472905039787
18527,0.05858859792351723,0.05446804687380791
18528,0.06537393480539322,0.0660957545042038
18529,0.05921860784292221,0.06319157034158707
18530,0.03435349836945534,0.029614632949233055
18531,0.04278389364480972,0.031062018126249313
18532,0.055460374802351,0.04616723209619522
18533,0.05388365313410759,0.05539293587207794
18534,0.061449624598026276,0.05630920082330704
18535,0.05167137458920479,0.04540600627660751
18536,0.06042587012052536,0.049456994980573654
18537,0.059530969709157944,0.04733534902334213
18538,0.06249920278787613,0.05251822620630264
18539,0.047079384326934814,0.0466771274805069
18540,0.03194432333111763,0.018894966691732407
18541,0.054543010890483856,0.04758376255631447
18542,0.04753478243947029,0.051072314381599426
18543,0.0488695465028286,0.037655990570783615
18544,0.029651857912540436,0.008998855948448181
18545,0.016111357137560844,0.016990307718515396
18546,0.035839758813381195,0.03329329565167427
18547,0.0377187579870224,0.03356606885790825
18548,0.01874961331486702,0.0012288503348827362
18549,0.018861202523112297,0.013468700461089611
18550,0.01807219907641411,0.009771592915058136
18551,0.024659786373376846,0.01795119233429432
18552,0.03757329657673836,0.027152275666594505
18553,0.032691020518541336,0.04896489903330803
18554,0.058400481939315796,0.05111697316169739
18555,0.04566081240773201,0.02821863256394863
18556,0.029218243435025215,0.03344843536615372
18557,0.029353151097893715,0.029078610241413116
18558,0.037760179489851,0.03346846252679825
18559,0.06181478500366211,0.04547727853059769
18560,0.04566001147031784,0.042647331953048706
18561,0.03341221064329147,0.045335572212934494
18562,0.06591327488422394,0.05862360820174217
18563,0.058563098311424255,0.040014397352933884
18564,0.042426154017448425,0.02420184575021267
18565,0.04465421661734581,0.04136528819799423
18566,0.04512399807572365,0.03729310259222984
18567,0.049828749150037766,0.03873497247695923
18568,0.041613250970840454,0.042796242982149124
18569,0.03966645151376724,0.030553152784705162
18570,0.01880839839577675,0.0096180634573102
18571,0.016282904893159866,0.010603854432702065
18572,0.026545587927103043,0.03308900445699692
18573,0.030506106093525887,0.030352868139743805
18574,0.03988724201917648,0.0411398746073246
18575,0.0367591567337513,0.029340824112296104
18576,0.04031793773174286,0.043617893010377884
18577,0.04651608318090439,0.05601860210299492
18578,0.053668949753046036,0.052582431584596634
18579,0.06619961559772491,0.04888702183961868
18580,0.0716303288936615,0.06357583403587341
18581,0.061944883316755295,0.0526033453643322
18582,0.046881116926670074,0.04553189501166344
18583,0.05478377640247345,0.047281425446271896
18584,0.041440680623054504,0.022802188992500305
18585,0.038203444331884384,0.039743274450302124
18586,0.04115638881921768,0.02671133726835251
18587,0.03356722742319107,0.029000213369727135
18588,0.0400322861969471,0.031912967562675476
18589,0.024138038977980614,0.03195882588624954
18590,0.06144212931394577,0.04678600654006004
18591,0.03979339450597763,0.04409344121813774
18592,0.01952129602432251,0.007538210600614548
18593,0.04555390030145645,0.03861800208687782
18594,0.03811287507414818,0.02505999431014061
18595,0.04493211582303047,0.026450522243976593
18596,0.05378672108054161,0.04498516768217087
18597,0.05820608139038086,0.05097094178199768
18598,0.06864001601934433,0.06020546704530716
18599,0.06602143496274948,0.058316413313150406
18600,0.07879729568958282,0.06007814407348633
18601,0.047792065888643265,0.030390547588467598
18602,0.028662916272878647,0.035472940653562546
18603,0.04176869988441467,0.04245654121041298
18604,0.054956186562776566,0.04775061458349228
18605,0.04304685816168785,0.04020805284380913
18606,0.043798886239528656,0.023058593273162842
18607,0.037507105618715286,0.024066034704446793
18608,0.041874129325151443,0.05692228674888611
18609,0.06109671667218208,0.03336145728826523
18610,0.06223544478416443,0.049160439521074295
18611,0.053421635180711746,0.04822838678956032
18612,0.04926443472504616,0.041509807109832764
18613,0.0456375889480114,0.03628784790635109
18614,0.05949367210268974,0.05125672370195389
18615,0.04767364636063576,0.05770128220319748
18616,0.04967181012034416,0.03710969537496567
18617,0.057340238243341446,0.041768476366996765
18618,0.0337044782936573,0.022648226469755173
18619,0.035042934119701385,0.02745245397090912
18620,0.03977080062031746,0.031732384115457535
18621,0.059043388813734055,0.04830622673034668
18622,0.04498296231031418,0.03758307546377182
18623,0.07938256859779358,0.06407520920038223
18624,0.07006768882274628,0.06065506115555763
18625,0.06267049163579941,0.0528971292078495
18626,0.06136137247085571,0.058873288333415985
18627,0.05150585249066353,0.042966824024915695
18628,0.040794454514980316,0.038354914635419846
18629,0.03032100945711136,0.023643143475055695
18630,0.03686698526144028,0.0351109504699707
18631,0.04186130687594414,0.039376962929964066
18632,0.05028201639652252,0.03721550852060318
18633,0.060937363654375076,0.0492008700966835
18634,0.06010522320866585,0.046942904591560364
18635,0.03962094709277153,0.031101182103157043
18636,0.03713516518473625,0.02492556907236576
18637,0.011953826993703842,0.019129063934087753
18638,0.0335204117000103,0.02948834002017975
18639,0.034071750938892365,0.02802785485982895
18640,0.04315579682588577,0.04280117526650429
18641,0.059699803590774536,0.056872811168432236
18642,0.04680071398615837,0.031158728525042534
18643,0.04084585979580879,0.020641036331653595
18644,0.03344601020216942,0.03136282414197922
18645,0.03764418885111809,0.02586415782570839
18646,0.04049980267882347,0.032753415405750275
18647,0.04756978526711464,0.022493943572044373
18648,0.02233501337468624,-0.002045517321676016
18649,0.012076687067747116,-0.0054221441969275475
18650,0.0038992511108517647,0.001660609501414001
18651,0.023573921993374825,0.0153551260009408
18652,0.046789444983005524,0.05529893562197685
18653,0.04839269071817398,0.037247177213430405
18654,0.03842031955718994,0.035410501062870026
18655,0.045257676392793655,0.03767719864845276
18656,0.04955483600497246,0.027852067723870277
18657,0.04051799699664116,0.03807799518108368
18658,0.03726158291101456,0.039706554263830185
18659,0.04738746955990791,0.053686562925577164
18660,0.05356645956635475,0.04476989805698395
18661,0.05102738365530968,0.05189082771539688
18662,0.049156513065099716,0.04530515521764755
18663,0.046035245060920715,0.03934229910373688
18664,0.03344407305121422,0.02170468680560589
18665,0.03753543272614479,0.03254624828696251
18666,0.04698963463306427,0.04269656911492348
18667,0.03645389527082443,0.02807684801518917
18668,0.010218839161098003,0.01860138401389122
18669,0.029955601319670677,0.01850326545536518
18670,0.022080564871430397,0.005778174847364426
18671,0.03143709525465965,0.032268695533275604
18672,0.03320898488163948,0.012322542257606983
18673,0.026867423206567764,0.02661578357219696
18674,0.018795037642121315,0.010269585996866226
18675,0.02315063774585724,0.016907546669244766
18676,0.03283868730068207,0.016369624063372612
18677,0.03136489540338516,0.026040425524115562
18678,0.030139820650219917,0.028662914410233498
18679,0.06032312288880348,0.05098607763648033
18680,0.053589556366205215,0.06538044661283493
18681,0.07389795035123825,0.05451928451657295
18682,0.03248181566596031,0.015409142710268497
18683,0.0456966869533062,0.03952619060873985
18684,0.04362230747938156,0.030414897948503494
18685,0.056039001792669296,0.040500152856111526
18686,0.04048304632306099,0.02056247740983963
18687,0.05180959030985832,0.04154963046312332
18688,0.06293649226427078,0.048839133232831955
18689,0.058727968484163284,0.04067210108041763
18690,0.055053140968084335,0.04291331395506859
18691,0.054366208612918854,0.05127030611038208
18692,0.05362958461046219,0.03303360939025879
18693,0.04955405369400978,0.04984986037015915
18694,0.059776630252599716,0.057057399302721024
18695,0.03399999812245369,0.02493676170706749
18696,0.04763244837522507,0.04277171567082405
18697,0.04612670838832855,0.04430808871984482
18698,0.07028575241565704,0.06747356802225113
18699,0.08451586216688156,0.08118521422147751
18700,0.07244765013456345,0.062188729643821716
18701,0.06660763919353485,0.06038789823651314
18702,0.039959438145160675,0.05647224560379982
18703,0.04715447872877121,0.03666225075721741
18704,0.043227847665548325,0.03429822623729706
18705,0.031383778899908066,0.05323680862784386
18706,0.05815945938229561,0.04835069552063942
18707,0.052824877202510834,0.049427032470703125
18708,0.04273509234189987,0.038891199976205826
18709,0.03313828259706497,0.03217688947916031
18710,0.05146075412631035,0.04029834270477295
18711,0.056863561272621155,0.04330385476350784
18712,0.05069030821323395,0.04265078157186508
18713,0.053327325731515884,0.05186474323272705
18714,0.04802015423774719,0.04570276290178299
18715,0.0406978577375412,0.026680806651711464
18716,0.030399801209568977,0.02468886598944664
18717,0.03569290041923523,0.03758649155497551
18718,0.05268613249063492,0.037396907806396484
18719,0.06069110706448555,0.05073222145438194
18720,0.04794339835643768,0.0411236472427845
18721,0.06026030704379082,0.04791150242090225
18722,0.04490198194980621,0.035337790846824646
18723,0.05295153334736824,0.04707704111933708
18724,0.0617164671421051,0.06550154834985733
18725,0.08287441730499268,0.0876166820526123
18726,0.0778491422533989,0.06785367429256439
18727,0.05758488550782204,0.05972687900066376
18728,0.04336918890476227,0.04693830758333206
18729,0.05039777606725693,0.03429916128516197
18730,0.04528411477804184,0.03461394086480141
18731,0.049951761960983276,0.03814829885959625
18732,0.039593297988176346,0.033017806708812714
18733,0.043980978429317474,0.03817414492368698
18734,0.027369996532797813,0.035367708653211594
18735,0.05780039727687836,0.03466923162341118
18736,0.04061533138155937,0.02943260222673416
18737,0.03139996528625488,0.027328187599778175
18738,0.04273373261094093,0.036541908979415894
18739,0.038801342248916626,0.025557521730661392
18740,0.028990890830755234,0.036439232528209686
18741,0.02029106207191944,0.011883510276675224
18742,0.041851118206977844,0.03320186957716942
18743,0.03176994249224663,0.020329030230641365
18744,0.04068814590573311,0.025752155110239983
18745,0.03323959559202194,0.031052740290760994
18746,0.04936932772397995,0.041043270379304886
18747,0.03980419784784317,0.03222007304430008
18748,0.054448604583740234,0.036623209714889526
18749,0.05466058477759361,0.05014769732952118
18750,0.051353637129068375,0.034871287643909454
18751,0.022919192910194397,0.017317991703748703
18752,0.026112059131264687,0.014834720641374588
18753,0.023801421746611595,0.022616179659962654
18754,0.019735291600227356,0.011158700101077557
18755,0.029015079140663147,0.03143001347780228
18756,0.0510265976190567,0.04423101246356964
18757,0.06474907696247101,0.061853110790252686
18758,0.05127749592065811,0.0342240072786808
18759,0.05280201882123947,0.04773471876978874
18760,0.06315883249044418,0.04648137837648392
18761,0.058135736733675,0.056986771523952484
18762,0.03952785208821297,0.03679906576871872
18763,0.0416911318898201,0.03318708389997482
18764,0.04473412409424782,0.04896990582346916
18765,0.055877212435007095,0.05481870472431183
18766,0.04106637090444565,0.01746482215821743
18767,0.02538144215941429,0.01724843680858612
18768,0.011787410825490952,0.005178803578019142
18769,0.02814924344420433,0.025129884481430054
18770,0.022524669766426086,0.02341449446976185
18771,0.0319417379796505,0.016351856291294098
18772,0.029107313603162766,0.028904378414154053
18773,0.05685318261384964,0.04095735028386116
18774,0.04416834935545921,0.05026010051369667
18775,0.04989567771553993,0.025047412142157555
18776,0.03766608610749245,0.036039724946022034
18777,0.03095271624624729,0.040868502110242844
18778,0.07133009284734726,0.05738366022706032
18779,0.058926232159137726,0.07327845692634583
18780,0.07409851998090744,0.06955438107252121
18781,0.06913502514362335,0.05631216615438461
18782,0.04746727645397186,0.03782133758068085
18783,0.034951936453580856,0.023255469277501106
18784,0.039264608174562454,0.04851094260811806
18785,0.03686228767037392,0.02560228668153286
18786,0.047559309750795364,0.043057721108198166
18787,0.04545685276389122,0.03487406671047211
18788,0.0629526898264885,0.03284865990281105
18789,0.06261783093214035,0.053918689489364624
18790,0.0429830364882946,0.02666071429848671
18791,0.052261289209127426,0.034427255392074585
18792,0.05468706414103508,0.049757249653339386
18793,0.0591779500246048,0.05761054530739784
18794,0.06113775447010994,0.05928172916173935
18795,0.06329634040594101,0.05569063872098923
18796,0.05313923582434654,0.039236024022102356
18797,0.04018475115299225,0.02516467310488224
18798,0.028152717277407646,0.02858959510922432
18799,0.03710061311721802,0.035835664719343185
18800,0.030122529715299606,0.024102050811052322
18801,0.03510168567299843,0.02310645580291748
18802,0.05010206997394562,0.03254469111561775
18803,0.024578740820288658,0.016498597338795662
18804,0.017018409445881844,0.021595463156700134
18805,0.032207682728767395,0.028949692845344543
18806,0.027088018134236336,0.014893163926899433
18807,0.030297966673970222,0.02442930079996586
18808,0.035091910511255264,0.03607700765132904
18809,0.04248865321278572,0.0373954214155674
18810,0.026537764817476273,0.024983776733279228
18811,0.03209545090794563,0.03240004554390907
18812,0.03833464905619621,0.04454241320490837
18813,0.07252319902181625,0.07419925928115845
18814,0.07274670898914337,0.0725979134440422
18815,0.057725027203559875,0.046900853514671326
18816,0.03531928360462189,0.033739425241947174
18817,0.04885957017540932,0.03514942154288292
18818,0.0426921546459198,0.03473608195781708
18819,0.031229767948389053,0.033230431377887726
18820,0.03173835948109627,0.03299156576395035
18821,0.04192531108856201,0.021838221698999405
18822,0.024350481107831,0.012253103777766228
18823,0.02225441113114357,0.01641657017171383
18824,0.042351529002189636,0.04330900311470032
18825,0.04321826994419098,0.03169672563672066
18826,0.04354232922196388,0.024055806919932365
18827,0.044128384441137314,0.04165634140372276
18828,0.059703465551137924,0.049285512417554855
18829,0.059821367263793945,0.052294086664915085
18830,0.06505981832742691,0.03799895569682121
18831,0.02515863999724388,0.0154966926202178
18832,0.031716201454401016,0.019854232668876648
18833,0.02371848188340664,0.01709415577352047
18834,0.04692050814628601,0.04181931912899017
18835,0.043743524700403214,0.04460594058036804
18836,0.062061913311481476,0.0335124172270298
18837,0.03810889646410942,0.03893942013382912
18838,0.03764432296156883,0.040973637253046036
18839,0.053224172443151474,0.055355340242385864
18840,0.06496784836053848,0.047556884586811066
18841,0.0701991617679596,0.0600925013422966
18842,0.068943552672863,0.07064197957515717
18843,0.06117139756679535,0.0497046522796154
18844,0.03439338505268097,0.025323161855340004
18845,0.023525679484009743,0.01695525087416172
18846,0.027948644012212753,0.01109243556857109
18847,0.01920722797513008,0.015296397730708122
18848,0.041311897337436676,0.030527189373970032
18849,0.03600679710507393,0.03258584439754486
18850,0.0279487743973732,0.01516259741038084
18851,0.01580730825662613,0.0035651472862809896
18852,0.02175965905189514,0.019718827679753304
18853,0.03832872584462166,0.028926361352205276
18854,0.04118432477116585,0.04264337569475174
18855,0.037536587566137314,0.03160392493009567
18856,0.035623904317617416,0.040701743215322495
18857,0.06979650259017944,0.059800002723932266
18858,0.040612734854221344,0.030334938317537308
18859,0.04610373452305794,0.04650235176086426
18860,0.045666713267564774,0.04920808970928192
18861,0.03879793360829353,0.03935983031988144
18862,0.0474686361849308,0.04917774721980095
18863,0.0613124705851078,0.0561988465487957
18864,0.039054885506629944,0.03331176936626434
18865,0.04581636190414429,0.04946170374751091
18866,0.06028427183628082,0.04785709083080292
18867,0.03938835486769676,0.03923501446843147
18868,0.04836844652891159,0.0470634326338768
18869,0.048430558294057846,0.04061798006296158
18870,0.029746681451797485,0.0033924642484635115
18871,0.03596518561244011,0.02226893976330757
18872,0.05045308917760849,0.05968659371137619
18873,0.06523668766021729,0.05458648502826691
18874,0.07227423042058945,0.04910287261009216
18875,0.06351205706596375,0.05738591402769089
18876,0.06923308968544006,0.06309229880571365
18877,0.05602698028087616,0.039789218455553055
18878,0.04081724211573601,0.03478246182203293
18879,0.0485784076154232,0.041141580790281296
18880,0.03432231396436691,0.04930918291211128
18881,0.06710218638181686,0.05742329731583595
18882,0.06209435686469078,0.06426303088665009
18883,0.05047149956226349,0.03325393423438072
18884,0.03870280086994171,0.03215964138507843
18885,0.06077587604522705,0.049955807626247406
18886,0.04625774919986725,0.034307003021240234
18887,0.04178020730614662,0.050919875502586365
18888,0.057721033692359924,0.04416600614786148
18889,0.03417838737368584,0.025025898590683937
18890,0.036690644919872284,0.025007689371705055
18891,0.034467075020074844,0.024886716157197952
18892,0.05976373329758644,0.04799427092075348
18893,0.060092344880104065,0.04239119216799736
18894,0.058838848024606705,0.05454600974917412
18895,0.04573984816670418,0.037381839007139206
18896,0.04311544448137283,0.03558358550071716
18897,0.04474800452589989,0.03804649040102959
18898,0.06975618004798889,0.054446857422590256
18899,0.06662680208683014,0.05057382211089134
18900,0.03985891491174698,0.02730172500014305
18901,0.038598790764808655,0.033557139337062836
18902,0.04754003509879112,0.04846832901239395
18903,0.06089872494339943,0.06213971599936485
18904,0.07411859929561615,0.060901056975126266
18905,0.049371201545000076,0.037446048110723495
18906,0.05458235368132591,0.03672056645154953
18907,0.03800378739833832,0.04238774627447128
18908,0.0460987314581871,0.039005815982818604
18909,0.06374040246009827,0.05379664897918701
18910,0.05789365991950035,0.050573017448186874
18911,0.04921222850680351,0.04413621872663498
18912,0.0624576136469841,0.039679594337940216
18913,0.05846229940652847,0.05771050229668617
18914,0.054132308810949326,0.04065059870481491
18915,0.04606592282652855,0.040058549493551254
18916,0.047754447907209396,0.04322684183716774
18917,0.0549943707883358,0.05129614472389221
18918,0.06328612565994263,0.05855463445186615
18919,0.060837000608444214,0.03868214040994644
18920,0.044244542717933655,0.0308533962816
18921,0.03383288159966469,0.022364947944879532
18922,0.02839338593184948,0.0334152989089489
18923,0.0400395542383194,0.03549445420503616
18924,0.026687296107411385,0.043118637055158615
18925,0.04906780272722244,0.041095320135354996
18926,0.05310869589447975,0.036273982375860214
18927,0.050121769309043884,0.04303305968642235
18928,0.060704175382852554,0.0399983674287796
18929,0.03839515522122383,0.028210174292325974
18930,0.031621601432561874,0.02666734904050827
18931,0.045428428798913956,0.02799350395798683
18932,0.049255259335041046,0.052217479795217514
18933,0.03986605256795883,0.03849812224507332
18934,0.03909312188625336,0.019948597997426987
18935,0.044918354600667953,0.04861380532383919
18936,0.049110546708106995,0.041636332869529724
18937,0.0361611545085907,0.037450097501277924
18938,0.07323581725358963,0.05397922173142433
18939,0.06049443781375885,0.05914420261979103
18940,0.07607781141996384,0.06760115176439285
18941,0.08226532489061356,0.06618525832891464
18942,0.07608245313167572,0.057095207273960114
18943,0.05243033543229103,0.05493807792663574
18944,0.08122792094945908,0.07145510613918304
18945,0.05675258859992027,0.04450652375817299
18946,0.04217446222901344,0.042536888271570206
18947,0.032601144164800644,0.03878774866461754
18948,0.02825821377336979,0.011470424011349678
18949,0.019071977585554123,0.009300441481173038
18950,0.029222331941127777,0.04006819427013397
18951,0.06957323104143143,0.06806482374668121
18952,0.0728912428021431,0.04767792299389839
18953,0.05678872391581535,0.06042115017771721
18954,0.06891006231307983,0.05630314350128174
18955,0.0434543751180172,0.055357541888952255
18956,0.06125336140394211,0.05064300447702408
18957,0.05357982590794563,0.04299784451723099
18958,0.05877470597624779,0.05217292904853821
18959,0.050200749188661575,0.04593183845281601
18960,0.05553523823618889,0.05076316371560097
18961,0.04307655245065689,0.059893544763326645
18962,0.05844646692276001,0.056190844625234604
18963,0.08310816437005997,0.06962110847234726
18964,0.07835972309112549,0.06820964068174362
18965,0.06243080273270607,0.06140147149562836
18966,0.06538579612970352,0.06076769530773163
18967,0.08581914007663727,0.0809195265173912
18968,0.07674799859523773,0.0545748770236969
18969,0.05682918429374695,0.039351917803287506
18970,0.05725063383579254,0.0477278046309948
18971,0.03800768405199051,0.023272549733519554
18972,0.02964053489267826,0.01955021545290947
18973,0.026199670508503914,0.02158539555966854
18974,0.01873655617237091,0.013340822421014309
18975,0.03946132957935333,0.04344278201460838
18976,0.050065841525793076,0.05285319685935974
18977,0.057858649641275406,0.05468853935599327
18978,0.04976772516965866,0.046112917363643646
18979,0.057680893689394,0.047568049281835556
18980,0.05056163668632507,0.045309796929359436
18981,0.04959480091929436,0.05235181748867035
18982,0.06641644984483719,0.0505923256278038
18983,0.04783858731389046,0.04048783332109451
18984,0.04340933635830879,0.032091978937387466
18985,0.04666616767644882,0.038888975977897644
18986,0.06312250345945358,0.06538490206003189
18987,0.06994543224573135,0.05794575437903404
18988,0.04278430715203285,0.018728626891970634
18989,0.03286508470773697,0.029391568154096603
18990,0.033693403005599976,0.023035243153572083
18991,0.04128974676132202,0.03395659849047661
18992,0.029178116470575333,0.02410866878926754
18993,0.02721438556909561,0.021073509007692337
18994,0.016707904636859894,0.005461557302623987
18995,0.029794985428452492,0.01810101792216301
18996,0.01634521409869194,0.013616923242807388
18997,0.030376175418496132,0.033528026193380356
18998,0.04850674048066139,0.05365869402885437
18999,0.05075972527265549,0.03424059599637985
19000,0.0558389388024807,0.043882597237825394
19001,0.04961364343762398,0.043116360902786255
19002,0.041263047605752945,0.03547258675098419
19003,0.037544358521699905,0.031816307455301285
19004,0.0535472072660923,0.0592336468398571
19005,0.0712767168879509,0.048318345099687576
19006,0.04312235116958618,0.04225483909249306
19007,0.04193458333611488,0.027947809547185898
19008,0.03918204456567764,0.04138180986046791
19009,0.04371915012598038,0.044334352016448975
19010,0.054942067712545395,0.04407689347863197
19011,0.050186313688755035,0.05048257112503052
19012,0.047396913170814514,0.04112909734249115
19013,0.06084944307804108,0.05942653864622116
19014,0.044779445976018906,0.03753966465592384
19015,0.06666985899209976,0.05219471454620361
19016,0.07516976445913315,0.0619010254740715
19017,0.07155027985572815,0.062107060104608536
19018,0.0713578388094902,0.0586264468729496
19019,0.06004594266414642,0.05123259499669075
19020,0.04970603063702583,0.034209784120321274
19021,0.034692782908678055,0.02925615757703781
19022,0.03864992409944534,0.019170911982655525
19023,0.027397485449910164,0.029500050470232964
19024,0.04198586195707321,0.02387797273695469
19025,0.03852318599820137,0.04150913655757904
19026,0.06829670816659927,0.05596292018890381
19027,0.06112758442759514,0.05534059926867485
19028,0.06674690544605255,0.07348163425922394
19029,0.07679661363363266,0.05785062164068222
19030,0.07487835735082626,0.06563366204500198
19031,0.06362000852823257,0.04963964223861694
19032,0.04258734732866287,0.025178998708724976
19033,0.012517889961600304,0.011669107712805271
19034,0.021813921630382538,0.00448782742023468
19035,0.009608743712306023,0.017914943397045135
19036,0.04573572427034378,0.03166501224040985
19037,0.03718648478388786,0.04609308019280434
19038,0.05380561575293541,0.04686226323246956
19039,0.04534909129142761,0.03535947948694229
19040,0.051869411021471024,0.05472578853368759
19041,0.04478844627737999,0.03835917264223099
19042,0.05260474234819412,0.0433637872338295
19043,0.037511054426431656,0.03396330401301384
19044,0.04155028238892555,0.0349530354142189
19045,0.06464496999979019,0.05654902011156082
19046,0.0655217096209526,0.05238477513194084
19047,0.0717160776257515,0.06101823225617409
19048,0.04533038288354874,0.03427053615450859
19049,0.02717048116028309,0.022105300799012184
19050,0.036071594804525375,0.01738317869603634
19051,0.026087023317813873,0.016554467380046844
19052,0.009807789698243141,-0.0008774062152951956
19053,0.008061526343226433,0.014203391969203949
19054,0.039017509669065475,0.03786133974790573
19055,0.046577900648117065,0.050958938896656036
19056,0.04867313802242279,0.040805280208587646
19057,0.03106166608631611,0.032467883080244064
19058,0.023193441331386566,0.024972926825284958
19059,0.03570602461695671,0.030943674966692924
19060,0.03908339887857437,0.04026572406291962
19061,0.056709714233875275,0.06127911061048508
19062,0.0360175184905529,0.030376117676496506
19063,0.030699877068400383,0.031108295544981956
19064,0.035470157861709595,0.022642528638243675
19065,0.045316457748413086,0.04648928344249725
19066,0.036259107291698456,0.034325942397117615
19067,0.038942012935876846,0.03487106040120125
19068,0.05849865451455116,0.03821798041462898
19069,0.06406651437282562,0.05618025362491608
19070,0.056969184428453445,0.05654439330101013
19071,0.04468584060668945,0.03552554175257683
19072,0.046434953808784485,0.04382261261343956
19073,0.0687040239572525,0.06183835119009018
19074,0.06399454921483994,0.04095372185111046
19075,0.033546846359968185,0.02365877293050289
19076,0.04965009540319443,0.046001821756362915
19077,0.06169319152832031,0.05229584500193596
19078,0.06517022848129272,0.05309690535068512
19079,0.05946881324052811,0.055245280265808105
19080,0.054476283490657806,0.0425654761493206
19081,0.053007762879133224,0.04945161193609238
19082,0.04771605134010315,0.04630650579929352
19083,0.0678648054599762,0.051222652196884155
19084,0.06686022877693176,0.05967090651392937
19085,0.07489315420389175,0.06640920788049698
19086,0.05297860503196716,0.029028629884123802
19087,0.012300198897719383,0.015527193434536457
19088,0.0271893460303545,0.016035955399274826
19089,0.02652376890182495,0.026693979278206825
19090,0.04020146280527115,0.038421630859375
19091,0.028976157307624817,0.01833631657063961
19092,0.02205699123442173,0.015767350792884827
19093,0.035464201122522354,0.03814646229147911
19094,0.0315718948841095,0.02875625528395176
19095,0.03473753109574318,0.034110721200704575
19096,0.05509944260120392,0.045764029026031494
19097,0.02232969179749489,0.024349065497517586
19098,0.04249857738614082,0.04918600991368294
19099,0.07228188216686249,0.06150529161095619
19100,0.07685641199350357,0.0588410310447216
19101,0.06778046488761902,0.060608137398958206
19102,0.04120975360274315,0.03385303542017937
19103,0.03530782088637352,0.019442105665802956
19104,0.03205263987183571,0.02493485063314438
19105,0.0031856943387538195,-0.0019247069722041488
19106,0.007340289186686277,0.009880735538899899
19107,0.034619636833667755,0.02054666355252266
19108,0.021944666281342506,0.021281251683831215
19109,0.03032662905752659,0.03337327390909195
19110,0.05011995881795883,0.0459667406976223
19111,0.07587266713380814,0.06679636240005493
19112,0.0606728233397007,0.04893481358885765
19113,0.043020863085985184,0.04967048764228821
19114,0.05987105891108513,0.04428467899560928
19115,0.05741237848997116,0.05715770646929741
19116,0.07806988060474396,0.05594594404101372
19117,0.062163230031728745,0.053692787885665894
19118,0.08333263546228409,0.07367081940174103
19119,0.07727567851543427,0.0558214895427227
19120,0.054872505366802216,0.05576752871274948
19121,0.06376535445451736,0.05583484470844269
19122,0.0612952820956707,0.05002302676439285
19123,0.04846156761050224,0.054770179092884064
19124,0.05790179222822189,0.044580958783626556
19125,0.06350692361593246,0.05373015254735947
19126,0.06613584607839584,0.05757850781083107
19127,0.06619537621736526,0.05486524850130081
19128,0.0641062930226326,0.03163759410381317
19129,0.02378157153725624,0.03421604633331299
19130,0.03628985583782196,0.024900956079363823
19131,0.021070828661322594,0.026328282430768013
19132,0.03883324936032295,0.026054369285702705
19133,0.019737238064408302,0.018676869571208954
19134,0.03929927200078964,0.04228333756327629
19135,0.05634990707039833,0.04463006556034088
19136,0.052751876413822174,0.03451171889901161
19137,0.040181297808885574,0.04366299510002136
19138,0.05762646719813347,0.057447466999292374
19139,0.06988155841827393,0.06204983964562416
19140,0.0748954489827156,0.0679149255156517
19141,0.05253312364220619,0.05264918878674507
19142,0.046003252267837524,0.03980289399623871
19143,0.0613526850938797,0.053521618247032166
19144,0.03858758509159088,0.03778380528092384
19145,0.02645891159772873,0.01309000514447689
19146,0.04480857402086258,0.03730043023824692
19147,0.045537304133176804,0.023738399147987366
19148,0.028590459376573563,0.027540262788534164
19149,0.019260544329881668,0.025875214487314224
19150,0.04524073377251625,0.045476242899894714
19151,0.048978716135025024,0.04465256631374359
19152,0.05561919882893562,0.039745450019836426
19153,0.038485269993543625,0.029218735173344612
19154,0.02322453446686268,0.020006079226732254
19155,0.022012554109096527,0.019098563119769096
19156,0.03314383327960968,0.04016145318746567
19157,0.04252364858984947,0.04153341427445412
19158,0.04896019026637077,0.03706005588173866
19159,0.042563870549201965,0.03302645683288574
19160,0.053995683789253235,0.0445329025387764
19161,0.056921303272247314,0.03326719254255295
19162,0.045864205807447433,0.036726027727127075
19163,0.03449404984712601,0.02709539793431759
19164,0.033834025263786316,0.03517414629459381
19165,0.022664381191134453,0.013547500595450401
19166,0.026708388701081276,0.015972699970006943
19167,0.004643438849598169,0.011777034029364586
19168,0.03725520893931389,0.026404401287436485
19169,0.04568841680884361,0.023179441690444946
19170,0.04548076540231705,0.030018052086234093
19171,0.061028722673654556,0.04559179022908211
19172,0.044427257031202316,0.04538871720433235
19173,0.027867240831255913,0.033008016645908356
19174,0.04044237732887268,0.02607087977230549
19175,0.02458919957280159,0.014234709553420544
19176,0.031127143651247025,0.03316470980644226
19177,0.04157275706529617,0.04421379789710045
19178,0.0537598542869091,0.05370229482650757
19179,0.0662752017378807,0.04469060152769089
19180,0.0529203861951828,0.055836357176303864
19181,0.04188511520624161,0.0323403961956501
19182,0.04218161106109619,0.02697840891778469
19183,0.048334430903196335,0.053299009799957275
19184,0.06683405488729477,0.05207071825861931
19185,0.045735977590084076,0.03678320720791817
19186,0.045547619462013245,0.042451586574316025
19187,0.047441016882658005,0.043236177414655685
19188,0.059921249747276306,0.059100281447172165
19189,0.062072303146123886,0.05058237910270691
19190,0.05846408009529114,0.04682328552007675
19191,0.05019104480743408,0.05280433967709541
19192,0.0701369196176529,0.06041167303919792
19193,0.0724138617515564,0.06290542334318161
19194,0.055076345801353455,0.05123002454638481
19195,0.05344894155859947,0.0457710362970829
19196,0.07688339054584503,0.06879687309265137
19197,0.07235962897539139,0.06663154810667038
19198,0.048688434064388275,0.04089744761586189
19199,0.049524858593940735,0.05083819478750229
19200,0.0453319251537323,0.03663364052772522
19201,0.06506477296352386,0.06456328928470612
19202,0.07410501688718796,0.066437266767025
19203,0.07469367980957031,0.07597322762012482
19204,0.06498785316944122,0.056678254157304764
19205,0.06735188513994217,0.044040292501449585
19206,0.0646461546421051,0.05153525993227959
19207,0.0601152740418911,0.044855911284685135
19208,0.05055538937449455,0.05746510624885559
19209,0.031367186456918716,0.04718004912137985
19210,0.06268783658742905,0.04815279692411423
19211,0.05694747716188431,0.04386031627655029
19212,0.06636013835668564,0.060523003339767456
19213,0.06451867520809174,0.06473712623119354
19214,0.04654425382614136,0.036809179931879044
19215,0.03673155978322029,0.04024433717131615
19216,0.04304002225399017,0.04357903450727463
19217,0.059532731771469116,0.05728653818368912
19218,0.07384904474020004,0.07237283885478973
19219,0.07535310834646225,0.0656467005610466
19220,0.053043659776449203,0.04809361323714256
19221,0.03739338740706444,0.037609927356243134
19222,0.06503372639417648,0.067604199051857
19223,0.0693853348493576,0.04486021026968956
19224,0.04762447252869606,0.03889014944434166
19225,0.05052221193909645,0.03847482055425644
19226,0.0476110503077507,0.05044110491871834
19227,0.050369564443826675,0.03821201249957085
19228,0.04870244488120079,0.03946144878864288
19229,0.020441744476556778,0.01598390005528927
19230,0.026079315692186356,0.02337786741554737
19231,0.0785466805100441,0.05821511521935463
19232,0.0545387789607048,0.0521395243704319
19233,0.05126653239130974,0.055705469101667404
19234,0.05075041949748993,0.05479872226715088
19235,0.049806877970695496,0.044680155813694
19236,0.06060665100812912,0.06487591564655304
19237,0.04708606004714966,0.04615369811654091
19238,0.0625312402844429,0.04281255230307579
19239,0.04916835576295853,0.039088744670152664
19240,0.05896368622779846,0.05702398344874382
19241,0.058603957295417786,0.05208636075258255
19242,0.05882703512907028,0.045859429985284805
19243,0.04314535856246948,0.030827220529317856
19244,0.03559819981455803,0.024717971682548523
19245,0.040152862668037415,0.041603997349739075
19246,0.040549326688051224,0.020827770233154297
19247,0.035285066813230515,0.042898379266262054
19248,0.03929191455245018,0.04253952577710152
19249,0.06938406080007553,0.06648002564907074
19250,0.0740724578499794,0.056920986622571945
19251,0.061623115092515945,0.040658801794052124
19252,0.05556454136967659,0.046611614525318146
19253,0.05759876221418381,0.05308258906006813
19254,0.05764000117778778,0.05271945893764496
19255,0.052672069519758224,0.05400147661566734
19256,0.043949056416749954,0.029541699215769768
19257,0.03387446328997612,0.0219543669372797
19258,0.0449407696723938,0.037128183990716934
19259,0.053321536630392075,0.05197608470916748
19260,0.049998365342617035,0.049655482172966
19261,0.054479219019412994,0.053441181778907776
19262,0.05823469161987305,0.05772431194782257
19263,0.06132498010993004,0.045323777943849564
19264,0.048777274787425995,0.043086595833301544
19265,0.05250067263841629,0.04612170532345772
19266,0.04042113199830055,0.03334614634513855
19267,0.049465328454971313,0.03602565824985504
19268,0.04007013514637947,0.0439588725566864
19269,0.041870709508657455,0.04065960645675659
19270,0.05870237573981285,0.04574704170227051
19271,0.04008162394165993,0.02307218313217163
19272,0.01979321800172329,0.016278984025120735
19273,0.029049759730696678,0.015364847145974636
19274,0.03649161756038666,0.022719169035553932
19275,0.04230105131864548,0.03274598717689514
19276,0.047936420887708664,0.0571150928735733
19277,0.0694151371717453,0.06000466272234917
19278,0.0540148988366127,0.04479248821735382
19279,0.05619930848479271,0.047488316893577576
19280,0.05208558216691017,0.04297976195812225
19281,0.037624042481184006,0.030512377619743347
19282,0.06413650512695312,0.04148397222161293
19283,0.051870912313461304,0.05208658054471016
19284,0.060648947954177856,0.06384655833244324
19285,0.07689991593360901,0.06800533086061478
19286,0.04939012974500656,0.043654732406139374
19287,0.047121867537498474,0.024336231872439384
19288,0.024536751210689545,0.022634228691458702
19289,0.03326466679573059,0.030481869354844093
19290,0.03706870600581169,0.023953866213560104
19291,0.05114061012864113,0.05679146572947502
19292,0.07219565659761429,0.06613315641880035
19293,0.06422141939401627,0.06464994698762894
19294,0.05305337533354759,0.047580838203430176
19295,0.04578559473156929,0.0390741191804409
19296,0.040258873254060745,0.027201062068343163
19297,0.026898769661784172,0.023625165224075317
19298,0.0469323955476284,0.03225785493850708
19299,0.045663874596357346,0.05709702521562576
19300,0.05678803101181984,0.05204030126333237
19301,0.05890856683254242,0.048002295196056366
19302,0.06495591253042221,0.061400048434734344
19303,0.05154053866863251,0.04077806696295738
19304,0.05443643033504486,0.047896403819322586
19305,0.05068570375442505,0.05225694179534912
19306,0.058936189860105515,0.06321731954813004
19307,0.07581841200590134,0.06649694591760635
19308,0.04086762294173241,0.03928119316697121
19309,0.05331368371844292,0.05214618146419525
19310,0.04353930056095123,0.05447201803326607
19311,0.04360317438840866,0.03659466281533241
19312,0.04433320090174675,0.040304508060216904
19313,0.04559206962585449,0.025563711300492287
19314,0.02389412187039852,0.021354135125875473
19315,0.028380729258060455,0.02143144980072975
19316,0.04628000408411026,0.045105837285518646
19317,0.053665388375520706,0.04900950938463211
19318,0.06290091574192047,0.052894990891218185
19319,0.06885478645563126,0.0558633916079998
19320,0.05866297706961632,0.0437375046312809
19321,0.0399869866669178,0.03602012246847153
19322,0.053317852318286896,0.053003933280706406
19323,0.07320964336395264,0.0737462267279625
19324,0.06912952661514282,0.05975892022252083
19325,0.060938380658626556,0.03752943128347397
19326,0.050747405737638474,0.046832405030727386
19327,0.048393651843070984,0.04341964051127434
19328,0.04830744117498398,0.05381122976541519
19329,0.046352773904800415,0.04460035637021065
19330,0.06305576115846634,0.05199041590094566
19331,0.05970105156302452,0.051417186856269836
19332,0.046441443264484406,0.041028767824172974
19333,0.036958593875169754,0.022714104503393173
19334,0.04621216282248497,0.03985374793410301
19335,0.07600412517786026,0.05930553004145622
19336,0.06655845046043396,0.03617643937468529
19337,0.04962458834052086,0.029473915696144104
19338,0.030764520168304443,0.0205145962536335
19339,0.056757330894470215,0.04156778007745743
19340,0.0652320459485054,0.06589044630527496
19341,0.06818609684705734,0.05209824815392494
19342,0.06485606729984283,0.061195336282253265
19343,0.04587947577238083,0.045333266258239746
19344,0.04727577045559883,0.03034759685397148
19345,0.01461976021528244,0.015377610921859741
19346,0.02912537381052971,0.03499780595302582
19347,0.03580351546406746,0.03206780552864075
19348,0.04608408361673355,0.036959439516067505
19349,0.05144917592406273,0.05592621862888336
19350,0.03050829842686653,0.019703036174178123
19351,0.02377023547887802,0.027300244197249413
19352,0.009007126092910767,0.013639888726174831
19353,0.041491128504276276,0.029968710616230965
19354,0.05359603092074394,0.05355803295969963
19355,0.045754410326480865,0.03697431460022926
19356,0.03983375430107117,0.0186636820435524
19357,0.027238840237259865,0.02809619903564453
19358,0.03689016029238701,0.033797409385442734
19359,0.05753389745950699,0.034235067665576935
19360,0.038639266043901443,0.025088803842663765
19361,0.046363819390535355,0.04162454232573509
19362,0.059702854603528976,0.03550858795642853
19363,0.03569602966308594,0.03009992465376854
19364,0.047696325927972794,0.039680905640125275
19365,0.04752983897924423,0.03326234221458435
19366,0.03789636492729187,0.029417311772704124
19367,0.03374228626489639,0.03207475692033768
19368,0.03998539596796036,0.04845346510410309
19369,0.06501646339893341,0.06103826314210892
19370,0.04974976181983948,0.037364885210990906
19371,0.05345717817544937,0.05277262628078461
19372,0.03403698652982712,0.023640049621462822
19373,0.0360131710767746,0.03552880138158798
19374,0.05509454384446144,0.058585274964571
19375,0.06617455184459686,0.057921089231967926
19376,0.06574792414903641,0.05830607935786247
19377,0.08601061254739761,0.07767650485038757
19378,0.05061065033078194,0.04426085948944092
19379,0.0393831841647625,0.03988473862409592
19380,0.052638355642557144,0.041656579822301865
19381,0.055577486753463745,0.030334236100316048
19382,0.04525073990225792,0.03798308223485947
19383,0.04671100527048111,0.045790597796440125
19384,0.0618373341858387,0.06122879311442375
19385,0.04399702325463295,0.0379570834338665
19386,0.02512715943157673,0.030742278322577477
19387,0.05141159147024155,0.04266274347901344
19388,0.04531171917915344,0.0479399673640728
19389,0.06682140380144119,0.06431953608989716
19390,0.049278952181339264,0.04765883833169937
19391,0.047765567898750305,0.05751439556479454
19392,0.043781403452157974,0.032481152564287186
19393,0.03688571974635124,0.03523096814751625
19394,0.04647103324532509,0.04507675766944885
19395,0.05420403927564621,0.04637420177459717
19396,0.05658045783638954,0.05361861735582352
19397,0.04150496423244476,0.03266756609082222
19398,0.05512888357043266,0.04072866216301918
19399,0.05938064306974411,0.052547942847013474
19400,0.042075954377651215,0.03694300353527069
19401,0.048899270594120026,0.023295531049370766
19402,0.040821004658937454,0.03275510296225548
19403,0.04503782093524933,0.03579599782824516
19404,0.03368065878748894,0.029377788305282593
19405,0.03149121627211571,0.04056528955698013
19406,0.05231083184480667,0.05971153825521469
19407,0.07513479888439178,0.07082970440387726
19408,0.07250972837209702,0.04670810326933861
19409,0.045229196548461914,0.044350285083055496
19410,0.06234447658061981,0.051372554153203964
19411,0.05773889273405075,0.03025321662425995
19412,0.0377393402159214,0.025353139266371727
19413,0.03972920402884483,0.03630632162094116
19414,0.04243028536438942,0.035215768963098526
19415,0.04932833090424538,0.045099928975105286
19416,0.047185637056827545,0.04324685409665108
19417,0.04976978152990341,0.02990572527050972
19418,0.034684181213378906,0.020217712968587875
19419,0.029955171048641205,0.03101484663784504
19420,0.0467105507850647,0.05859258770942688
19421,0.06844586133956909,0.06470359861850739
19422,0.05751953274011612,0.050127316266298294
19423,0.04105733335018158,0.03439905121922493
19424,0.04444306716322899,0.03754861652851105
19425,0.06013372913002968,0.05569272115826607
19426,0.06403371691703796,0.06313592195510864
19427,0.05991361662745476,0.06355427205562592
19428,0.05923813208937645,0.047278571873903275
19429,0.04789187014102936,0.04273046553134918
19430,0.05116140842437744,0.05227113142609596
19431,0.04946853965520859,0.04181329533457756
19432,0.04381052777171135,0.034518852829933167
19433,0.03399113193154335,0.035257115960121155
19434,0.07040160894393921,0.06029995158314705
19435,0.061064936220645905,0.05634436011314392
19436,0.06062079221010208,0.042401716113090515
19437,0.050310149788856506,0.03582118824124336
19438,0.04418592154979706,0.03503592684864998
19439,0.02676474303007126,0.01655544899404049
19440,0.03866586089134216,0.02750241756439209
19441,0.02142474614083767,0.018943514674901962
19442,0.024593370035290718,0.012108495458960533
19443,0.04152509570121765,0.03366221487522125
19444,0.04056758061051369,0.05938709154725075
19445,0.053206682205200195,0.043664898723363876
19446,0.048571646213531494,0.037371937185525894
19447,0.0389108769595623,0.01782943494617939
19448,0.04739557206630707,0.057134684175252914
19449,0.06358006596565247,0.04521172121167183
19450,0.05002203211188316,0.04683515429496765
19451,0.03938456252217293,0.03737678751349449
19452,0.05718109384179115,0.0485786572098732
19453,0.04091890901327133,0.01721160300076008
19454,0.03538690507411957,0.022454194724559784
19455,0.028272880241274834,0.031008534133434296
19456,0.04236306995153427,0.023992227390408516
19457,0.03067092038691044,0.022003550082445145
19458,0.03785011172294617,0.017263131216168404
19459,0.02692105993628502,0.021885674446821213
19460,0.027641456574201584,0.017359405755996704
19461,0.04282701388001442,0.03100256435573101
19462,0.05396237224340439,0.04973236471414566
19463,0.07034283131361008,0.061859872192144394
19464,0.05036308243870735,0.04164492338895798
19465,0.04230182245373726,0.04480460286140442
19466,0.05853071063756943,0.04343220219016075
19467,0.0317089669406414,0.027457835152745247
19468,0.027896838262677193,0.01064879447221756
19469,0.04238854721188545,0.03641020879149437
19470,0.04316113144159317,0.04251899942755699
19471,0.0537155419588089,0.044991541653871536
19472,0.07522489875555038,0.0669216513633728
19473,0.05916013941168785,0.0464697927236557
19474,0.04684574529528618,0.030447661876678467
19475,0.04448334872722626,0.04433692246675491
19476,0.048088379204273224,0.04713767021894455
19477,0.07583438605070114,0.06538435816764832
19478,0.0720565915107727,0.05754651129245758
19479,0.05768350139260292,0.044283151626586914
19480,0.03342292457818985,0.035227321088314056
19481,0.04926488175988197,0.032595179975032806
19482,0.0419791080057621,0.03946149721741676
19483,0.0710035189986229,0.03924492374062538
19484,0.06721001118421555,0.05745788663625717
19485,0.06006760895252228,0.05664149299263954
19486,0.05046712979674339,0.04070901498198509
19487,0.05752568319439888,0.04592352733016014
19488,0.03945699334144592,0.03279406949877739
19489,0.030965330079197884,0.030574876815080643
19490,0.024453328922390938,0.013188634067773819
19491,0.03508966043591499,0.02442382276058197
19492,0.04804600402712822,0.03516446053981781
19493,0.0394442155957222,0.027485301718115807
19494,0.014526975341141224,0.011608506552875042
19495,0.0282653346657753,0.018385224044322968
19496,0.024319756776094437,0.014139221981167793
19497,0.0031645300332456827,0.0156706515699625
19498,0.027016466483473778,0.019127577543258667
19499,0.027102937921881676,0.0291624553501606
19500,0.016764726489782333,0.01003725454211235
19501,0.01755228079855442,0.01687324047088623
19502,0.0346430279314518,0.0229030828922987
19503,0.054369691759347916,0.04370177537202835
19504,0.057905323803424835,0.05701042339205742
19505,0.056411296129226685,0.039150822907686234
19506,0.051215965300798416,0.0282759852707386
19507,0.040177106857299805,0.031766802072525024
19508,0.05320669710636139,0.05441166087985039
19509,0.0580558255314827,0.050492845475673676
19510,0.05992686748504639,0.04141618683934212
19511,0.0518299899995327,0.04361940175294876
19512,0.0532056987285614,0.0450408048927784
19513,0.031689513474702835,0.036816392093896866
19514,0.04631297290325165,0.0316392220556736
19515,0.04081881046295166,0.03542915731668472
19516,0.029079243540763855,0.022779420018196106
19517,0.029048826545476913,0.03078651987016201
19518,0.03448862582445145,0.049261972308158875
19519,0.04712524265050888,0.04745715484023094
19520,0.050139330327510834,0.05050739645957947
19521,0.04703633114695549,0.038409166038036346
19522,0.04604277014732361,0.053903210908174515
19523,0.0579693578183651,0.04567558690905571
19524,0.05075737088918686,0.04446962848305702
19525,0.04598499462008476,0.0412495993077755
19526,0.0362980030477047,0.023681895807385445
19527,0.038907308131456375,0.028351105749607086
19528,0.029143547639250755,0.03337259590625763
19529,0.04032104089856148,0.029572349041700363
19530,0.04387616366147995,0.03381665050983429
19531,0.05605556070804596,0.062470633536577225
19532,0.06445083022117615,0.0435224287211895
19533,0.04747798666357994,0.04122697189450264
19534,0.03663956746459007,0.024125024676322937
19535,0.026420144364237785,0.021181797608733177
19536,0.04273533821105957,0.026130057871341705
19537,0.02019580453634262,-0.0003159402112942189
19538,0.014587322250008583,0.009959539398550987
19539,0.02835843712091446,0.021910030394792557
19540,0.025650670751929283,0.009897463023662567
19541,0.016374533995985985,0.007932613603770733
19542,0.021577835083007812,0.021199433133006096
19543,0.023145172744989395,0.019898520782589912
19544,0.032348327338695526,0.03114144317805767
19545,0.05272809788584709,0.06087861955165863
19546,0.05513539910316467,0.04782133176922798
19547,0.053181540220975876,0.03344341740012169
19548,0.05679455026984215,0.049563419073820114
19549,0.04630663990974426,0.03625433146953583
19550,0.04076613113284111,0.02655331790447235
19551,0.03923766687512398,0.03214045986533165
19552,0.05007466673851013,0.0438445620238781
19553,0.04843157157301903,0.045037467032670975
19554,0.0484781488776207,0.0375208705663681
19555,0.019686013460159302,0.016272788867354393
19556,0.009722920134663582,0.0014491984620690346
19557,0.020831018686294556,0.014425873756408691
19558,0.028823301196098328,0.017210716381669044
19559,0.007607830688357353,0.013168353587388992
19560,0.019525472074747086,-0.007812140975147486
19561,0.028009692206978798,0.017433710396289825
19562,0.04864230751991272,0.047225672751665115
19563,0.03926253691315651,0.02449282631278038
19564,0.034819841384887695,0.03117593191564083
19565,0.02922125719487667,0.024402277544140816
19566,0.03641582280397415,0.025868840515613556
19567,0.050634436309337616,0.03748412802815437
19568,0.06239548698067665,0.055909767746925354
19569,0.05732373893260956,0.05650636553764343
19570,0.02543160505592823,0.028906088322401047
19571,0.058839231729507446,0.04354122653603554
19572,0.03231080248951912,0.03388345614075661
19573,0.028434425592422485,0.01527404971420765
19574,0.030082356184720993,0.006598492618650198
19575,0.02469877153635025,0.016258247196674347
19576,0.02925197221338749,0.03542415052652359
19577,0.05306778848171234,0.049640435725450516
19578,0.055292289704084396,0.040877144783735275
19579,0.04135919362306595,0.021152416244149208
19580,0.03567877411842346,0.03590855374932289
19581,0.055333323776721954,0.058285828679800034
19582,0.0681411474943161,0.04882369190454483
19583,0.04716096818447113,0.052431173622608185
19584,0.06124867871403694,0.0522606261074543
19585,0.07654190808534622,0.07733087986707687
19586,0.08347982168197632,0.0670412927865982
19587,0.052875861525535583,0.044566165655851364
19588,0.06073456257581711,0.03909692540764809
19589,0.03946545720100403,0.027666181325912476
19590,0.03791964426636696,0.04048246517777443
19591,0.042001113295555115,0.04030933231115341
19592,0.058807265013456345,0.05304981768131256
19593,0.061591655015945435,0.05739959329366684
19594,0.06892883032560349,0.05044325441122055
19595,0.06683958321809769,0.056714292615652084
19596,0.0743551179766655,0.07234550267457962
19597,0.04581229016184807,0.0328088104724884
19598,0.041827891021966934,0.03317370265722275
19599,0.02680906094610691,0.013328314758837223
19600,0.026489200070500374,0.0302804596722126
19601,0.04326888546347618,0.04138490557670593
19602,0.030732540413737297,0.029461195692420006
19603,0.050580937415361404,0.0428147129714489
19604,0.039919402450323105,0.028904827311635017
19605,0.04471539333462715,0.04582495987415314
19606,0.06061716750264168,0.04635722190141678
19607,0.05602308735251427,0.034951094537973404
19608,0.054819680750370026,0.054999299347400665
19609,0.042567018419504166,0.03702555224299431
19610,0.04640995338559151,0.023190265521407127
19611,0.050563208758831024,0.048678334802389145
19612,0.05769918113946915,0.05177333578467369
19613,0.052453432232141495,0.04096660390496254
19614,0.053048208355903625,0.04371999204158783
19615,0.06339885294437408,0.059240732342004776
19616,0.04439447447657585,0.04367697983980179
19617,0.054425500333309174,0.028717700392007828
19618,0.032800305634737015,0.03988968953490257
19619,0.0334063395857811,0.019859055057168007
19620,0.03650251030921936,0.029147053137421608
19621,0.05616945028305054,0.039373669773340225
19622,0.03673189505934715,0.039955757558345795
19623,0.046383172273635864,0.05343842878937721
19624,0.07530240714550018,0.07023388892412186
19625,0.08780183643102646,0.06103429198265076
19626,0.07575307041406631,0.07330437004566193
19627,0.09362269937992096,0.07200814038515091
19628,0.05865626409649849,0.059306785464286804
19629,0.06222027167677879,0.057091791182756424
19630,0.048743363469839096,0.034510280936956406
19631,0.03199377283453941,0.024958878755569458
19632,0.02990526705980301,0.021122783422470093
19633,0.03921154886484146,0.026087014004588127
19634,0.034321561455726624,0.031129246577620506
19635,0.029490772634744644,0.024927746504545212
19636,0.033462509512901306,0.03319113701581955
19637,0.0529334619641304,0.025449827313423157
19638,0.04023321345448494,0.03541025146842003
19639,0.02718416228890419,0.018368510529398918
19640,0.02959521859884262,0.01651286520063877
19641,0.01110392902046442,0.007651038002222776
19642,0.039172764867544174,0.044912189245224
19643,0.05222209170460701,0.053196944296360016
19644,0.058088354766368866,0.05742358788847923
19645,0.06515749543905258,0.06467074900865555
19646,0.07496864348649979,0.07785292714834213
19647,0.07922978699207306,0.07186752557754517
19648,0.06600337475538254,0.05118091404438019
19649,0.06546148657798767,0.06666136533021927
19650,0.07528902590274811,0.06596942991018295
19651,0.056589897722005844,0.044292155653238297
19652,0.05243781581521034,0.044204600155353546
19653,0.05205540731549263,0.040423545986413956
19654,0.051846619695425034,0.05073278769850731
19655,0.05229095742106438,0.056460440158843994
19656,0.06113079935312271,0.05875620245933533
19657,0.06476536393165588,0.04454624652862549
19658,0.04323526471853256,0.05139738321304321
19659,0.05730941891670227,0.0566987618803978
19660,0.05289992317557335,0.044232022017240524
19661,0.05899390950798988,0.039793066680431366
19662,0.05220140144228935,0.0419008731842041
19663,0.04012828692793846,0.040411483496427536
19664,0.042342912405729294,0.03419096767902374
19665,0.026252256706357002,0.032875217497348785
19666,0.03342039883136749,0.023960581049323082
19667,0.041917189955711365,0.031137797981500626
19668,0.03539978340268135,0.014654702506959438
19669,0.018506135791540146,0.01671701855957508
19670,0.02304692752659321,0.009117869660258293
19671,0.013144721277058125,-0.0013665130827575922
19672,0.021617364138364792,0.021661709994077682
19673,0.008271266706287861,0.0182598065584898
19674,0.03551386296749115,0.03295084461569786
19675,0.029181331396102905,0.020302750170230865
19676,0.021196169778704643,0.03236517682671547
19677,0.03039277158677578,0.032459646463394165
19678,0.03662565350532532,0.033054325729608536
19679,0.027378074824810028,0.02665427140891552
19680,0.055305901914834976,0.050860270857810974
19681,0.0310105849057436,0.02821909822523594
19682,0.05984429642558098,0.05698883906006813
19683,0.08597274869680405,0.06472525745630264
19684,0.06806529313325882,0.06958652287721634
19685,0.07355079799890518,0.057063594460487366
19686,0.05973802134394646,0.052378203719854355
19687,0.06587260961532593,0.054805684834718704
19688,0.0680287554860115,0.05505027621984482
19689,0.041203178465366364,0.02402573451399803
19690,0.036535635590553284,0.03558266907930374
19691,0.04496804252266884,0.03542568162083626
19692,0.019391652196645737,0.014558120630681515
19693,0.033800024539232254,0.03388582915067673
19694,0.05122940242290497,0.06230628117918968
19695,0.0621916837990284,0.0595841109752655
19696,0.057925183326005936,0.053744249045848846
19697,0.0668737068772316,0.059663210064172745
19698,0.05281231179833412,0.04149690270423889
19699,0.04090629890561104,0.03562420606613159
19700,0.06509941071271896,0.06456102430820465
19701,0.054652560502290726,0.04580970108509064
19702,0.04546678066253662,0.038386452943086624
19703,0.06139376759529114,0.05980663746595383
19704,0.062004052102565765,0.052863869816064835
19705,0.055157117545604706,0.03903604671359062
19706,0.04701891541481018,0.04318913817405701
19707,0.04968992620706558,0.04312051087617874
19708,0.04568389430642128,0.044044576585292816
19709,0.03821399062871933,0.027427811175584793
19710,0.044216372072696686,0.05211474373936653
19711,0.05054289102554321,0.05273151397705078
19712,0.05968334525823593,0.04364187642931938
19713,0.07021934539079666,0.062415871769189835
19714,0.04528088495135307,0.03478185087442398
19715,0.026719575747847557,0.022248411551117897
19716,0.04340239241719246,0.03902435675263405
19717,0.06005111709237099,0.051213741302490234
19718,0.03814036771655083,0.030241329222917557
19719,0.030189622193574905,0.018234826624393463
19720,0.022035818547010422,0.027057480067014694
19721,0.034932490438222885,0.02196209877729416
19722,0.04759540036320686,0.032143671065568924
19723,0.024025695398449898,0.0309920571744442
19724,0.04738518223166466,0.040160197764635086
19725,0.057889778167009354,0.045732349157333374
19726,0.0425972156226635,0.03733915090560913
19727,0.037387434393167496,0.045697618275880814
19728,0.07245039194822311,0.058887921273708344
19729,0.06770488619804382,0.04808451980352402
19730,0.03454698622226715,0.02317042089998722
19731,0.057030852884054184,0.03433581069111824
19732,0.05349525809288025,0.04633037745952606
19733,0.05806887149810791,0.05204014107584953
19734,0.05700580030679703,0.06078842654824257
19735,0.045848142355680466,0.041706304997205734
19736,0.046111226081848145,0.03745165467262268
19737,0.05308740958571434,0.0419418066740036
19738,0.036470893770456314,0.04022171348333359
19739,0.053596094250679016,0.05361707881093025
19740,0.04764933884143829,0.053982432931661606
19741,0.06361984461545944,0.047136783599853516
19742,0.029974326491355896,0.02745121717453003
19743,0.03367145359516144,0.020062196999788284
19744,0.04229942709207535,0.033459048718214035
19745,0.048816993832588196,0.03370637819170952
19746,0.04306173697113991,0.02766883186995983
19747,0.05375918000936508,0.0568709671497345
19748,0.053261663764715195,0.036082297563552856
19749,0.046210795640945435,0.044966988265514374
19750,0.05523252859711647,0.052299581468105316
19751,0.06942049413919449,0.04403137043118477
19752,0.03503117710351944,0.03503062203526497
19753,0.05920611694455147,0.04650157690048218
19754,0.027713008224964142,0.02814851514995098
19755,0.039096128195524216,0.04564482718706131
19756,0.05767757073044777,0.046994179487228394
19757,0.03844166919589043,0.03749915212392807
19758,0.06560362130403519,0.0475982166826725
19759,0.0728214830160141,0.06201436370611191
19760,0.07309883832931519,0.06614810973405838
19761,0.07054337859153748,0.055385202169418335
19762,0.05903025344014168,0.04068337008357048
19763,0.042956430464982986,0.024997089058160782
19764,0.04541083052754402,0.03159581497311592
19765,0.053762566298246384,0.04893845319747925
19766,0.050495367497205734,0.04329387843608856
19767,0.04775543883442879,0.04501592367887497
19768,0.05054811015725136,0.05175580084323883
19769,0.060299865901470184,0.05430463328957558
19770,0.05726655572652817,0.06639942526817322
19771,0.061330124735832214,0.06380923837423325
19772,0.056323807686567307,0.04287503659725189
19773,0.044735755771398544,0.04920254647731781
19774,0.05454159528017044,0.0497923381626606
19775,0.03393343836069107,0.01773856207728386
19776,0.008184699341654778,0.0037306970916688442
19777,0.022029083222150803,0.02762916311621666
19778,0.05592451989650726,0.036855775862932205
19779,0.05432892218232155,0.047616954892873764
19780,0.02889390103518963,0.011894052848219872
19781,0.03239462524652481,0.021418094635009766
19782,0.027660459280014038,0.027199357748031616
19783,0.03603968024253845,0.037859685719013214
19784,0.0453617237508297,0.035893380641937256
19785,0.028564751148223877,0.01795535534620285
19786,0.0346958264708519,0.028865963220596313
19787,0.02942618355154991,0.022650521248579025
19788,0.032566044479608536,0.02684594690799713
19789,0.016843173652887344,0.010117598809301853
19790,0.03129642829298973,0.014792595990002155
19791,0.040411509573459625,0.04745572805404663
19792,0.047738224267959595,0.030761828646063805
19793,0.046175722032785416,0.037280112504959106
19794,0.03744634613394737,0.023680206388235092
19795,0.015052602626383305,0.014978799968957901
19796,0.036524783819913864,0.03602467477321625
19797,0.0505695641040802,0.04389352351427078
19798,0.043724752962589264,0.030736003071069717
19799,0.05714249983429909,0.032573796808719635
19800,0.04591615870594978,0.05729246512055397
19801,0.05803486704826355,0.04495343938469887
19802,0.041424710303545,0.03436882048845291
19803,0.03656785935163498,0.029590055346488953
19804,0.0537588857114315,0.03284046798944473
19805,0.02448744885623455,0.016688255593180656
19806,0.0394270084798336,0.03623950853943825
19807,0.040479857474565506,0.047643858939409256
19808,0.05598227679729462,0.0503704734146595
19809,0.05107787624001503,0.052833739668130875
19810,0.05728336423635483,0.046861425042152405
19811,0.038460128009319305,0.03529833257198334
19812,0.030894039198756218,0.02823917381465435
19813,0.030814921483397484,0.024888712912797928
19814,0.02754845842719078,0.024216365069150925
19815,0.047920867800712585,0.04367460682988167
19816,0.053538281470537186,0.048831354826688766
19817,0.058445923030376434,0.04539799690246582
19818,0.06721317023038864,0.05043729394674301
19819,0.04057665541768074,0.03724999353289604
19820,0.06339900195598602,0.060587797313928604
19821,0.04736107960343361,0.036039263010025024
19822,0.05183567479252815,0.050891175866127014
19823,0.06158488616347313,0.06841456145048141
19824,0.07870108634233475,0.072560153901577
19825,0.0885598361492157,0.06478733569383621
19826,0.06657477468252182,0.054584573954343796
19827,0.04555712640285492,0.04203574359416962
19828,0.04195087030529976,0.025455191731452942
19829,0.02708940953016281,0.02435220405459404
19830,0.03416280075907707,0.026902498677372932
19831,0.034308675676584244,0.017001479864120483
19832,0.02899138443171978,0.02202366665005684
19833,0.023286113515496254,0.0014215079136192799
19834,0.009767410345375538,0.008223377168178558
19835,0.030265001580119133,0.034594740718603134
19836,0.03824141249060631,0.033989496529102325
19837,0.049941372126340866,0.034093648195266724
19838,0.041702717542648315,0.04060371220111847
19839,0.03257780522108078,0.037691738456487656
19840,0.03737850859761238,0.030374865978956223
19841,0.029331034049391747,0.028110694140195847
19842,0.05498740077018738,0.048468828201293945
19843,0.05824192985892296,0.05112886428833008
19844,0.05455567315220833,0.0525042824447155
19845,0.055793244391679764,0.04006940498948097
19846,0.04246966168284416,0.04233327880501747
19847,0.03905128315091133,0.0364714041352272
19848,0.044338010251522064,0.02969188615679741
19849,0.048739269375801086,0.05036074295639992
19850,0.056507762521505356,0.04427386075258255
19851,0.04424156993627548,0.038660045713186264
19852,0.0294660534709692,0.02462097816169262
19853,0.03040042705833912,0.024274511262774467
19854,0.042869601398706436,0.031985748559236526
19855,0.04907532408833504,0.04296306520700455
19856,0.05481673777103424,0.04512491077184677
19857,0.049566928297281265,0.03903699293732643
19858,0.03970090299844742,0.04270868003368378
19859,0.06476310640573502,0.050614286214113235
19860,0.06255815178155899,0.04753730818629265
19861,0.048475563526153564,0.05169722065329552
19862,0.06055830419063568,0.04989173263311386
19863,0.0527917854487896,0.033446915447711945
19864,0.029772382229566574,0.03205372765660286
19865,0.0510529950261116,0.03338182717561722
19866,0.049006592482328415,0.053480129688978195
19867,0.05227876454591751,0.047408539801836014
19868,0.06311861425638199,0.05428560823202133
19869,0.06903429329395294,0.05664193257689476
19870,0.04374975338578224,0.025791596621274948
19871,0.05534408986568451,0.03416261076927185
19872,0.025407036766409874,0.023219145834445953
19873,0.042552098631858826,0.031028786674141884
19874,0.0435778871178627,0.019800910726189613
19875,0.025775033980607986,0.011418908834457397
19876,0.05491231754422188,0.038936298340559006
19877,0.030480610206723213,0.02307460457086563
19878,0.03431859239935875,0.031213127076625824
19879,0.029998816549777985,0.03732319548726082
19880,0.04877469688653946,0.03697612136602402
19881,0.04140721634030342,0.04013443365693092
19882,0.03530208021402359,0.03959694504737854
19883,0.04971420019865036,0.04168374091386795
19884,0.03272289037704468,0.027133453637361526
19885,0.012803076766431332,0.005669808946549892
19886,0.04203811660408974,0.03237984701991081
19887,0.04589410126209259,0.037177495658397675
19888,0.05178995057940483,0.0627463087439537
19889,0.07578272372484207,0.07609513401985168
19890,0.06299800425767899,0.05221015214920044
19891,0.0585227832198143,0.04253993555903435
19892,0.03787294030189514,0.02988315373659134
19893,0.032658033072948456,0.02651923894882202
19894,0.036087535321712494,0.023912139236927032
19895,0.04229011386632919,0.038175925612449646
19896,0.03569165989756584,0.034880366176366806
19897,0.03954752907156944,0.037704966962337494
19898,0.049588922411203384,0.04511948302388191
19899,0.041407737880945206,0.0311955064535141
19900,0.025841642171144485,0.017684781923890114
19901,0.031581953167915344,0.02601611614227295
19902,0.0424710251390934,0.03740790858864784
19903,0.05536040663719177,0.048636745661497116
19904,0.07853477448225021,0.07192307710647583
19905,0.0718277245759964,0.08420920372009277
19906,0.09487257152795792,0.0746539756655693
19907,0.06509455293416977,0.046380069106817245
19908,0.04255446419119835,0.04183632880449295
19909,0.058348122984170914,0.06605328619480133
19910,0.06068669259548187,0.0508732795715332
19911,0.05261176452040672,0.0541960708796978
19912,0.05981852114200592,0.04075005650520325
19913,0.0454133041203022,0.05163659527897835
19914,0.07093334197998047,0.07040031254291534
19915,0.07556171715259552,0.06733192503452301
19916,0.08609620481729507,0.07429556548595428
19917,0.07209128886461258,0.06303759664297104
19918,0.06595440208911896,0.05272544175386429
19919,0.07815858721733093,0.06107282266020775
19920,0.028802378103137016,0.01782066561281681
19921,0.035401929169893265,0.016070153564214706
19922,0.042262256145477295,0.049348343163728714
19923,0.06088355556130409,0.05430644005537033
19924,0.05720800161361694,0.04720195755362511
19925,0.05560614913702011,0.03979400545358658
19926,0.03338673338294029,0.03732583299279213
19927,0.04912450164556503,0.03746717795729637
19928,0.053510263562202454,0.04882320761680603
19929,0.0670933648943901,0.04619397595524788
19930,0.05844245105981827,0.045193638652563095
19931,0.04913074150681496,0.05014083534479141
19932,0.0496322400867939,0.04705854132771492
19933,0.044782523065805435,0.03602713719010353
19934,0.032881975173950195,0.030878810212016106
19935,0.031390391290187836,0.026027629151940346
19936,0.06503903865814209,0.05964279919862747
19937,0.03510039672255516,0.040079306811094284
19938,0.05591633543372154,0.05844194069504738
19939,0.06715549528598785,0.06601312756538391
19940,0.07330650091171265,0.06940586119890213
19941,0.07710612565279007,0.06835901737213135
19942,0.05375053733587265,0.04448947682976723
19943,0.057798244059085846,0.058116599917411804
19944,0.05576670542359352,0.05555789917707443
19945,0.06052139028906822,0.05445527657866478
19946,0.043567802757024765,0.041721053421497345
19947,0.044003553688526154,0.038982316851615906
19948,0.03923066705465317,0.033169813454151154
19949,0.05867522209882736,0.06486158072948456
19950,0.08095147460699081,0.05955221876502037
19951,0.06680808216333389,0.060030385851860046
19952,0.07128702849149704,0.0549648143351078
19953,0.05452689528465271,0.052468664944171906
19954,0.0565824918448925,0.049697890877723694
19955,0.04624265804886818,0.04615943133831024
19956,0.05843307450413704,0.044431496411561966
19957,0.06495032459497452,0.04208122566342354
19958,0.06433166563510895,0.05159923806786537
19959,0.060456447303295135,0.03864198178052902
19960,0.03480643779039383,0.02974269539117813
19961,0.03788341209292412,0.02840341627597809
19962,0.03138686716556549,0.02458949387073517
19963,0.027276502922177315,0.0055566029623150826
19964,0.01740475930273533,0.022432049736380577
19965,0.028467616066336632,0.020174654200673103
19966,0.028882691636681557,0.017237501218914986
19967,0.035964515060186386,0.027634480968117714
19968,0.032211869955062866,0.016830846667289734
19969,0.02856173738837242,0.02544698305428028
19970,0.04948392137885094,0.037250787019729614
19971,0.03189330920577049,0.022376032546162605
19972,0.027687883004546165,0.02781921997666359
19973,0.02206260897219181,0.013325350359082222
19974,0.025013070553541183,0.02992059290409088
19975,0.03364405781030655,0.031565308570861816
19976,0.03980591520667076,0.04258401691913605
19977,0.041772935539484024,0.02510807290673256
19978,0.027711380273103714,0.017738115042448044
19979,0.02864180877804756,0.027387693524360657
19980,0.04757197946310043,0.041520748287439346
19981,0.06022864580154419,0.05668254569172859
19982,0.05827037990093231,0.05671548843383789
19983,0.06678637862205505,0.0661909207701683
19984,0.06650478392839432,0.057422444224357605
19985,0.05705709010362625,0.047680310904979706
19986,0.07143668830394745,0.05460734665393829
19987,0.04408181458711624,0.04386983811855316
19988,0.04978550225496292,0.03376122936606407
19989,0.04019057750701904,0.03442830592393875
19990,0.04124309867620468,0.032764215022325516
19991,0.042005013674497604,0.01839068904519081
19992,0.029486844316124916,0.027803460136055946
19993,0.045161835849285126,0.03942174091935158
19994,0.03542814031243324,0.039554476737976074
19995,0.0699818953871727,0.07510364800691605
19996,0.058733172714710236,0.04354275390505791
19997,0.05098036676645279,0.04506254568696022
19998,0.05064329504966736,0.03267976641654968
19999,0.03873073309659958,0.03505781665444374
